id	cisi	site	type	line	pos	text_with_gap
53.1	Ch-1	Chandigarh	POT:T:g	0	3	705 550 740 ??? 220
115.1	C-33	Chanhu-daro	MISC	1	1	740 ??? 220
121.2	C-40	Chanhu-daro	IMPL	0	6	66 900 31 235 240 835 ??? 740
126.1	-	Dholavira	SEAL:S	1	2	13 742 ??? 760 740
147.1	-	Failaka	SEAL:C	0	1	90 ??? 817 317
183.1	-	Harappa	POT:T:g	0	1	160 ??? 415
208.1	-	Harappa	TAB:I	0	1	892 ??? 740
213.1	H-1369	Harappa	POT:T:g	0	1	33 ??? 34
223.1	H-1042	Harappa	SEAL:S	0	3	817 2 220 ??? 923 740
228.2	-	Harappa	TAB:I	0	1	32 ??? 31 700
289.1	-	Harappa	POT:T:g	0	1	828 ??? 740
290.2	H-1112	Harappa	TAB:B	0	1	255 ??? 520
497.2	H-1836	Harappa	TAB:B	0	2	809 809 ??? 740 400
512.1	H-1816	Harappa	TAB:B	0	3	413 575 335 ??? 33 740
588.1	-	Harappa	SEAL:R	0	1	470 ??? 158
595.1	H-1892	Harappa	TAB:B	0	1	700 ??? 220
600.1	H-2005	Harappa	TAB:B	0	1	861 ??? 175 752 740
697.1	H-2000	Harappa	TAB:B	0	1	91 ??? 32 700
708.1	H-2268	Harappa	POT:T:g	0	1	34 ??? 495 740
744.2	H-1993	Harappa	TAB:B	0	5	95 390 2 4 220 ??? 740
755.2	H-1947	Harappa	TAB:B	0	1	31 ??? 740
824.2	H-1775	Harappa	TAB:B	0	2	33 700 ??? 220
1088.1	H-28	Harappa	SEAL:S	0	2	634 705 ??? 595
1271.1	H-246	Harappa	TAB:B	0	2	240 233 ??? 804 400
1313.1	H-291	Harappa	TAB:I	0	1	235 ??? 927 740 400
1316.1	-	Dholavira	SEAL:S	0	1	820 ??? 175 235 320 920 520
1433.1	H-443	Harappa	SEAL:S	0	1	223 ??? 368
1767.2	H-884	Harappa	TAB:I	0	1	32 ??? 585
1806.1	H-926	Harappa	TAB:I	0	1	220 ??? 840 740 400
1851.1	H-974	Harappa	TAB:I	0	1	892 ??? 740
1905.1	K-31	Kalibangan	SEAL:S	0	1	350 ??? 740
1943.1	K-88	Kalibangan	TAG:L	0	3	861 2 460 ??? 740
1972.1	Kd-7	Kot-Diji	POT:T:g	0	5	3 111 1 850 741 ??? 220 31
2033.1	L-78 	Lothal	SEAL:R	0	1	503 ??? 740 90
2049.1	L-95	Lothal	SEAL:R	0	3	880 2 175 ??? 740
2050.1	L-96	Lothal	SEAL:R	0	1	692 ??? 400
2157.1	M-2064	Mohenjo-daro	POT:T:g	0	2	31 142 ??? 1 390
2171.1	-	Mohenjo-daro	BNGL	0	1	2 ??? 511 130 920
2198.1	M-1895	Mohenjo-daro	SEAL:S	0	2	285 2 ??? 923 740
2202.1	M-2005	Mohenjo-daro	POT:T:g	0	1	31 ??? 2 33 808
2315.1	M-1783	Mohenjo-daro	SEAL:S	0	1	215 ??? 2 3 425
2376.1	M-1842	Mohenjo-daro	SEAL:S	0	3	861 2 235 ??? 520
2400.1	M-1713	Mohenjo-daro	SEAL:S	0	2	31 220 ??? 817
2497.1	M-1679	Mohenjo-daro	SEAL:S	0	4	353 460 741 705 ??? 585 176 740
2589.1	M-61	Mohenjo-daro	SEAL:S	0	5	689 615 455 220 231 ??? 740
2590.1	M-62	Mohenjo-daro	SEAL:S	0	1	551 ??? 550 741 32 226
2692.1	M-167	Mohenjo-daro	SEAL:S	0	2	780 368 ??? 156
2693.1	M-168	Mohenjo-daro	SEAL:S	0	2	920 60 ??? 705 277 31
2961.1	M-477	Mohenjo-daro	TAB:B	0	1	706 ??? 400
3085.1	M-636	Mohenjo-daro	SEAL:S	0	1	216 ??? 2 32 220 235 555 527
3090.1	M-646	Mohenjo-daro	SEAL:S	0	2	817 2 ??? 440 760 740
3175.1	M-752	Mohenjo-daro	SEAL:S	0	1	404 ??? 550 527
3247.1	M-835	Mohenjo-daro	SEAL:S	0	2	817 2 ??? 171 35 740 90
3307.1	M-902	Mohenjo-daro	SEAL:S	0	1	90 ??? 2 798 740
3391.1	M-999	Mohenjo-daro	SEAL:S	0	1	32 ??? 232
3464.1	M-1090	Mohenjo-daro	SEAL:S	0	2	741 130 ??? 235 220 520
3563.1	M-1231	Mohenjo-daro	SEAL:S	0	1	240 ??? 740
3637.1	M-1332	Mohenjo-daro	SEAL:R	0	1	140 ??? 32 400
3689.2	M-1397	Mohenjo-daro	TAB:B	0	1	360 ??? 705 167
3691.1	M-1400	Mohenjo-daro	TAB:B	0	3	2 368 740 ??? 871
3802.1	M-1578	Mohenjo-daro	POT:T:g	0	1	104 ??? 740
3840.1	M-1650	Mohenjo-daro	ROD	0	1	550 ??? 33 32 760 740 400
3888.1	-	Unknown	SEAL:CY	0	2	32 132 ??? 55 90
3920.1	H-1035	Harappa	SEAL:S	0	1	632 ??? 435 400
4006.1	M-1959	Mohenjo-daro	SEAL:R	0	2	820 2 ??? 100 740
4024.1	M-2045	Mohenjo-daro	TAB:C	0	1	503 ??? 752 740
4034.1	M-2087	Mohenjo-daro	ROD	0	5	861 2 904 740 32 ??? 820
4042.1	M-2109	Mohenjo-daro	ROD	0	2	415 220 ??? 400
4044.1	M-2111	Mohenjo-daro	ROD	0	2	415 220 ??? 400
4078.1	H-1305	Harappa	TAB:I	0	1	705 ??? 400
4148.1	-	Rakhigarhi	SEAL:S	0	1	33 ??? 267 2 255 435 690 740
4156.1	-	Dholavira	TAG	0	2	820 2 ??? 520
4205.1	-	Dholavira	SEAL:S	0	1	742 ??? 740 740
4216.1	-	Dholavira	SEAL:S	0	1	235 ??? 520
4219.1	-	Dholavira	SEAL:S	0	1	900 ??? 820 32
4314.1	-	Dholavira	TAG	0	2	820 2 ??? 520
5191.1	M-654	Mohenjo-daro	SEAL:S	0	2	31 91 ??? 368
5222.1	-	Girsu	SEAL:C	0	3	255 13 744 ??? 740
5468.1	-	Rakhigarhi	SEAL:CY	0	2	688 317 ??? 2 361
