# Kak 1988, A frequency analysis of the Indus script (Cryptologia 12(3), 129-143)
# Table 4 'Tentative identification of the Indus characters', with Brahmi values, p. 136; text p. 137.
# language: sa. Kak draws the signs; only the seven drawings that match one ICIT glyph without doubt are keyed
# (matched against render_glyphs.py sheets). Left out as ambiguous: u (L), o, ga (triangle: 500/480/503),
# ca (bow-tie: 530/550/455), ja (comb pair: 415/416), da, na (inverted T), ba (square), ma, ya (trident: 390/405/407),
# sa's twin sha (plain arrow; the text gives the arrow to ai).
# sign	value	gloss
315	a	H-shaped sign = Brahmi a
520	ai	'arrow with the triangle head' = ai (p. 137)
90	ta	'man' sign = t (p. 137)
700	pa	U = Brahmi pa (p. 137)
900	ra	bracket = Brahmi ra
590	va	box on a stand = Brahmi va
740	sa	jar = sa, the genitive -sya
