# Values fixed by aligning further coded passages of JQA despatches of Oct 1811 - Mar 1812 (Nos. 71, 72, 74, 75, 81;
# codes_ford1812b.txt) with the plaintext Ford printed (Writings of JQA vol. 4). Generated from align.py output by
# a script (known value confirmed = C; new value between confirmed neighbours = C; split judgement, table conflict or
# uncertain digit = M). Drops (struck, blotted or unread groups) and GAP are not listed. See ford1812b_notes.md.
# number<TAB>value<TAB>frame+block (Ford page; note)<TAB>grade
199	how	0168Ll1 (Ford 4:270)	C
888	long	0168Ll1 (Ford 4:270)	C
1399	this	0168Ll1 (Ford 4:270)	C
1101	is	0168Ll1 (Ford 4:270; table p)	M
948	rus	0168Ll1 (Ford 4:270)	C
668	and	0168Ll1 (Ford 4:270)	C
869	austria	0168Ll1 (Ford 4:270)	C
1186	will	0168Ll1 (Ford 4:270)	C
1310	be	0168Ll1 (Ford 4:270)	C
888	suf	0168Ll1 (Ford 4:270; table long/russia; digit uncertain)	M
327	fer	0168Ll1 (Ford 4:270)	C
569	to	0168Ll2 (Ford 4:270)	C
743	rem	0168Ll2 (Ford 4:270)	C
1531	ain	0168Ll2 (Ford 4:270; mark ^)	C
1551	o	0168Ll2 (Ford 4:270)	C
1124	pen	0168Ll2 (Ford 4:270; table perhaps)	M
1436	is	0168Ll2 (Ford 4:270)	C
300	extreme	0168Ll2 (Ford 4:270)	C
897	ly	0168Ll2 (Ford 4:270)	C
1384	that	0168Ll2 (Ford 4:270)	C
1385	the	0168Ll2 (Ford 4:270)	C
1291	english	0168Ll2 (Ford 4:270)	C
1259	have	0168Ll2 (Ford 4:270)	C
560	ti	0168Ll3 (Ford 4:270)	C
1128	cipa	0168Ll3 (Ford 4:270; not in table)	M
1373	ted	0168Ll3 (Ford 4:270)	C
569	to	0168Ll3 (Ford 4:270)	C
1501	a	0168Ll3 (Ford 4:270)	C
118	consider	0168Ll3 (Ford 4:270)	C
1503	able	0168Ll3 (Ford 4:270; digit uncertain)	M
298	ex	0168Ll3 (Ford 4:270; not in table)	C
1293	tent	0168Ll3 (Ford 4:270)	C
1426	in	0168Ll3 (Ford 4:270)	C
1399	this	0168Ll3 (Ford 4:270)	C
71	commerce	0168Ll3 (Ford 4:270)	C
152	ismore	0168Ll3 (Ford 4:270; not in table)	C
1383	than	0168Ll3 (Ford 4:270)	C
1503	able	0168Ll4 (Ford 4:270)	C
1426	in	0168Ll4 (Ford 4:270)	C
615	many	0168Ll4 (Ford 4:270)	C
1002	case	0168Ll4 (Ford 4:270)	C
1398	sthey	0168Ll4 (Ford 4:270; table thither)	M
1259	have	0168Ll4 (Ford 4:270)	C
605	made	0168Ll4 (Ford 4:270)	C
1501	a	0168Ll4 (Ford 4:270)	C
492	use	0168Ll4 (Ford 4:270)	C
1576	of	0168Ll4 (Ford 4:270)	C
961	ight	0168Ll5 (Ford 4:270; not in table)	M
1429	ing	0168Ll5 (Ford 4:270)	C
458	ve	0168Ll5 (Ford 4:270)	C
1080	ssel	0168Ll5 (Ford 4:270; mark ^)	C
525	sen	0168Ll5 (Ford 4:270; table ef)	M
560	ti	0168Ll5 (Ford 4:270)	C
558	tled	0168Ll5 (Ford 4:270; not in table; mark +)	C
569	to	0168Ll5 (Ford 4:270)	C
1440	it	0168Ll5 (Ford 4:270)	C
132	besi	0168Ll5 (Ford 4:270; not in table; digit uncertain)	M
1385	the	0168Ll6 (Ford 4:270)	C
981	for	0168Ll6 (Ford 4:270)	C
1205	ge	0168Ll6 (Ford 4:270)	C
949	ries	0168Ll6 (Ford 4:270; table ry)	M
1384	that	0168Ll6 (Ford 4:270)	C
1257	have	0168Ll6 (Ford 4:270; not in table)	C
1317	been	0168Ll6 (Ford 4:270)	C
831	de	0168Ll6 (Ford 4:270; not in table; digit uncertain)	M
518	tect	0168Ll6 (Ford 4:270; table rect; digit uncertain)	M
520	ed	0168Ll6 (Ford 4:270; digit uncertain)	M
170	here	0168Ll6 (Ford 4:270; table heard/heardpart; digit uncertain)	M
1394	there	0168Ll6 (Ford 4:270; table think; digit uncertain)	M
624	may	0168Ll6 (Ford 4:270)	C
1259	have	0168Ll6 (Ford 4:270)	C
1317	been	0168Ll6 (Ford 4:270; digit uncertain)	M
250	some	0168Ll7 (Ford 4:270)	C
699	at	0168Ll7 (Ford 4:270)	C
1172	what	0168Ll7 (Ford 4:270)	C
684	are	0168Ll7 (Ford 4:270)	C
7003	ca	0168Ll7 (Ford 4:270; not in table; digit uncertain)	M
591	lled	0168Ll7 (Ford 4:270; not in table)	M
1385	the	0168Ll7 (Ford 4:270)	C
938	out	0168Ll7 (Ford 4:270)	C
1153	ports	0168Ll7 (Ford 4:270)	C
1176	which	0168Ll7 (Ford 4:270)	C
1259	have	0168Ll7 (Ford 4:270)	C
1317	been	0168Ll7 (Ford 4:270)	C
157	more	0168Ll7 (Ford 4:270; table pos)	M
385	suc	0168Ll7 (Ford 4:270)	C
1022	ces	0168Ll7 (Ford 4:270; mark +)	C
1426	in	0168Ll8 (Ford 4:270)	C
271	es	0168Ll8 (Ford 4:270)	C
1009	cap	0168Ll8 (Ford 4:270; not in table)	C
1429	ing	0168Ll8 (Ford 4:270)	C
846	disc	0168Ll8 (Ford 4:270)	C
728	ove	0168Ll8 (Ford 4:270; table ation/operation)	M
949	ry	0168Ll8 (Ford 4:270)	C
1385	the	0168Ll8 (Ford 4:270)	C
1501	a	0168Ll8 (Ford 4:270)	C
1344	bo	0168Ll8 (Ford 4:270)	C
880	li	0168Ll8 (Ford 4:270)	C
565	tion	0168Ll8 (Ford 4:270)	C
1576	of	0168Ll8 (Ford 4:270)	C
138	theh	0168Ll8 (Ford 4:270; not in table; digit uncertain)	M
1248	burg	0168Ll9 (Ford 4:270; not in table)	M
894	lu	0168Ll9 (Ford 4:270)	C
1310	be	0168Ll9 (Ford 4:270)	C
1032	ck	0168Ll9 (Ford 4:270)	C
686	bremen	0168Ll9 (Ford 4:270; table arm)	M
1102	pa	0168Ll9 (Ford 4:270)	C
1121	pen	0168Ll9 (Ford 4:270)	C
786	burg	0168Ll9 (Ford 4:270)	C
668	and	0168Ll9 (Ford 4:270)	C
1589	ol	0168Ll9 (Ford 4:270; not in table)	C
823	den	0168Ll9 (Ford 4:270)	C
786	burg	0168Ll9 (Ford 4:270)	C
961	flag	0168Ll9 (Ford 4:270; not in table; mark ^)	M
1254	has	0168Ll10 (Ford 4:270)	C
162	much	0168Ll10 (Ford 4:270)	C
1385	the	0168Ll10 (Ford 4:270)	C
421	necessi	0168Ll10 (Ford 4:270; table it)	M
653	ty	0168Ll10 (Ford 4:270)	C
480	under	0168Ll10 (Ford 4:270)	C
1176	which	0168Ll10 (Ford 4:270)	C
1576	of	0168Ll11 (Ford 4:270)	C
931	re	0168Ll11 (Ford 4:270)	C
253	sort	0168Ll11 (Ford 4:270)	C
1429	ing	0168Ll11 (Ford 4:270)	C
569	to	0168Ll11 (Ford 4:270)	C
1384	that	0168Ll11 (Ford 4:270)	C
1576	of	0168Ll11 (Ford 4:270)	C
1385	the	0168Ll11 (Ford 4:270)	C
49	unitedstates	0168Ll11 (Ford 4:270)	C
569	to	0168Ll11 (Ford 4:270)	C
1013	carry	0168Ll11 (Ford 4:270)	C
1386	their	0168Ll11 (Ford 4:270)	C
639	mer	0168Ll11 (Ford 4:270)	C
833	di	0168Ll12 (Ford 4:270)	C
231	se	0168Ll12 (Ford 4:270; table put)	M
668	and	0168Ll12 (Ford 4:270)	C
1385	the	0168Ll12 (Ford 4:270)	C
385	suc	0168Ll12 (Ford 4:270)	C
1022	cess	0168Ll12 (Ford 4:270; mark +)	C
1576	of	0168Ll12 (Ford 4:270)	C
1385	the	0168Ll12 (Ford 4:270)	C
210	present	0168Ll12 (Ford 4:270)	C
656	yearwill	0168Ll12 (Ford 4:270; not in table)	C
1021	cer	0168Ll12 (Ford 4:270)	C
1364	tain	0168Ll12 (Ford 4:270)	C
897	ly	0168Ll12 (Ford 4:270)	C
545	en	0168Ll13 (Ford 4:270)	C
1456	large	0168Ll13 (Ford 4:270)	C
1385	the	0168Ll13 (Ford 4:270)	C
488	upon	0168Ll13 (Ford 4:270)	C
1176	which	0168Ll13 (Ford 4:270)	C
1385	the	0168Ll13 (Ford 4:270)	C
789	business	0168Ll13 (Ford 4:270; table ry)	M
1186	will	0168Ll13 (Ford 4:270)	C
1310	be	0168Ll13 (Ford 4:270)	C
297	done	0168Ll13 (Ford 4:270; table ex)	M
1385	the	0168Ll13 (Ford 4:270)	C
1453	la	0168Ll14 (Ford 4:270)	C
416	nd	0168Ll14 (Ford 4:270)	C
1112	pas	0168Ll14 (Ford 4:270)	C
1068	sa	0168Ll14 (Ford 4:270)	C
1205	ges	0168Ll14 (Ford 4:270; mark ^)	C
569	to	0168Ll14 (Ford 4:270; digit uncertain)	M
869	austria	0168Ll14 (Ford 4:270)	C
668	and	0168Ll14 (Ford 4:270)	C
1101	p	0168Ll14 (Ford 4:270)	C
948	rus	0168Ll14 (Ford 4:270)	C
743	rem	0168Ll14 (Ford 4:270)	C
1531	ain	0168Ll14 (Ford 4:270)	C
1551	o	0168Ll14 (Ford 4:270)	C
791	but	0168Ll15 (Ford 4:270; not in table)	M
1399	this	0168Ll15 (Ford 4:270)	C
436	new	0168Ll15 (Ford 4:270)	C
577	traf	0168Ll15 (Ford 4:270; mark +)	C
333	fic	0168Ll15 (Ford 4:270)	C
1254	has	0168Ll15 (Ford 4:270)	C
1535	al	0168Ll15 (Ford 4:270)	C
733	ready	0168Ll15 (Ford 4:270)	C
289	ex	0168Ll15 (Ford 4:270)	C
1028	ci	0168Ll15 (Ford 4:270)	C
699	at	0168Ll16 (Ford 4:270)	C
1378	tention	0168Ll16 (Ford 4:270; table tentions)	M
668	and	0168Ll16 (Ford 4:270)	C
1576	of	0168Ll16 (Ford 4:270)	C
992	france	0168Ll16 (Ford 4:270)	C
995	french	0168Ll16 (Ford 4:270)	C
1042	com	0168Ll16 (Ford 4:270)	C
136	mission	0168Ll16 (Ford 4:270)	C
269	ers	0168Ll16 (Ford 4:270; not in table)	C
1259	have	0168Ll16 (Ford 4:270)	C
1535	al	0168Ll16 (Ford 4:270)	C
1317	been	0168Ll17 (Ford 4:270)	C
22	station	0168Ll17 (Ford 4:270; not in table)	C
520	ed	0168Ll17 (Ford 4:270)	C
699	at	0168Ll17 (Ford 4:270)	C
1385	the	0168Ll17 (Ford 4:270)	C
998	fron	0168Ll17 (Ford 4:270)	C
1414	tier	0168Ll17 (Ford 4:270; table ers/frontiers)	M
1331	between	0168Ll17 (Ford 4:270)	C
569	polang	0168Ll17 (Ford 4:270; table to)	M
545	en	0168Ll17 (Ford 4:270)	C
668	and	0168Ll17 (Ford 4:270)	C
634	mem	0168Ll17 (Ford 4:270)	C
53	elwhoinspect	0168Ll17 (Ford 4:270; not in table; digit uncertain)	M
1179	who	0168Rb1 (Ford 4:270-271)	C
1426	in	0168Rb1 (Ford 4:270-271)	C
6	spect	0168Rb1 (Ford 4:270-271; not in table)	M
1365	take	0168Rb1 (Ford 4:270-271)	C
649	min	0168Rb1 (Ford 4:270-271)	C
494	utes	0168Rb1 (Ford 4:270-271; not in table; mark ^)	C
1576	of	0168Rb1 (Ford 4:270-271)	C
284	ever	0168Rb1 (Ford 4:270-271)	C
1102	pa	0168Rb1 (Ford 4:270-271)	C
1032	ck	0168Rb1 (Ford 4:270-271)	C
1524	age	0168Rb1 (Ford 4:270-271)	C
1384	that	0168Rb1 (Ford 4:270-271)	C
1112	pass	0168Rb1 (Ford 4:270-271; mark +)	C
271	es	0168Rb1 (Ford 4:270-271)	C
668	and	0168Rb1 (Ford 4:270-271)	C
731	re	0168Rb1 (Ford 4:270-271)	C
1153	port	0168Rb1 (Ford 4:270-271; table ports)	M
1387	them	0168Rb1 (Ford 4:270-271)	C
569	to	0168Rb1 (Ford 4:270-271)	C
1385	the	0168Rb1 (Ford 4:270-271)	C
995	french	0168Rb1 (Ford 4:270-271)	C
1229	govern	0168Rb1 (Ford 4:270-271)	C
637	ment	0168Rb1 (Ford 4:270-271)	C
699	at	0168Rb1 (Ford 4:270-271)	C
1109	paris	0168Rb1 (Ford 4:270-271)	C
1385	the	0168Rb1 (Ford 4:270-271)	C
463	vi	0168Rb1 (Ford 4:270-271; table ver)	M
1216	gi	0168Rb1 (Ford 4:270-271)	C
1456	lan	0168Rb1 (Ford 4:270-271; table large)	M
1016	ce	0168Rb1 (Ford 4:270-271)	C
1576	of	0168Rb1 (Ford 4:270-271)	C
1385	the	0168Rb1 (Ford 4:270-271)	C
995	french	0168Rb1 (Ford 4:270-271)	C
120	consul	0168Rb1 (Ford 4:270-271)	C
178	here	0168Rb1 (Ford 4:270-271)	C
668	and	0168Rb1 (Ford 4:270-271)	C
282	even	0168Rb1 (Ford 4:270-271)	C
1576	of	0168Rb1 (Ford 4:270-271)	C
1385	the	0168Rb1 (Ford 4:270-271)	C
1544	am	0168Rb1 (Ford 4:270-271)	C
1807	bass	0168Rb1 (Ford 4:270-271; not in table; digit uncertain)	M
1513	ad	0168Rb1 (Ford 4:270-271)	C
908	or	0168Rb1 (Ford 4:270-271)	C
1254	has	0168Rb1 (Ford 4:270-271)	C
1317	been	0168Rb1 (Ford 4:270-271)	C
380	sti	0168Rb1 (Ford 4:270-271)	C
161	mu	0168Rb1 (Ford 4:270-271)	C
1453	la	0168Rb1 (Ford 4:270-271)	C
1393	ted	0168Rb1 (Ford 4:270-271; table they)	M
792	by	0168Rb1 (Ford 4:270-271)	C
486	new	0168Rb1 (Ford 4:270-271; not in table)	C
668	and	0168Rb1 (Ford 4:270-271)	C
269	speci	0168Rb1 (Ford 4:270-271; not in table)	C
1535	al	0168Rb1 (Ford 4:270-271)	C
911	orders	0168Rb1 (Ford 4:270-271; mark ^)	C
569	to	0168Rb1 (Ford 4:270-271)	C
781	re	0168Rb1 (Ford 4:270-271)	C
1153	portto	0168Rb1 (Ford 4:270-271; table ports)	M
1535	all	0168Rb1 (Ford 4:270-271; mark +)	C
1385	the	0168Rb1 (Ford 4:270-271)	C
458	ve	0168Rb1 (Ford 4:270-271)	C
1080	ssels	0168Rb1 (Ford 4:270-271; mark ^)	C
1176	which	0168Rb1 (Ford 4:270-271)	C
680	ar	0168Rb1 (Ford 4:270-271)	C
1480	rive	0168Rb1 (Ford 4:270-271; table prive)	M
668	and	0168Rb1 (Ford 4:270-271)	C
1068	sa	0168Rb1 (Ford 4:270-271)	C
1421	il	0168Rb1 (Ford 4:270-271; table ill)	M
1385	the	0168Rb1 (Ford 4:270-271)	C
201	particulars	0168Rb1 (Ford 4:270-271; mark ^)	C
1576	of	0168Rb1 (Ford 4:270-271)	C
1386	their	0168Rb1 (Ford 4:270-271)	C
1220	cargo	0168Rb1 (Ford 4:270-271; not in table)	M
271	es	0168Rb1 (Ford 4:270-271)	C
1385	the	0168Rb1 (Ford 4:270-271)	C
668	and	0168Rb1 (Ford 4:270-271)	C
1044	con	0168Rb1 (Ford 4:270-271)	C
346	fis	0168Rb1 (Ford 4:270-271; not in table)	C
1002	ca	0168Rb1 (Ford 4:270-271)	C
565	tions	0168Rb1 (Ford 4:270-271; mark ^)	C
668	and	0168Rb1 (Ford 4:270-271)	C
1426	in	0168Rb1 (Ford 4:270-271)	C
1097	sho	0168Rb1 (Ford 4:270-271)	C
1498	rt	0168Rb1 (Ford 4:270-271)	C
1585	all	0168Rb1 (Ford 4:270-271; table alex; mark +)	M
1385	the	0168Rb1 (Ford 4:270-271)	C
1576	of	0168Rb1 (Ford 4:270-271)	C
1385	the	0168Rb1 (Ford 4:270-271)	C
1065	cus	0168Rb1 (Ford 4:270-271)	C
186	tomho	0168Rb1 (Ford 4:270-271; table hop)	M
492	use	0168Rb1 (Ford 4:270-271)	C
208	pre	0168Rb1 (Ford 4:270-271)	C
1108	para	0168Rb1 (Ford 4:270-271)	C
864	tions	0168Rb1 (Ford 4:270-271; mark ^)	C
684	are	0168Rb1 (Ford 4:270-271)	C
1535	al	0168Rb1 (Ford 4:270-271)	C
783	ready	0168Rb1 (Ford 4:270-271; not in table)	C
602	ma	0168Rb1 (Ford 4:270-271)	C
1451	king	0168Rb1 (Ford 4:270-271; table kn)	M
981	for	0168Rb1 (Ford 4:270-271)	C
218	private	0168Rb1 (Ford 4:270-271; not in table)	C
1300	er	0168Rb1 (Ford 4:270-271)	C
1429	ing	0168Rb1 (Ford 4:270-271)	C
1535	al	0168Rb1 (Ford 4:270-271)	C
1598	ong	0168Rb1 (Ford 4:270-271; not in table)	C
1385	the	0168Rb1 (Ford 4:270-271)	C
1180	whole	0168Rb1 (Ford 4:270-271)	C
880	li	0168Rb1 (Ford 4:270-271)	C
417	ne	0168Rb1 (Ford 4:270-271)	C
1576	of	0168Rb1 (Ford 4:270-271)	C
1385	the	0168Rb1 (Ford 4:270-271)	C
1305	bal	0168Rb1 (Ford 4:270-271)	C
560	ti	0168Rb1 (Ford 4:270-271)	C
1001	c	0168Rb1 (Ford 4:270-271)	C
1039	coast	0168Rb1 (Ford 4:270-271; not in table)	C
999	from	0168Rb1 (Ford 4:270-271)	C
187	ho	0168Rb1 (Ford 4:270-271; not in table)	M
378	lste	0168Rb1 (Ford 4:270-271; not in table)	M
1426	in	0168Rb1 (Ford 4:270-271)	C
569	to	0168Rb1 (Ford 4:270-271)	C
806	dan	0168Rb1 (Ford 4:270-271; not in table)	C
1361	t	0168Rb1 (Ford 4:270-271)	C
1418	ig	0168Rb1 (Ford 4:270-271)	C
668	and	0168Rb1 (Ford 4:270-271)	C
1164	we	0168Rb1 (Ford 4:270-271)	C
1259	have	0168Rb1 (Ford 4:270-271)	C
1535	al	0168Rb1 (Ford 4:270-271)	C
733	ready	0168Rb1 (Ford 4:270-271)	C
1385	the	0168Rb1 (Ford 4:270-271)	C
1384	that	0168Rb1 (Ford 4:270-271)	C
1385	the	0168Rb1 (Ford 4:270-271)	C
1186	will	0168Rb1 (Ford 4:270-271)	C
1310	be	0168Rb1 (Ford 4:270-271)	C
1049	count	0168Rb1 (Ford 4:270-271)	C
546	en	0168Rb1 (Ford 4:270-271; table ence)	M
1549	an	0168Rb1 (Ford 4:270-271)	C
1017	ced	0168Rb1 (Ford 4:270-271)	C
1426	in	0168Rb1 (Ford 4:270-271)	C
1385	the	0168Rb1 (Ford 4:270-271)	C
1426	in	0168Rb1 (Ford 4:270-271)	C
846	disc	0168Rb1 (Ford 4:270-271)	C
1474	rim	0168Rb1 (Ford 4:270-271; table her)	M
1426	in	0168Rb1 (Ford 4:270-271)	C
700	ate	0168Rb1 (Ford 4:270-271)	C
1009	cap	0168Rb1 (Ford 4:270-271; not in table)	C
763	tu	0168Rb1 (Ford 4:270-271)	C
781	re	0168Rb1 (Ford 4:270-271)	C
1576	of	0168Rb1 (Ford 4:270-271)	C
284	ever	0168Rb1 (Ford 4:270-271)	C
887	lo	0168Rb1 (Ford 4:270-271)	C
1513	ad	0168Rb1 (Ford 4:270-271)	C
520	ed	0168Rb1 (Ford 4:270-271)	C
91	merchant	0168Rb1 (Ford 4:270-271; table should; digit uncertain)	M
458	ve	0168Rb1 (Ford 4:270-271)	C
1080	ssel	0168Rb1 (Ford 4:270-271)	C
1042	com	0168Rb1 (Ford 4:270-271)	C
1429	ing	0168Rb1 (Ford 4:270-271)	C
908	or	0168Rb1 (Ford 4:270-271)	C
1225	go	0168Rb1 (Ford 4:270-271)	C
1429	ing	0168Rb1 (Ford 4:270-271)	C
1535	al	0168Rb1 (Ford 4:270-271)	C
1399	this	0168Rb1 (Ford 4:270-271)	C
4	however	0168Rb1 (Ford 4:270-271)	C
1186	will	0168Rb1 (Ford 4:270-271)	C
1529	avail	0168Rb1 (Ford 4:270-271; table an)	M
790	but	0168Rb1 (Ford 4:270-271)	C
884	little	0168Rb1 (Ford 4:270-271)	C
1416	if	0168Rb1 (Ford 4:270-271)	C
1385	the	0168Rb1 (Ford 4:270-271)	C
1118	peace	0168Rb1 (Ford 4:270-271)	C
1331	between	0168Rb1 (Ford 4:270-271)	C
1385	the	0168Rb1 (Ford 4:270-271)	C
49	unitedstates	0168Rb1 (Ford 4:270-271)	C
668	and	0168Rb1 (Ford 4:270-271)	C
1290	england	0168Rb1 (Ford 4:270-271)	C
1436	is	0168Rb1 (Ford 4:270-271)	C
209	pres	0168Rb1 (Ford 4:270-271)	C
1300	er	0168Rb1 (Ford 4:270-271)	C
459	ved	0168Rb1 (Ford 4:270-271)	C
668	and	0168Rb1 (Ford 4:270-271)	C
1385	the	0168Rb1 (Ford 4:270-271)	C
1453	la	0168Rb1 (Ford 4:270-271)	C
416	nd	0168Rb1 (Ford 4:270-271)	C
1112	pass	0168Rb1 (Ford 4:270-271; mark +)	C
1524	ages	0168Rb1 (Ford 4:270-271; mark ^)	C
999	from	0168Rb1 (Ford 4:270-271)	C
569	polang	0168Rb1 (Ford 4:270-271; table to)	M
545	en	0168Rb1 (Ford 4:270-271)	C
569	to	0168Rb1 (Ford 4:270-271)	C
634	mem	0168Rb1 (Ford 4:270-271)	C
534	el	0168Rb1 (Ford 4:270-271)	C
668	and	0168Rb1 (Ford 4:270-271)	C
999	from	0168Rb1 (Ford 4:270-271)	C
569	to	0168Rb1 (Ford 4:270-271)	C
778	br	0168Rb1 (Ford 4:270-271; not in table)	M
1289	ody	0168Rb1 (Ford 4:270-271; not in table)	M
743	rem	0168Rb1 (Ford 4:270-271)	C
1031	ain	0168Rb1 (Ford 4:270-271; table cit)	M
1551	o	0168Rb1 (Ford 4:270-271)	C
1121	pen	0168Rb1 (Ford 4:270-271)	C
1440	it	0168Rb1 (Ford 4:270-271)	C
1486	is	0168Rb1 (Ford 4:270-271; table ro)	M
569	to	0168Rb1 (Ford 4:270-271)	C
1310	be	0168Rb1 (Ford 4:270-271)	C
295	ex	0168Rb1 (Ford 4:270-271)	C
518	pected	0168Rb1 (Ford 4:270-271; table rect)	M
94	therefore	0168Rb1 (Ford 4:270-271)	C
1384	that	0168Rb1 (Ford 4:270-271)	C
1549	an	0168Rb1 (Ford 4:270-271)	C
525	ef	0168Rb1 (Ford 4:270-271)	C
981	for	0168Rb1 (Ford 4:270-271)	C
1186	will	0168Rb1 (Ford 4:270-271)	C
1310	be	0168Rb1 (Ford 4:270-271)	C
605	made	0168Rb1 (Ford 4:270-271)	C
569	to	0168Rb1 (Ford 4:270-271)	C
262	st	0168Rb1 (Ford 4:270-271)	C
903	op	0168Rb1 (Ford 4:270-271)	C
1387	them	0168Rb1 (Ford 4:270-271)	C
90	should	0168Rb1 (Ford 4:270-271)	C
1440	it	0168Rb1 (Ford 4:270-271)	C
385	suc	0168Rb1 (Ford 4:270-271)	C
1017	ceed	0168Rb1 (Ford 4:270-271; table ced; mark +)	M
1385	the	0168Rb1 (Ford 4:270-271)	C
751	trade	0168Rb1 (Ford 4:270-271)	C
1576	of	0168Rb1 (Ford 4:270-271)	C
1399	this	0168Rb1 (Ford 4:270-271)	C
1136	place	0168Rb1 (Ford 4:270-271)	C
1186	will	0168Rb1 (Ford 4:270-271)	C
1310	be	0168Rb1 (Ford 4:270-271)	C
1385	worse	0168Rb1 (Ford 4:270-271; table the)	M
437	nex	0168Rb1 (Ford 4:270-271)	C
656	tyear	0168Rb1 (Ford 4:270-271; not in table)	C
1383	than	0168Rb1 (Ford 4:270-271)	C
1440	it	0168Rb1 (Ford 4:270-271)	C
1254	has	0168Rb1 (Ford 4:270-271)	C
1317	been	0168Rb1 (Ford 4:270-271)	C
1385	the	0168Rb1 (Ford 4:270-271)	C
210	present	0168Rb1 (Ford 4:270-271)	C
90	should	0168Rb1 (Ford 4:270-271)	C
1440	it	0168Rb1 (Ford 4:270-271)	C
302	fa	0168Rb1 (Ford 4:270-271)	C
1422	il	0168Rb1 (Ford 4:270-271; not in table)	C
1385	the	0168Rb1 (Ford 4:270-271)	C
1071	same	0168Rb1 (Ford 4:270-271)	C
751	trade	0168Rb1 (Ford 4:270-271)	C
1186	will	0168Rb1 (Ford 4:270-271)	C
291	exceed	0168Rb1 (Ford 4:270-271; table es)	M
284	ever	0168Rb1 (Ford 4:270-271)	C
1895	ything	0168Rb1 (Ford 4:270-271; not in table; digit uncertain)	M
1384	that	0168Rb1 (Ford 4:270-271)	C
1254	has	0168Rb1 (Ford 4:270-271)	C
657	yet	0168Rb1 (Ford 4:270-271)	C
1590	occurr	0168Rb1 (Ford 4:270-271; not in table)	C
520	ed	0168Rb1 (Ford 4:270-271)	C
668	and	0168Rb1 (Ford 4:270-271)	C
1385	the	0168Rb1 (Ford 4:270-271)	C
1161	wate	0168Rb1 (Ford 4:270-271; table poli)	M
1012	rcar	0168Rb1 (Ford 4:270-271; table cart)	M
1464	ri	0168Rb1 (Ford 4:270-271)	C
1300	ers	0168Rb1 (Ford 4:270-271; mark ^)	C
1186	will	0168Rb1 (Ford 4:270-271)	C
1426	in	0168Rb1 (Ford 4:270-271)	C
1501	a	0168Rb1 (Ford 4:270-271)	C
1233	great	0168Rb1 (Ford 4:270-271)	C
72	measure	0168Rb1 (Ford 4:270-271)	C
1310	be	0168Rb1 (Ford 4:270-271)	C
1385	the	0168Rb1 (Ford 4:270-271)	C
65	amer	0168Rb1 (Ford 4:270-271)	C
169	he	0186Rb1 (Ford 4:305-306)	C
182	him	0186Rb1 (Ford 4:305-306)	C
1081	self	0186Rb1 (Ford 4:305-306)	C
570	tol	0186Rb1 (Ford 4:305-306)	C
801	d	0186Rb1 (Ford 4:305-306)	C
528	me	0186Rb1 (Ford 4:305-306; table re/resovereign)	M
1457	last	0186Rb1 (Ford 4:305-306)	C
1166	week	0186Rb1 (Ford 4:305-306; table will)	M
1384	that	0186Rb1 (Ford 4:305-306)	C
56	otwithstanding	0186Rb1 (Ford 4:305-306; not in table)	C
1535	al	0186Rb1 (Ford 4:305-306)	C
1385	the	0186Rb1 (Ford 4:305-306)	C
1104	pains	0186Rb1 (Ford 4:305-306; mark ^)	C
169	he	0186Rb1 (Ford 4:305-306)	C
1244	had	0186Rb1 (Ford 4:305-306)	C
1365	taken	0186Rb1 (Ford 4:305-306; mark +)	C
569	to	0186Rb1 (Ford 4:305-306)	C
1501	a	0186Rb1 (Ford 4:305-306)	C
484	vo	0186Rb1 (Ford 4:305-306)	C
1407	id	0186Rb1 (Ford 4:305-306)	C
1399	this	0186Rb1 (Ford 4:305-306)	C
1044	con	0186Rb1 (Ford 4:305-306)	C
967	flict	0186Rb1 (Ford 4:305-306; not in table)	C
1440	it	0186Rb1 (Ford 4:305-306)	C
161	mu	0186Rb1 (Ford 4:305-306)	C
262	st	0186Rb1 (Ford 4:305-306)	C
1043	come	0186Rb1 (Ford 4:305-306)	C
1384	that	0186Rb1 (Ford 4:305-306)	C
169	he	0186Rb1 (Ford 4:305-306)	C
90	would	0186Rb1 (Ford 4:305-306; table should)	M
360	not	0186Rb1 (Ford 4:305-306)	C
105	commence	0186Rb1 (Ford 4:305-306)	C
1385	the	0186Rb1 (Ford 4:305-306)	C
498	war	0186Rb1 (Ford 4:305-306)	C
790	but	0186Rb1 (Ford 4:305-306)	C
1384	that	0186Rb1 (Ford 4:305-306)	C
169	he	0186Rb1 (Ford 4:305-306)	C
295	ex	0186Rb1 (Ford 4:305-306)	C
518	pected	0186Rb1 (Ford 4:305-306; table rect; mark +)	M
569	to	0186Rb1 (Ford 4:305-306)	C
1310	be	0186Rb1 (Ford 4:305-306)	C
699	at	0186Rb1 (Ford 4:305-306)	C
1362	ta	0186Rb1 (Ford 4:305-306)	C
1032	ck	0186Rb1 (Ford 4:305-306)	C
520	ed	0186Rb1 (Ford 4:305-306)	C
668	and	0186Rb1 (Ford 4:305-306)	C
1384	that	0186Rb1 (Ford 4:305-306)	C
501	e	0186Rb1 (Ford 4:305-306)	C
464	very	0186Rb1 (Ford 4:305-306; digit uncertain)	M
1426	in	0186Rb1 (Ford 4:305-306)	C
833	di	0186Rb1 (Ford 4:305-306)	C
1014	cation	0186Rb1 (Ford 4:305-306)	C
500	was	0186Rb1 (Ford 4:305-306)	C
1576	of	0186Rb1 (Ford 4:305-306)	C
498	war	0186Rb1 (Ford 4:305-306)	C
1501	a	0187Rb1 (Ford 4:308)	C
498	war	0187Rb1 (Ford 4:308)	C
1331	between	0187Rb1 (Ford 4:308)	C
992	france	0187Rb1 (Ford 4:308)	C
668	and	0187Rb1 (Ford 4:308)	C
948	rus	0187Rb1 (Ford 4:308)	C
1186	will	0187Rb1 (Ford 4:308)	C
981	for	0187Rb1 (Ford 4:308)	C
1385	the	0187Rb1 (Ford 4:308)	C
145	moment	0187Rb1 (Ford 4:308)	C
224	pro	0187Rb1 (Ford 4:308; not in table)	M
923	mote	0187Rb1 (Ford 4:308; not in table)	M
1385	the	0187Rb1 (Ford 4:308)	C
1430	inter	0187Rb1 (Ford 4:308)	C
272	ests	0187Rb1 (Ford 4:308; mark ^)	C
1576	of	0187Rb1 (Ford 4:308)	C
1290	england	0187Rb1 (Ford 4:308)	C
790	but	0187Rb1 (Ford 4:308)	C
882	like	0187Rb1 (Ford 4:308)	C
1535	al	0187Rb1 (Ford 4:308)	C
1386	their	0187Rb1 (Ford 4:308)	C
983	form	0187Rb1 (Ford 4:308)	C
1300	er	0187Rb1 (Ford 4:308)	C
257	spec	0187Rb1 (Ford 4:308; table soon)	M
451	u	0187Rb1 (Ford 4:308)	C
1459	lations	0187Rb1 (Ford 4:308; mark ^)	C
1186	will	0187Rb1 (Ford 4:308)	C
1379	ter	0187Rb1 (Ford 4:308)	C
649	min	0187Rb1 (Ford 4:308)	C
700	ate	0187Rb1 (Ford 4:308)	C
1426	in	0187Rb1 (Ford 4:308)	C
845	dis	0187Rb1 (Ford 4:308)	C
675	ap	0187Rb1 (Ford 4:308)	C
1149	point	0187Rb1 (Ford 4:308)	C
637	ment	0187Rb1 (Ford 4:308)	C
1385	the	0173Lb1 (Ford 4:276)	C
44	negotiations	0173Lb1 (Ford 4:276; mark ^)	C
1190	with	0173Lb1 (Ford 4:276)	C
992	france	0173Lb1 (Ford 4:276)	C
677	appear	0173Lb1 (Ford 4:276; table appears)	M
569	to	0173Lb1 (Ford 4:276)	C
1310	be	0173Lb1 (Ford 4:276)	C
699	at	0173Lb1 (Ford 4:276)	C
1501	a	0173Lb1 (Ford 4:276)	C
262	st	0173Lb1 (Ford 4:276)	C
668	and	0173Lb1 (Ford 4:276)	C
1391	there	0173Lb1 (Ford 4:276)	C
352	no	0173Ll2b1 (Ford 4:276)	C
677	appear	0173Ll2b1 (Ford 4:276; table appears)	M
1550	ance	0173Ll2b1 (Ford 4:276)	C
1576	of	0173Ll2b1 (Ford 4:276)	C
1501	a	0173Ll2b1 (Ford 4:276)	C
1330	better	0173Ll2b1 (Ford 4:276; not in table)	C
480	under	0173Ll2b1 (Ford 4:276)	C
262	st	0173Ll2b1 (Ford 4:276)	C
668	and	0173Ll2b1 (Ford 4:276)	C
1429	ing	0173Ll2b1 (Ford 4:276)	C
1331	between	0173Ll2b1 (Ford 4:276)	C
1385	the	0173Ll2b1 (Ford 4:276)	C
775	two	0173Ll2b1 (Ford 4:276)	C
1229	govern	0173Ll3b1 (Ford 4:276)	C
237	ments	0173Ll3b1 (Ford 4:276; table sis; mark ^)	M
668	and	0173Ll3b1 (Ford 4:276)	C
1440	it	0173Ll3b1 (Ford 4:276)	C
1436	is	0173Ll3b1 (Ford 4:276)	C
220	prob	0173Ll3b1 (Ford 4:276; table probab)	M
1503	able	0173Ll3b1 (Ford 4:276)	C
1384	that	0173Ll3b1 (Ford 4:276)	C
1501	a	0173Ll3b1 (Ford 4:276)	C
1125	person	0173Ll3b1 (Ford 4:276)	C
1535	al	0173Ll3b1 (Ford 4:276)	C
1430	inter	0173Ll3b1 (Ford 4:276)	C
1317	been	0173Ll4b1 (Ford 4:276)	C
227	proposed	0173Ll4b1 (Ford 4:276; not in table; mark +)	C
1331	between	0173Ll4b1 (Ford 4:276)	C
1385	the	0173Ll4b1 (Ford 4:276)	C
775	two	0173Ll4b1 (Ford 4:276)	C
16	emperors	0173Ll4b1 (Ford 4:276; mark ^)	C
1592	on	0173Ll4b1 (Ford 4:276)	C
1385	the	0173Ll4b1 (Ford 4:276)	C
1110	part	0173Ll4b1 (Ford 4:276)	C
1576	of	0173Ll4b1 (Ford 4:276)	C
992	france	0173Ll4b1 (Ford 4:276)	C
668	and	0173Ll4b1 (Ford 4:276)	C
731	re	0173Ll4b1 (Ford 4:276)	C
520	ed	0173Ll5b1 (Ford 4:276)	C
1592	on	0173Ll5b1 (Ford 4:276)	C
1385	the	0173Ll5b1 (Ford 4:276)	C
1110	part	0173Ll5b1 (Ford 4:276)	C
1576	of	0173Ll5b1 (Ford 4:276)	C
948	rus	0173Ll5b1 (Ford 4:276)	C
1440	it	0173Ll5b1 (Ford 4:276)	C
1436	is	0173Ll5b1 (Ford 4:276)	C
360	not	0173Ll5b1 (Ford 4:276)	C
569	to	0173Ll5b1 (Ford 4:276)	C
1310	be	0173Ll5b1 (Ford 4:276)	C
675	ap	0173Ll5b1 (Ford 4:276)	C
169	he	0173Ll6b1 (Ford 4:276)	C
416	nd	0173Ll6b1 (Ford 4:276)	C
520	ed	0173Ll6b1 (Ford 4:276)	C
1384	that	0173Ll6b1 (Ford 4:276)	C
1393	they	0173Ll6b1 (Ford 4:276)	C
1186	will	0173Ll6b1 (Ford 4:276)	C
731	re	0173Ll6b1 (Ford 4:276)	C
253	sort	0173Ll6b1 (Ford 4:276)	C
569	to	0173Ll6b1 (Ford 4:276)	C
1385	the	0173Ll6b1 (Ford 4:276)	C
1457	last	0173Ll6b1 (Ford 4:276)	C
675	ap	0173Ll6b1 (Ford 4:276)	C
1116	pe	0173Ll6b1 (Ford 4:276)	C
699	at	0173Ll7b1 (Ford 4:276)	C
1399	this	0173Ll7b1 (Ford 4:276)	C
1076	se	0173Ll7b1 (Ford 4:276; not in table)	M
251	ason	0173Ll7b1 (Ford 4:276; table u/uuniversally)	M
668	and	0173Ll7b1 (Ford 4:276)	C
360	not	0173Ll7b1 (Ford 4:276)	C
162	much	0173Ll7b1 (Ford 4:276)	C
569	to	0173Ll7b1 (Ford 4:276)	C
1310	be	0173Ll7b1 (Ford 4:276)	C
195	hoped	0173Ll7b1 (Ford 4:276; mark +)	C
1384	that	0173Ll7b1 (Ford 4:276)	C
1393	they	0173Ll7b1 (Ford 4:276)	C
1186	will	0173Ll7b1 (Ford 4:276)	C
1158	post	0173Ll8b1 (Ford 4:276; not in table)	M
1148	po	0173Ll8b1 (Ford 4:276)	C
417	ne	0173Ll8b1 (Ford 4:276)	C
1440	it	0173Ll8b1 (Ford 4:276)	C
1549	an	0173Ll8b1 (Ford 4:276)	C
725	other	0173Ll8b1 (Ford 4:276; not in table)	C
391	sum	0173Ll8b1 (Ford 4:276)	C
639	mer	0173Ll8b1 (Ford 4:276)	C
1416	if	0154Ll1 (Ford 4:238-239)	C
1385	the	0154Ll1 (Ford 4:238-239)	C
498	war	0154Ll1 (Ford 4:238-239)	C
90	should	0154Ll1 (Ford 4:238-239; mark ^)	C
360	not	0154Ll1 (Ford 4:238-239)	C
105	commence	0154Ll1 (Ford 4:238-239)	C
368	soon	0154Ll1 (Ford 4:238-239; not in table)	C
1391	there	0154Ll1 (Ford 4:238-239)	C
1436	is	0154Ll1 (Ford 4:238-239)	C
1401	i	0154Ll1 (Ford 4:238-239)	C
1310	be	0154Ll1 (Ford 4:238-239)	C
880	li	0154Ll1 (Ford 4:238-239)	C
284	eve	0154Ll1 (Ford 4:238-239; table ever; mark +)	M
352	no	0154Ll1 (Ford 4:238-239)	C
1344	bo	0154Ll1 (Ford 4:238-239)	C
1179	who	0154Ll2 (Ford 4:238)	C
1394	think	0154Ll2 (Ford 4:238)	C
1440	it	0154Ll2 (Ford 4:238)	C
1157	poss	0154Ll2 (Ford 4:238)	C
586	ble	0154Ll2 (Ford 4:238)	C
1440	it	0154Ll2 (Ford 4:238)	C
90	should	0154Ll2 (Ford 4:238)	C
1310	be	0154Ll2 (Ford 4:238)	C
1158	po	0154Ll2 (Ford 4:238; not in table)	M
148	stpo	0154Ll2 (Ford 4:238; table iff)	M
422	ned	0154Ll2 (Ford 4:238)	C
888	long	0154Ll2 (Ford 4:238)	C
1300	er	0154Ll2 (Ford 4:238)	C
483	ntil	0154Ll3 (Ford 4:238; not in table; mark +)	M
1385	the	0154Ll3 (Ford 4:238)	C
437	nex	0154Ll3 (Ford 4:238)	C
391	sum	0154Ll3 (Ford 4:238)	C
639	mer	0154Ll3 (Ford 4:238)	C
1385	the	0154Ll3 (Ford 4:238)	C
16	emperor	0154Ll3 (Ford 4:238)	C
402	na	0154Ll3 (Ford 4:238)	C
148	po	0154Ll3 (Ford 4:238; table iff)	M
586	le	0154Ll3 (Ford 4:238)	C
1592	ons	0154Ll3 (Ford 4:238; mark ^)	C
1044	con	0154Ll3 (Ford 4:238)	C
330	fi	0154Ll3 (Ford 4:238)	C
828	den	0154Ll3 (Ford 4:238; table der)	M
1016	ce	0154Ll3 (Ford 4:238)	C
15	ofsuccessplain	0154Ll3 (Ford 4:238; not in table; digit uncertain)	M
385	suc	0154Ll4 (Ford 4:238)	C
1022	cessp	0154Ll4 (Ford 4:238; mark +)	C
1139	lain	0154Ll4 (Ford 4:238; table plan)	M
897	ly	0154Ll4 (Ford 4:238)	C
866	avow	0154Ll4 (Ford 4:238; table au)	M
941	ed	0154Ll4 (Ford 4:238)	C
1426	in	0154Ll4 (Ford 4:238)	C
184	his	0154Ll4 (Ford 4:238)	C
1513	add	0154Ll4 (Ford 4:238; mark +)	C
748	ressi	0154Ll4 (Ford 4:238; mark +)	C
569	oundedon	0154Ll4 (Ford 4:238; table to)	M
1385	the	0154Ll4 (Ford 4:238)	C
1436	is	0154Ll5 (Ford 4:238)	C
976	fo	0154Ll5 (Ford 4:238)	C
479	un	0154Ll5 (Ford 4:238)	C
812	ded	0154Ll5 (Ford 4:238)	C
1592	on	0154Ll5 (Ford 4:238)	C
1385	the	0154Ll5 (Ford 4:238)	C
1044	con	0154Ll5 (Ford 4:238)	C
1073	sc	0154Ll5 (Ford 4:238; table scar)	M
1401	i	0154Ll5 (Ford 4:238)	C
907	ous	0154Ll5 (Ford 4:238; table oppose)	M
430	ness	0154Ll5 (Ford 4:238)	C
1576	of	0154Ll5 (Ford 4:238)	C
184	his	0154Ll5 (Ford 4:238)	C
262	st	0154Ll6 (Ford 4:238)	C
731	re	0154Ll6 (Ford 4:238)	C
488	ng	0154Ll6 (Ford 4:238; table upon)	M
1382	th	0154Ll6 (Ford 4:238)	C
668	and	0154Ll6 (Ford 4:238)	C
1592	on	0154Ll6 (Ford 4:238)	C
184	his	0154Ll6 (Ford 4:238)	C
1044	con	0154Ll6 (Ford 4:238)	C
467	vi	0154Ll6 (Ford 4:238)	C
1060	ct	0154Ll6 (Ford 4:238)	C
1433	ion	0154Ll6 (Ford 4:238)	C
1384	that	0154Ll6 (Ford 4:238)	C
948	rus	0154Ll6 (Ford 4:238)	C
1254	has	0154Ll6 (Ford 4:238)	C
1208	general	0154Ll7 (Ford 4:238; mark ^)	C
1576	of	0154Ll7 (Ford 4:238)	C
330	fi	0154Ll7 (Ford 4:238)	C
1021	cer	0154Ll7 (Ford 4:238; mark ^)	C
1009	scap	0154Ll7 (Ford 4:238; not in table)	C
1503	able	0154Ll7 (Ford 4:238)	C
1576	of	0154Ll7 (Ford 4:238)	C
1042	comm	0154Ll7 (Ford 4:238; mark +)	C
668	and	0154Ll7 (Ford 4:238)	C
1429	ing	0154Ll7 (Ford 4:238)	C
687	armies	0154Ll7 (Ford 4:238; table army; mark ^)	M
1426	in	0154Ll7 (Ford 4:238)	C
83	opposition	0154Ll7 (Ford 4:238)	C
569	to	0154Ll7 (Ford 4:238)	C
992	france	0154Ll8 (Ford 4:238)	C
1426	in	0154Ll8 (Ford 4:238)	C
1399	this	0154Ll8 (Ford 4:238)	C
906	opinion	0154Ll8 (Ford 4:238)	C
169	he	0154Ll8 (Ford 4:238)	C
1436	is	0154Ll8 (Ford 4:238)	C
360	not	0154Ll8 (Ford 4:238)	C
234	sin	0154Ll8 (Ford 4:238)	C
1238	gu	0154Ll8 (Ford 4:238)	C
1455	lar	0154Ll8 (Ford 4:238)	C
184	his	0154Ll8 (Ford 4:238)	C
210	present	0154Ll8 (Ford 4:238)	C
1544	am	0154Ll8 (Ford 4:238)	C
130	bass	0154Ll8 (Ford 4:238; not in table; digit uncertain)	M
1513	ad	0154Ll9 (Ford 4:238)	C
908	or	0154Ll9 (Ford 4:238)	C
178	here	0154Ll9 (Ford 4:238)	C
570	tol	0154Ll9 (Ford 4:238)	C
801	d	0154Ll9 (Ford 4:238)	C
528	me	0154Ll9 (Ford 4:238; table re/resovereign)	M
1384	that	0154Ll9 (Ford 4:238)	C
1172	what	0154Ll9 (Ford 4:238)	C
169	he	0154Ll9 (Ford 4:238)	C
731	re	0154Ll9 (Ford 4:238)	C
880	li	0154Ll9 (Ford 4:238)	C
520	ed	0154Ll9 (Ford 4:238)	C
488	upon	0154Ll9 (Ford 4:238)	C
569	to	0154Ll9 (Ford 4:238)	C
212	prevent	0154Ll9 (Ford 4:238)	C
1385	the	0154Ll9 (Ford 4:238)	C
498	war	0154Ll10 (Ford 4:238)	C
500	was	0154Ll10 (Ford 4:238)	C
1384	that	0154Ll10 (Ford 4:238)	C
948	rus	0154Ll10 (Ford 4:238)	C
1244	had	0154Ll10 (Ford 4:238)	C
352	no	0154Ll10 (Ford 4:238)	C
1208	generals	0154Ll10 (Ford 4:238; mark ^)	C
355	none	0154Ll10 (Ford 4:238; not in table)	C
699	at	0154Ll10 (Ford 4:238)	C
589	least	0154Ll10 (Ford 4:238)	C
1009	cap	0154Ll10 (Ford 4:238; not in table)	C
1503	able	0154Ll10 (Ford 4:238)	C
1576	of	0154Ll10 (Ford 4:238)	C
1139	plan	0154Ll11 (Ford 4:238)	C
446	ning	0154Ll11 (Ford 4:238)	C
1501	a	0154Ll11 (Ford 4:238)	C
1004	cam	0154Ll11 (Ford 4:238)	C
1102	pa	0154Ll11 (Ford 4:238)	C
418	ign	0154Ll11 (Ford 4:238; not in table)	M
1176	which	0154Ll11 (Ford 4:238)	C
169	he	0154Ll11 (Ford 4:238)	C
1504	observed	0154Ll11 (Ford 4:238; mark +)	C
500	was	0154Ll11 (Ford 4:238)	C
1385	the	0154Ll11 (Ford 4:238)	C
1233	great	0154Ll11 (Ford 4:238)	C
1576	of	0154Ll12 (Ford 4:238)	C
1385	the	0154Ll12 (Ford 4:238)	C
16	emperor	0154Ll12 (Ford 4:238)	C
402	na	0154Ll12 (Ford 4:238)	C
1148	po	0154Ll12 (Ford 4:238)	C
586	le	0154Ll12 (Ford 4:238)	C
1592	on	0154Ll12 (Ford 4:238; mark ^)	C
1501	a	0154Ll12 (Ford 4:238)	C
1309	bat	0154Ll12 (Ford 4:238)	C
588	tle	0154Ll12 (Ford 4:238; table tled)	M
569	to	0154Ll12 (Ford 4:238)	C
182	him	0154Ll12 (Ford 4:238)	C
500	was	0154Ll12 (Ford 4:238)	C
1535	al	0154Ll12 (Ford 4:238)	C
1501	a	0154Ll13 (Ford 4:238)	C
1077	second	0154Ll13 (Ford 4:238)	C
691	ary	0154Ll13 (Ford 4:238; table nary)	M
118	consider	0154Ll13 (Ford 4:238)	C
864	ation	0154Ll13 (Ford 4:238)	C
1416	if	0154Ll13 (Ford 4:238)	C
889	helo	0154Ll13 (Ford 4:238; table sug)	M
262	st	0154Ll13 (Ford 4:238)	C
1594	one	0154Ll13 (Ford 4:238)	C
569	to	0154Ll13 (Ford 4:238)	C
808	day	0154Ll13 (Ford 4:238)	C
169	he	0154Ll13 (Ford 4:238)	C
1199	would	0154Ll13 (Ford 4:238)	C
15	gainanother	0154Ll13 (Ford 4:238; not in table; digit uncertain)	M
925	other	0154Ll14 (Ford 4:238)	C
1520	after	0154Ll14 (Ford 4:238)	C
1501	a	0154Ll14 (Ford 4:238)	C
329	few	0154Ll14 (Ford 4:238)	C
1166	weeks	0154Ll14 (Ford 4:238; table will; mark ^)	M
1385	the	0154Ll14 (Ford 4:238)	C
748	res	0154Ll14 (Ford 4:238)	C
1576	of	0154Ll14 (Ford 4:238)	C
1385	the	0154Ll14 (Ford 4:238)	C
1180	whole	0154Ll14 (Ford 4:238)	C
1004	cam	0154Ll14 (Ford 4:238)	C
500	was	0154Ll15 (Ford 4:238)	C
184	his	0154Ll15 (Ford 4:238)	C
1233	great	0154Ll15 (Ford 4:238)	C
1562	object	0154Ll15 (Ford 4:238; digit uncertain)	M
668	and	0154Ll15 (Ford 4:238)	C
1576	of	0154Ll15 (Ford 4:238)	C
1399	this	0154Ll15 (Ford 4:238)	C
169	he	0154Ll15 (Ford 4:238)	C
500	was	0154Ll15 (Ford 4:238)	C
1535	al	0154Ll15 (Ford 4:238)	C
1162	ways	0154Ll15 (Ford 4:238; table without; mark ^)	M
396	sure	0154Ll15 (Ford 4:238)	C
1401	i	0154Rb1 (Ford 4:238-239)	C
1259	have	0154Rb1 (Ford 4:238-239)	C
730	heard	0154Rb1 (Ford 4:238-239)	C
1384	that	0154Rb1 (Ford 4:238-239)	C
1385	the	0154Rb1 (Ford 4:238-239)	C
16	emperor	0154Rb1 (Ford 4:238-239)	C
1535	al	0154Rb1 (Ford 4:238-239)	C
289	ex	0154Rb1 (Ford 4:238-239)	C
1549	an	0154Rb1 (Ford 4:238-239)	C
828	der	0154Rb1 (Ford 4:238-239)	C
1254	has	0154Rb1 (Ford 4:238-239)	C
360	not	0154Rb1 (Ford 4:238-239)	C
162	much	0154Rb1 (Ford 4:238-239)	C
1044	con	0154Rb1 (Ford 4:238-239)	C
330	fi	0154Rb1 (Ford 4:238-239)	C
823	den	0154Rb1 (Ford 4:238-239)	C
1006	ce	0154Rb1 (Ford 4:238-239; table can)	M
1426	in	0154Rb1 (Ford 4:238-239)	C
1385	the	0154Rb1 (Ford 4:238-239)	C
1002	ca	0154Rb1 (Ford 4:238-239)	C
1102	pa	0154Rb1 (Ford 4:238-239)	C
1081	city	0154Rb1 (Ford 4:238-239; table self)	M
1576	of	0154Rb1 (Ford 4:238-239)	C
189	his	0154Rb1 (Ford 4:238-239; not in table)	C
1208	generals	0154Rb1 (Ford 4:238-239; mark ^)	C
668	and	0154Rb1 (Ford 4:238-239)	C
1391	there	0154Rb1 (Ford 4:238-239)	C
1436	is	0154Rb1 (Ford 4:238-239)	C
1021	cer	0154Rb1 (Ford 4:238-239)	C
1364	tain	0154Rb1 (Ford 4:238-239)	C
897	ly	0154Rb1 (Ford 4:238-239)	C
235	since	0154Rb1 (Ford 4:238-239)	C
1385	the	0154Rb1 (Ford 4:238-239)	C
809	de	0154Rb1 (Ford 4:238-239)	C
1501	a	0154Rb1 (Ford 4:238-239)	C
1382	th	0154Rb1 (Ford 4:238-239)	C
1576	of	0154Rb1 (Ford 4:238-239)	C
1149	count	0154Rb1 (Ford 4:238-239; table point/pointed)	M
1447	k	0154Rb1 (Ford 4:238-239)	C
1544	am	0154Rb1 (Ford 4:238-239)	C
545	en	0154Rb1 (Ford 4:238-239)	C
244	sky	0154Rb1 (Ford 4:238-239; not in table)	M
352	no	0154Rb1 (Ford 4:238-239)	C
464	very	0154Rb1 (Ford 4:238-239)	C
802	da	0154Rb1 (Ford 4:238-239)	C
883	zzli	0154Rb1 (Ford 4:238-239; table clin/toyou)	M
543	ngmi	0154Rb1 (Ford 4:238-239; not in table)	M
880	li	0154Rb1 (Ford 4:238-239)	C
1362	ta	0154Rb1 (Ford 4:238-239)	C
949	ry	0154Rb1 (Ford 4:238-239)	C
781	re	0154Rb1 (Ford 4:238-239)	C
229	pu	0154Rb1 (Ford 4:238-239)	C
1369	tation	0154Rb1 (Ford 4:238-239)	C
1549	among	0154Rb1 (Ford 4:238-239; table an)	M
1387	them	0154Rb1 (Ford 4:238-239)	C
1426	in	0154Rb1 (Ford 4:238-239)	C
1097	sho	0154Rb1 (Ford 4:238-239)	C
1498	rt	0154Rb1 (Ford 4:238-239)	C
1385	the	0154Rb1 (Ford 4:238-239)	C
1549	an	0154Rb1 (Ford 4:238-239)	C
560	ti	0154Rb1 (Ford 4:238-239)	C
1028	ci	0154Rb1 (Ford 4:238-239)	C
1102	pa	0154Rb1 (Ford 4:238-239)	C
565	tions	0154Rb1 (Ford 4:238-239; mark ^)	C
1576	of	0154Rb1 (Ford 4:238-239)	C
731	re	0154Rb1 (Ford 4:238-239)	C
964	flect	0154Rb1 (Ford 4:238-239; not in table)	C
1429	ing	0154Rb1 (Ford 4:238-239)	C
636	men	0154Rb1 (Ford 4:238-239)	C
178	here	0154Rb1 (Ford 4:238-239)	C
1109	concern	0154Rb1 (Ford 4:238-239; table paris)	M
1429	ing	0154Rb1 (Ford 4:238-239)	C
1385	the	0154Rb1 (Ford 4:238-239)	C
220	probab	0154Rb1 (Ford 4:238-239)	C
586	le	0154Rb1 (Ford 4:238-239)	C
1436	is	0154Rb1 (Ford 4:238-239)	C
389	sue	0154Rb1 (Ford 4:238-239; table sug)	M
1576	of	0154Rb1 (Ford 4:238-239)	C
1385	the	0154Rb1 (Ford 4:238-239)	C
498	war	0154Rb1 (Ford 4:238-239)	C
684	are	0154Rb1 (Ford 4:238-239)	C
1224	gloo	0154Rb1 (Ford 4:238-239; not in table; mark +)	C
167	my	0154Rb1 (Ford 4:238-239)	C
668	and	0154Rb1 (Ford 4:238-239)	C
829	des	0154Rb1 (Ford 4:238-239; table dis)	M
1148	po	0154Rb1 (Ford 4:238-239)	C
416	nd	0154Rb1 (Ford 4:238-239)	C
1429	ing	0154Rb1 (Ford 4:238-239)	C
668	and	0154Rb1 (Ford 4:238-239)	C
56	otwithstanding	0154Rb1 (Ford 4:238-239; not in table)	C
1440	it	0154Rb1 (Ford 4:238-239; mark ^)	C
695	sap	0154Rb1 (Ford 4:238-239; table ask)	M
1108	par	0154Rb1 (Ford 4:238-239)	C
1293	ent	0154Rb1 (Ford 4:238-239; table cent/tent)	M
1426	in	0154Rb1 (Ford 4:238-239)	C
1044	con	0154Rb1 (Ford 4:238-239)	C
237	sis	0154Rb1 (Ford 4:238-239)	C
545	en	0154Rb1 (Ford 4:238-239)	C
1349	cyth	0154Rb1 (Ford 4:238-239; table both)	M
633	ismel	0154Rb1 (Ford 4:238-239; not in table)	M
1549	an	0154Rb1 (Ford 4:238-239)	C
1023	cho	0154Rb1 (Ford 4:238-239; table proach)	M
1587	l	0154Rb1 (Ford 4:238-239)	C
730	yfo	0154Rb1 (Ford 4:238-239; table heard/heardpart; digit uncertain)	M
1502	rebo	0154Rb1 (Ford 4:238-239; table ab)	M
262	ding	0154Rb1 (Ford 4:238-239; table st)	M
1436	is	0154Rb1 (Ford 4:238-239)	C
1092	sh	0154Rb1 (Ford 4:238-239)	C
680	ar	0154Rb1 (Ford 4:238-239)	C
520	ed	0154Rb1 (Ford 4:238-239)	C
282	even	0154Rb1 (Ford 4:238-239)	C
792	by	0154Rb1 (Ford 4:238-239)	C
551	those	0154Rb1 (Ford 4:238-239)	C
1179	who	0154Rb1 (Ford 4:238-239)	C
657	yet	0154Rb1 (Ford 4:238-239)	C
1184	wi	0154Rb1 (Ford 4:238-239)	C
1092	sh	0154Rb1 (Ford 4:238-239)	C
569	to	0154Rb1 (Ford 4:238-239)	C
1507	ac	0154Rb1 (Ford 4:238-239)	C
1016	ce	0154Rb1 (Ford 4:238-239)	C
597	ler	0154Rb1 (Ford 4:238-239; not in table)	C
700	ate	0154Rb1 (Ford 4:238-239)	C
1385	the	0154Rb1 (Ford 4:238-239)	C
498	war	0154Rb1 (Ford 4:238-239)	C
1393	they	0154Rb1 (Ford 4:238-239)	C
684	are	0154Rb1 (Ford 4:238-239)	C
1424	im	0154Rb1 (Ford 4:238-239)	C
1102	pa	0154Rb1 (Ford 4:238-239)	C
560	ti	0154Rb1 (Ford 4:238-239)	C
1293	ent	0154Rb1 (Ford 4:238-239; table cent/tent)	M
569	to	0154Rb1 (Ford 4:238-239)	C
762	try	0154Rb1 (Ford 4:238-239; not in table)	C
1385	the	0154Rb1 (Ford 4:238-239)	C
1025	chan	0154Rb1 (Ford 4:238-239)	C
1016	ce	0154Rb1 (Ford 4:238-239)	C
1576	of	0154Rb1 (Ford 4:238-239)	C
1385	the	0154Rb1 (Ford 4:238-239)	C
835	diea	0154Rb1 (Ford 4:238-239; not in table)	M
1542	ltho	0154Rb1 (Ford 4:238-239; table ab/absence)	M
1395	ughthey	0154Rb1 (Ford 4:238-239; table strong/thing)	M
325	feel	0154Rb1 (Ford 4:238-239; mark +)	C
1384	that	0154Rb1 (Ford 4:238-239)	C
1385	the	0154Rb1 (Ford 4:238-239)	C
1573	odds	0154Rb1 (Ford 4:238-239; table ad; mark +^)	M
684	are	0154Rb1 (Ford 4:238-239)	C
1543	against	0154Rb1 (Ford 4:238-239; not in table)	C
1387	them	0154Rb1 (Ford 4:238-239)	C
1401	i	0154Rb1 (Ford 4:238-239)	C
1259	have	0154Rb1 (Ford 4:238-239)	C
249	so	0154Rb1 (Ford 4:238-239)	C
705	freque	0154Rb1 (Ford 4:238-239; table quen)	M
369	nt	0154Rb1 (Ford 4:238-239)	C
897	ly	0154Rb1 (Ford 4:238-239)	C
1200	written	0154Rb1 (Ford 4:238-239)	C
569	to	0154Rb1 (Ford 4:238-239)	C
663	you	0154Rb1 (Ford 4:238-239)	C
488	upon	0154Rb1 (Ford 4:238-239)	C
1399	this	0154Rb1 (Ford 4:238-239)	C
384	sub	0154Rb1 (Ford 4:238-239)	C
1411	ject	0154Rb1 (Ford 4:238-239)	C
1315	because	0154Rb1 (Ford 4:238-239)	C
1385	the	0154Rb1 (Ford 4:238-239)	C
74	question	0154Rb1 (Ford 4:238-239)	C
1576	of	0154Rb1 (Ford 4:238-239)	C
1399	this	0154Rb1 (Ford 4:238-239)	C
1118	peace	0154Rb1 (Ford 4:238-239)	C
908	or	0154Rb1 (Ford 4:238-239)	C
498	war	0154Rb1 (Ford 4:238-239)	C
161	mu	0154Rb1 (Ford 4:238-239)	C
262	st	0154Rb1 (Ford 4:238-239)	C
624	material	0154Rb1 (Ford 4:238-239; table may)	M
897	ly	0154Rb1 (Ford 4:238-239)	C
1516	af	0154Rb1 (Ford 4:238-239)	C
322	fect	0154Rb1 (Ford 4:238-239)	C
1385	the	0154Rb1 (Ford 4:238-239)	C
71	commerce	0154Rb1 (Ford 4:238-239)	C
1416	if	0154Rb1 (Ford 4:238-239)	C
360	not	0154Rb1 (Ford 4:238-239)	C
1385	the	0154Rb1 (Ford 4:238-239)	C
1208	general	0154Rb1 (Ford 4:238-239)	C
1151	poli	0154Rb1 (Ford 4:238-239)	C
1066	cy	0154Rb1 (Ford 4:238-239)	C
1576	of	0154Rb1 (Ford 4:238-239)	C
1385	the	0154Rb1 (Ford 4:238-239)	C
49	unitedstates	0154Rb1 (Ford 4:238-239)	C
1385	the	0154Rb1 (Ford 4:238-239)	C
525	ef	0154Rb1 (Ford 4:238-239)	C
322	fect	0154Rb1 (Ford 4:238-239)	C
1576	of	0154Rb1 (Ford 4:238-239)	C
995	french	0154Rb1 (Ford 4:238-239)	C
1426	in	0154Rb1 (Ford 4:238-239)	C
757	tru	0154Rb1 (Ford 4:238-239; not in table)	C
236	sion	0154Rb1 (Ford 4:238-239)	C
488	upon	0154Rb1 (Ford 4:238-239)	C
1385	the	0154Rb1 (Ford 4:238-239)	C
1305	bal	0154Rb1 (Ford 4:238-239)	C
560	ti	0154Rb1 (Ford 4:238-239)	C
1001	c	0154Rb1 (Ford 4:238-239)	C
1436	is	0154Rb1 (Ford 4:238-239)	C
1535	al	0154Rb1 (Ford 4:238-239)	C
733	ready	0154Rb1 (Ford 4:238-239)	C
464	very	0154Rb1 (Ford 4:238-239)	C
118	consider	0154Rb1 (Ford 4:238-239)	C
1503	able	0154Rb1 (Ford 4:238-239)	C
1385	the	0154Rb1 (Ford 4:238-239)	C
437	nex	0154Rb1 (Ford 4:238-239)	C
656	tyear	0154Rb1 (Ford 4:238-239; not in table)	C
1440	it	0154Rb1 (Ford 4:238-239)	C
1186	will	0154Rb1 (Ford 4:238-239)	C
1426	in	0154Rb1 (Ford 4:238-239)	C
1535	all	0154Rb1 (Ford 4:238-239; mark +)	C
219	pro	0154Rb1 (Ford 4:238-239)	C
1302	ba	0154Rb1 (Ford 4:238-239; table ca)	M
1332	bi	0154Rb1 (Ford 4:238-239)	C
880	li	0154Rb1 (Ford 4:238-239)	C
776	ty	0154Rb1 (Ford 4:238-239)	C
1310	be	0154Rb1 (Ford 4:238-239)	C
162	much	0154Rb1 (Ford 4:238-239)	C
1293	great	0154Rb1 (Ford 4:238-239; table cent/tent)	M
1300	er	0154Rb1 (Ford 4:238-239)	C
1385	the	0154Rb2 (Ford 4:239)	C
777	british	0154Rb2 (Ford 4:239)	C
1055	policy	0154Rb2 (Ford 4:239; not in table)	M
1576	of	0154Rb2 (Ford 4:239)	C
589	lea	0154Rb2 (Ford 4:239; table least/to)	M
472	ving	0154Rb2 (Ford 4:239)	C
1385	the	0154Rb2 (Ford 4:239)	C
1039	coast	0154Rb2 (Ford 4:239; not in table)	C
1035	cle	0154Rb2 (Ford 4:239)	C
580	ar	0154Rb2 (Ford 4:239; table ti)	M
981	for	0154Rb2 (Ford 4:239)	C
1391	thei	0154Rb2 (Ford 4:239; table there)	M
218	rpri	0154Rb2 (Ford 4:239; not in table)	M
269	vate	0154Rb2 (Ford 4:239; not in table)	M
1136	erswill	0154Rb2 (Ford 4:239; table place)	M
1086	serve	0154Rb2 (Ford 4:239)	C
1386	their	0154Rb2 (Ford 4:239)	C
1330	tterthan	0154Rb2 (Ford 4:239; not in table)	C
1385	the	0154Rb2 (Ford 4:239)	C
1383	block	0154Rb2 (Ford 4:239; table than)	M
1501	a	0154Rb2 (Ford 4:239)	C
1514	de	0154Rb2 (Ford 4:239; not in table)	M
1576	of	0154Rb2 (Ford 4:239)	C
1385	the	0154Rb2 (Ford 4:239)	C
1153	port	0154Rb2 (Ford 4:239; table ports)	M
1576	of	0154Rb2 (Ford 4:239)	C
538	elsi	0154Rb2 (Ford 4:239; table else)	M
417	ne	0154Rb2 (Ford 4:239)	C
490	ur	0154Rb2 (Ford 4:239)	C
1385	the	0158Rb1 (Ford 4:250)	C
384	sub	0158Rb1 (Ford 4:250)	C
1411	ject	0158Rb1 (Ford 4:250)	C
500	was	0158Rb1 (Ford 4:250)	C
1453	la	0158Rb1 (Ford 4:250)	C
1407	id	0158Rb1 (Ford 4:250)	C
1318	before	0158Rb1 (Ford 4:250)	C
1385	the	0158Rb1 (Ford 4:250)	C
16	emperor	0158Rb1 (Ford 4:250)	C
1179	who	0158Rb1 (Ford 4:250)	C
844	di	0158Rb1 (Ford 4:250)	C
518	rect	0158Rb1 (Ford 4:250)	C
520	ed	0158Rb1 (Ford 4:250)	C
1049	count	0158Rb1 (Ford 4:250)	C
1486	ro	0158Rb1 (Ford 4:250)	C
129	man	0158Rb1 (Ford 4:250)	C
1576	off	0158Rb1 (Ford 4:250; mark +)	C
569	to	0158Rb1 (Ford 4:250)	C
1042	com	0158Rb1 (Ford 4:250)	C
1138	plain	0158Rb1 (Ford 4:250; not in table)	C
1576	of	0158Rb1 (Ford 4:250)	C
1440	it	0158Rb1 (Ford 4:250)	C
569	to	0158Rb1 (Ford 4:250)	C
1385	the	0158Rb1 (Ford 4:250)	C
806	dan	0158Rb1 (Ford 4:250; not in table)	C
1438	ish	0158Rb1 (Ford 4:250)	C
21	minister	0158Rb1 (Ford 4:250)	C
178	here	0158Rb1 (Ford 4:250)	C
1401	i	0158Rb1 (Ford 4:250)	C
1058	sa	0158Rb1 (Ford 4:250)	C
496	w	0158Rb1 (Ford 4:250)	C
1385	the	0158Rb1 (Ford 4:250)	C
1049	count	0158Rb1 (Ford 4:250)	C
62	yesterday	0158Rb1 (Ford 4:250)	C
668	and	0158Rb1 (Ford 4:250)	C
254	sp	0158Rb1 (Ford 4:250)	C
1586	oke	0158Rb1 (Ford 4:250)	C
569	to	0158Rb1 (Ford 4:250)	C
182	him	0158Rb1 (Ford 4:250)	C
1576	of	0158Rb1 (Ford 4:250)	C
1440	it	0158Rb1 (Ford 4:250)	C
1522	again	0158Rb1 (Ford 4:250)	C
169	he	0158Rb1 (Ford 4:250)	C
570	tol	0158Rb1 (Ford 4:250)	C
801	d	0159Lb1 (Ford 4:250-251)	C
528	me	0159Lb1 (Ford 4:250-251; table re/resovereign)	M
1384	that	0159Lb1 (Ford 4:250-251)	C
169	he	0159Lb1 (Ford 4:250-251)	C
1244	had	0159Lb1 (Ford 4:250-251)	C
1200	wr	0159Lb1 (Ford 4:250-251; table written)	M
1440	it	0159Lb1 (Ford 4:250-251)	C
1375	ten	0159Lb1 (Ford 4:250-251)	C
569	to	0159Lb1 (Ford 4:250-251)	C
1307	bar	0159Lb1 (Ford 4:250-251)	C
1592	on	0159Lb1 (Ford 4:250-251)	C
1342	blo	0159Lb1 (Ford 4:250-251; table blow)	M
628	me	0159Lb1 (Ford 4:250-251)	C
1385	the	0159Lb1 (Ford 4:250-251)	C
806	danish	0159Lb1 (Ford 4:250-251; not in table)	M
1438	minister	0159Lb1 (Ford 4:250-251; table ish)	M
792	by	0159Lb1 (Ford 4:250-251)	C
1385	the	0159Lb1 (Ford 4:250-251)	C
16	emperors	0159Lb1 (Ford 4:250-251; mark ^)	C
1062	comm	0159Lb1 (Ford 4:250-251; table cur; mark +)	M
668	and	0159Lb1 (Ford 4:250-251)	C
109	concern	0159Lb1 (Ford 4:250-251)	C
1429	ing	0159Lb1 (Ford 4:250-251)	C
1440	it	0159Lb1 (Ford 4:250-251)	C
790	but	0159Lb1 (Ford 4:250-251)	C
169	he	0159Lb1 (Ford 4:250-251)	C
834	did	0159Lb1 (Ford 4:250-251)	C
360	not	0159Lb1 (Ford 4:250-251)	C
295	ex	0159Lb1 (Ford 4:250-251)	C
518	pect	0159Lb1 (Ford 4:250-251; table rect)	M
1384	that	0159Lb1 (Ford 4:250-251)	C
1199	would	0159Lb1 (Ford 4:250-251)	C
1310	be	0159Lb1 (Ford 4:250-251)	C
1190	with	0159Lb1 (Ford 4:250-251)	C
162	much	0159Lb1 (Ford 4:250-251)	C
525	ef	0159Lb1 (Ford 4:250-251)	C
322	fect	0159Lb1 (Ford 4:250-251)	C
981	for	0159Lb1 (Ford 4:250-251)	C
1068	sa	0159Lb1 (Ford 4:250-251)	C
1407	id	0159Lb1 (Ford 4:250-251)	C
169	he	0159Lb1 (Ford 4:250-251)	C
1172	what	0159Lb1 (Ford 4:250-251)	C
1006	can	0159Lb1 (Ford 4:250-251)	C
1310	be	0159Lb1 (Ford 4:250-251)	C
797	done	0159Lb1 (Ford 4:250-251)	C
199	how	0159Lb1 (Ford 4:250-251)	C
1006	can	0159Lb1 (Ford 4:250-251)	C
96	denmark	0159Lb1 (Ford 4:250-251)	C
177	her	0159Lb1 (Ford 4:250-251)	C
1081	self	0159Lb1 (Ford 4:250-251)	C
1430	inter	0159Lb1 (Ford 4:250-251)	C
319	fe	0159Lb1 (Ford 4:250-251)	C
731	re	0159Lb1 (Ford 4:250-251)	C
569	to	0159Lb1 (Ford 4:250-251)	C
231	put	0159Lb1 (Ford 4:250-251)	C
1501	a	0159Lb1 (Ford 4:250-251)	C
262	st	0159Lb1 (Ford 4:250-251)	C
903	op	0159Lb1 (Ford 4:250-251)	C
569	to	0159Lb1 (Ford 4:250-251)	C
1392	these	0159Lb1 (Ford 4:250-251)	C
221	proce	0159Lb1 (Ford 4:250-251; table produc)	M
1410	edingsif	0159Lb1 (Ford 4:250-251; table ie)	M
992	france	0159Lb1 (Ford 4:250-251)	C
1244	had	0159Lb1 (Ford 4:250-251)	C
352	no	0159Lb1 (Ford 4:250-251)	C
1156	possess	0159Lb1 (Ford 4:250-251; table place)	M
1433	ion	0159Lb1 (Ford 4:250-251; mark ^)	C
1346	sbor	0159Lb1 (Ford 4:250-251; table ban)	M
828	der	0159Lb1 (Ford 4:250-251)	C
1429	ing	0159Lb1 (Ford 4:250-251)	C
488	on	0159Lb1 (Ford 4:250-251; table upon)	M
1385	the	0159Lb1 (Ford 4:250-251)	C
1305	bal	0159Lb1 (Ford 4:250-251)	C
560	ti	0159Lb1 (Ford 4:250-251)	C
1385	the	0159Lb1 (Ford 4:250-251)	C
1549	an	0159Lb1 (Ford 4:250-251)	C
560	ti	0159Lb1 (Ford 4:250-251)	C
1293	entg	0159Lb1 (Ford 4:250-251; table cent/tent)	M
1236	round	0159Lb1 (Ford 4:250-251; not in table)	M
646	might	0159Lb1 (Ford 4:250-251)	C
1310	be	0159Lb1 (Ford 4:250-251)	C
1365	taken	0159Lb1 (Ford 4:250-251; mark ^)	C
1384	that	0159Lb1 (Ford 4:250-251)	C
1440	it	0159Lb1 (Ford 4:250-251)	C
500	was	0159Lb1 (Ford 4:250-251)	C
1501	a	0159Lb1 (Ford 4:250-251)	C
602	ma	0159Lb1 (Ford 4:250-251)	C
1033	recla	0159Lb1 (Ford 4:250-251; table clar)	M
451	u	0159Lb1 (Ford 4:250-251)	C
391	sum	0159Lb1 (Ford 4:250-251)	C
668	and	0159Lb1 (Ford 4:250-251)	C
1384	that	0159Lb1 (Ford 4:250-251)	C
218	private	0159Lb1 (Ford 4:250-251; not in table)	C
1300	ers	0159Lb1 (Ford 4:250-251; mark ^)	C
90	should	0159Lb1 (Ford 4:250-251)	C
360	not	0159Lb1 (Ford 4:250-251)	C
1310	be	0159Lb1 (Ford 4:250-251)	C
1513	ad	0159Lb1 (Ford 4:250-251)	C
137	mit	0159Lb1 (Ford 4:250-251)	C
1373	ted	0159Lb1 (Ford 4:250-251)	C
488	upon	0159Lb1 (Ford 4:250-251)	C
1440	it	0159Lb1 (Ford 4:250-251)	C
366	now	0159Lb1 (Ford 4:250-251)	C
992	france	0159Lb1 (Ford 4:250-251)	C
177	her	0159Lb1 (Ford 4:250-251)	C
1081	self	0159Lb1 (Ford 4:250-251)	C
1254	has	0159Lb1 (Ford 4:250-251)	C
1053	ports	0159Lb1 (Ford 4:250-251; table court; mark ^)	M
1426	in	0159Lb1 (Ford 4:250-251)	C
1440	it	0159Lb1 (Ford 4:250-251)	C
668	and	0159Lb1 (Ford 4:250-251)	C
1385	the	0159Lb1 (Ford 4:250-251)	C
1076	sea	0159Lb1 (Ford 4:250-251; not in table)	C
1006	can	0159Lb1 (Ford 4:250-251)	C
360	not	0159Lb1 (Ford 4:250-251)	C
1310	be	0159Lb1 (Ford 4:250-251)	C
1523	against	0159Lb1 (Ford 4:250-251)	C
177	her	0159Lb1 (Ford 4:250-251)	C
1401	i	0159Lb1 (Ford 4:250-251)	C
570	tol	0159Lb1 (Ford 4:250-251)	C
801	d	0159Lb1 (Ford 4:250-251)	C
182	him	0159Lb1 (Ford 4:250-251)	C
1384	that	0159Lb1 (Ford 4:250-251)	C
1501	a	0159Lb1 (Ford 4:250-251)	C
1098	si	0159Lb1 (Ford 4:250-251)	C
643	mi	0159Lb1 (Ford 4:250-251)	C
1455	lar	0159Lb1 (Ford 4:250-251)	C
1051	course	0159Lb1 (Ford 4:250-251; table self)	M
1576	of	0159Lb1 (Ford 4:250-251)	C
734	reason	0159Lb1 (Ford 4:250-251)	C
1429	ing	0159Lb1 (Ford 4:250-251)	C
1426	in	0159Lb1 (Ford 4:250-251)	C
1279	duc	0159Lb1 (Ford 4:250-251; not in table; mark ^)	M
528	edme	0159Lb1 (Ford 4:250-251; table re/resovereign)	M
569	to	0159Lb1 (Ford 4:250-251)	C
255	spa	0159Lb1 (Ford 4:250-251; not in table)	C
731	re	0159Lb1 (Ford 4:250-251)	C
182	him	0159Lb1 (Ford 4:250-251)	C
1385	the	0159Lb1 (Ford 4:250-251)	C
19	trouble	0159Lb1 (Ford 4:250-251; not in table)	C
1576	of	0159Lb1 (Ford 4:250-251)	C
1501	a	0159Lb1 (Ford 4:250-251)	C
983	form	0159Lb1 (Ford 4:250-251)	C
1535	al	0159Lb1 (Ford 4:250-251)	C
675	ap	0159Lb1 (Ford 4:250-251)	C
203	lication	0159Lb1 (Ford 4:250-251; not in table)	C
999	from	0159Lb1 (Ford 4:250-251)	C
1426	in	0159Lb1 (Ford 4:250-251)	C
1399	this	0159Lb1 (Ford 4:250-251)	C
1315	case	0159Lb1 (Ford 4:250-251; table because; mark ^)	M
1401	i	0159Lb1 (Ford 4:250-251)	C
1384	that	0159Lb1 (Ford 4:250-251)	C
884	little	0159Lb1 (Ford 4:250-251)	C
1199	would	0159Lb1 (Ford 4:250-251)	C
1310	be	0159Lb1 (Ford 4:250-251)	C
1516	ef	0159Lb1 (Ford 4:250-251; table af)	M
322	fect	0159Lb1 (Ford 4:250-251)	C
520	ed	0159Lb1 (Ford 4:250-251)	C
792	by	0159Lb1 (Ford 4:250-251)	C
674	any	0159Lb1 (Ford 4:250-251)	C
146	mon	0159Lb1 (Ford 4:250-251)	C
882	str	0159Lb1 (Ford 4:250-251; table like)	M
1550	ance	0159Lb1 (Ford 4:250-251)	C
1523	against	0159Lb1 (Ford 4:250-251)	C
1440	it	0159Lb1 (Ford 4:250-251)	C
888	long	0159Lb1 (Ford 4:250-251)	C
1385	the	0159Lb1 (Ford 4:250-251)	C
1597	only	0159Lb1 (Ford 4:250-251)	C
207	practi	0159Lb1 (Ford 4:250-251)	C
1535	al	0159Lb1 (Ford 4:250-251)	C
731	re	0159Lb1 (Ford 4:250-251)	C
628	me	0159Lb1 (Ford 4:250-251)	C
1289	dythat	0159Lb1 (Ford 4:250-251; not in table)	M
1401	i	0159Lb1 (Ford 4:250-251)	C
976	fo	0159Lb1 (Ford 4:250-251)	C
731	re	0159Lb1 (Ford 4:250-251)	C
1068	sa	0159Lb1 (Ford 4:250-251)	C
496	w	0159Lb1 (Ford 4:250-251)	C
692	as	0159Lb1 (Ford 4:250-251)	C
882	like	0159Lb1 (Ford 4:250-251)	C
897	ly	0159Lb1 (Ford 4:250-251)	C
569	to	0159Lb1 (Ford 4:250-251)	C
1310	be	0159Lb1 (Ford 4:250-251)	C
731	re	0159Lb1 (Ford 4:250-251)	C
253	sort	0159Lb1 (Ford 4:250-251)	C
520	ed	0159Lb1 (Ford 4:250-251)	C
569	to	0159Lb1 (Ford 4:250-251)	C
792	by	0159Lb1 (Ford 4:250-251)	C
1050	country	0159Lb1 (Ford 4:250-251)	C
636	men	0159Lb1 (Ford 4:250-251)	C
981	for	0159Lb1 (Ford 4:250-251)	C
1385	the	0159Lb1 (Ford 4:250-251)	C
894	fu	0159Lb1 (Ford 4:250-251; table lu)	M
763	tu	0159Lb1 (Ford 4:250-251)	C
731	re	0159Lb1 (Ford 4:250-251)	C
1199	would	0159Lb1 (Ford 4:250-251)	C
1310	be	0159Lb1 (Ford 4:250-251)	C
589	to	0159Lb1 (Ford 4:250-251)	C
1501	a	0159Lb1 (Ford 4:250-251)	C
484	vo	0159Lb1 (Ford 4:250-251)	C
1407	id	0159Lb1 (Ford 4:250-251)	C
1385	the	0159Lb1 (Ford 4:250-251)	C
1112	passa	0159Lb1 (Ford 4:250-251; mark +)	C
1576	of	0159Lb1 (Ford 4:250-251)	C
1385	the	0159Lb1 (Ford 4:250-251)	C
249	so	0159Lb1 (Ford 4:250-251)	C
479	un	0159Lb1 (Ford 4:250-251)	C
801	d	0159Lb1 (Ford 4:250-251)	C
1535	al	0159Lb1 (Ford 4:250-251)	C
37	together	0159Lb1 (Ford 4:250-251)	C
668	and	0159Lb1 (Ford 4:250-251)	C
889	look	0159Lb1 (Ford 4:250-251; table sug)	M
981	for	0159Lb1 (Ford 4:250-251)	C
1549	an	0159Lb1 (Ford 4:250-251)	C
925	other	0159Lb1 (Ford 4:250-251)	C
1176	which	0159Lb1 (Ford 4:250-251)	C
1393	they	0159Lb1 (Ford 4:250-251)	C
646	might	0159Lb1 (Ford 4:250-251)	C
330	fi	0159Lb1 (Ford 4:250-251)	C
1190	with	0159Lb1 (Ford 4:250-251)	C
884	little	0159Lb1 (Ford 4:250-251)	C
800	da	0159Lb1 (Ford 4:250-251; not in table)	M
1211	nger	0159Lb1 (Ford 4:250-251; table germany)	M
1576	of	0159Lb1 (Ford 4:250-251)	C
1310	be	0159Lb1 (Ford 4:250-251)	C
1429	ing	0159Lb1 (Ford 4:250-251)	C
381	stop	0159Lb1 (Ford 4:250-251; mark +)	C
1120	ed	0159Lb1 (Ford 4:250-251)	C
169	he	0159Lb1 (Ford 4:250-251)	C
1068	sa	0159Lb1 (Ford 4:250-251)	C
1407	id	0159Lb1 (Ford 4:250-251)	C
169	he	0159Lb1 (Ford 4:250-251)	C
195	hoped	0159Lb1 (Ford 4:250-251; mark ^)	C
615	many	0159Lb1 (Ford 4:250-251)	C
1576	of	0159Lb1 (Ford 4:250-251)	C
1199	would	0159Lb1 (Ford 4:250-251)	C
1305	take	0159Lb1 (Ford 4:250-251; table bal)	M
1386	their	0159Lb1 (Ford 4:250-251)	C
829	des	0159Lb1 (Ford 4:250-251; table dis)	M
560	ti	0159Lb1 (Ford 4:250-251)	C
411	nation	0159Lb1 (Ford 4:250-251)	C
569	to	0159Lb1 (Ford 4:250-251)	C
682	arch	0159Lb1 (Ford 4:250-251)	C
1549	an	0159Lb1 (Ford 4:250-251)	C
1207	gel	0159Lb1 (Ford 4:250-251; not in table)	C
692	as	0159Lb1 (Ford 4:250-251)	C
1391	there	0159Lb1 (Ford 4:250-251)	C
1199	would	0159Lb1 (Ford 4:250-251)	C
1310	be	0159Lb1 (Ford 4:250-251)	C
352	no	0159Lb1 (Ford 4:250-251)	C
981	for	0159Lb1 (Ford 4:250-251)	C
675	ap	0159Lb1 (Ford 4:250-251)	C
208	pre	0159Lb1 (Ford 4:250-251)	C
176	hen	0159Lb1 (Ford 4:250-251; not in table)	C
236	sion	0159Lb1 (Ford 4:250-251)	C
1576	of	0159Lb1 (Ford 4:250-251)	C
995	french	0159Lb1 (Ford 4:250-251)	C
1426	in	0159Lb1 (Ford 4:250-251)	C
551	those	0159Lb1 (Ford 4:250-251)	C
1076	seas	0159Lb1 (Ford 4:250-251; not in table; mark ^)	C
169	he	0159Lb1 (Ford 4:250-251)	C
691	asked	0159Lb1 (Ford 4:250-251; table nary; mark +^)	M
628	me	0159Lb1 (Ford 4:250-251)	C
1416	if	0159Lb1 (Ford 4:250-251)	C
1401	i	0159Lb1 (Ford 4:250-251)	C
1244	had	0159Lb1 (Ford 4:250-251)	C
674	any	0159Lb1 (Ford 4:250-251)	C
1458	late	0159Lb1 (Ford 4:250-251)	C
1507	ac	0159Lb1 (Ford 4:250-251)	C
1049	counts	0159Lb1 (Ford 4:250-251; mark ^)	C
999	from	0159Lb1 (Ford 4:250-251)	C
65	amer	0159Lb1 (Ford 4:250-251)	C
668	and	0159Lb1 (Ford 4:250-251)	C
201	particular	0159Lb1 (Ford 4:250-251)	C
897	ly	0159Lb1 (Ford 4:250-251)	C
739	re	0159Lb1 (Ford 4:250-251)	C
683	gard	0159Lb1 (Ford 4:250-251)	C
569	to	0159Lb1 (Ford 4:250-251)	C
1385	the	0159Lb1 (Ford 4:250-251)	C
228	pros	0159Lb1 (Ford 4:250-251; table pre)	M
1116	pe	0159Lb1 (Ford 4:250-251)	C
1050	ct	0159Lb1 (Ford 4:250-251; table country)	M
1576	of	0159Lb1 (Ford 4:250-251)	C
1501	a	0159Lb1 (Ford 4:250-251)	C
498	war	0159Lb1 (Ford 4:250-251)	C
1331	between	0159Lb1 (Ford 4:250-251)	C
1385	the	0159Lb1 (Ford 4:250-251)	C
49	unitedstates	0159Lb1 (Ford 4:250-251)	C
688	and	0159Lb1 (Ford 4:250-251; table y)	M
1290	england	0159Lb1 (Ford 4:250-251)	C
1401	i	0159Lb1 (Ford 4:250-251)	C
1549	an	0159Lb1 (Ford 4:250-251)	C
398	sw	0159Lb1 (Ford 4:250-251)	C
1300	er	0159Lb1 (Ford 4:250-251)	C
520	ed	0159Lb1 (Ford 4:250-251)	C
1384	that	0159Lb1 (Ford 4:250-251)	C
999	from	0159Lb1 (Ford 4:250-251)	C
1385	the	0159Lb1 (Ford 4:250-251)	C
49	unitedstates	0159Lb1 (Ford 4:250-251)	C
1401	i	0159Lb1 (Ford 4:250-251)	C
1244	had	0159Lb1 (Ford 4:250-251)	C
352	no	0159Lb1 (Ford 4:250-251)	C
436	news	0159Lb1 (Ford 4:250-251; mark ^)	C
1453	la	0159Lb1 (Ford 4:250-251)	C
1379	ter	0159Lb1 (Ford 4:250-251)	C
668	and	0159Lb1 (Ford 4:250-251)	C
552	those	0159Lb1 (Ford 4:250-251; table thought)	M
628	me	0159Lb1 (Ford 4:250-251)	C
731	re	0159Lb1 (Ford 4:250-251)	C
897	ly	0159Lb1 (Ford 4:250-251)	C
1576	of	0159Lb1 (Ford 4:250-251)	C
1385	the	0159Lb1 (Ford 4:250-251)	C
230	pub	0159Lb1 (Ford 4:250-251)	C
1001	c	0159Lb1 (Ford 4:250-251)	C
217	prints	0159Lb1 (Ford 4:250-251; mark ^)	C
1440	it	0159Lb1 (Ford 4:250-251)	C
999	from	0159Lb1 (Ford 4:250-251)	C
1290	england	0159Lb1 (Ford 4:250-251)	C
4	however	0159Lb1 (Ford 4:250-251)	C
727	rather	0159Lb1 (Ford 4:250-251; table ation)	M
1383	than	0159Lb1 (Ford 4:250-251)	C
999	from	0159Lb1 (Ford 4:250-251)	C
65	amer	0159Lb1 (Ford 4:250-251)	C
1384	that	0159Lb1 (Ford 4:250-251)	C
1385	the	0159Lb1 (Ford 4:250-251)	C
1115	prospe	0159Lb1 (Ford 4:250-251; table pay)	M
1060	cts	0159Lb1 (Ford 4:250-251; mark ^)	C
1576	of	0159Lb1 (Ford 4:250-251)	C
1118	peace	0159Lb1 (Ford 4:250-251)	C
908	or	0159Lb1 (Ford 4:250-251)	C
1331	between	0159Lb1 (Ford 4:250-251)	C
551	those	0159Lb1 (Ford 4:250-251)	C
775	two	0159Lb1 (Ford 4:250-251)	C
1050	ountries	0159Lb1 (Ford 4:250-251; table country; mark ^)	M
1169	were	0159Lb1 (Ford 4:250-251)	C
569	to	0159Lb1 (Ford 4:250-251)	C
1310	be	0159Lb1 (Ford 4:250-251)	C
1364	expected	0159Lb1 (Ford 4:250-251; table tain; mark ^)	M
1426	in	0159Lb1 (Ford 4:250-251)	C
1385	the	0159Lb1 (Ford 4:250-251)	C
345	first	0159Lb1 (Ford 4:250-251)	C
1426	in	0159Lb1 (Ford 4:250-251)	C
262	st	0159Lb1 (Ford 4:250-251)	C
1550	ance	0159Lb1 (Ford 4:250-251)	C
668	and	0159Lb1 (Ford 4:250-251)	C
1384	that	0159Lb1 (Ford 4:250-251)	C
692	as	0159Lb1 (Ford 4:250-251)	C
813	far	0159Lb1 (Ford 4:250-251)	C
692	as	0159Lb1 (Ford 4:250-251)	C
1385	the	0159Lb1 (Ford 4:250-251)	C
1426	in	0159Lb1 (Ford 4:250-251)	C
981	for	0159Lb1 (Ford 4:250-251)	C
625	mation	0159Lb1 (Ford 4:250-251)	C
1401	i	0159Lb1 (Ford 4:250-251)	C
1244	had	0159Lb1 (Ford 4:250-251)	C
999	from	0159Lb1 (Ford 4:250-251)	C
1389	thence	0159Lb1 (Ford 4:250-251; not in table)	C
1047	could	0159Lb1 (Ford 4:250-251)	C
586	le	0159Lb1 (Ford 4:250-251)	C
628	me	0159Lb1 (Ford 4:250-251)	C
569	to	0159Lb1 (Ford 4:250-251)	C
983	form	0159Lb1 (Ford 4:250-251)	C
1501	a	0159Lb1 (Ford 4:250-251)	C
1443	ju	0159Lb1 (Ford 4:250-251)	C
839	dg	0159Lb1 (Ford 4:250-251; not in table)	C
637	ment	0159Lb1 (Ford 4:250-251)	C
1416	if	0159Lb1 (Ford 4:250-251)	C
1401	i	0159Lb1 (Ford 4:250-251)	C
1047	could	0159Lb1 (Ford 4:250-251)	C
460	ven	0159Lb1 (Ford 4:250-251)	C
763	tu	0159Lb1 (Ford 4:250-251)	C
731	re	0159Lb1 (Ford 4:250-251)	C
569	to	0159Lb1 (Ford 4:250-251)	C
1219	give	0159Lb1 (Ford 4:250-251)	C
167	my	0159Lb1 (Ford 4:250-251)	C
218	private	0159Lb1 (Ford 4:250-251; not in table)	C
906	opinion	0159Lb1 (Ford 4:250-251)	C
1440	it	0159Lb1 (Ford 4:250-251)	C
500	was	0159Lb1 (Ford 4:250-251)	C
1384	that	0159Lb1 (Ford 4:250-251)	C
1440	it	0159Lb1 (Ford 4:250-251)	C
1199	would	0159Lb1 (Ford 4:250-251)	C
360	not	0159Lb1 (Ford 4:250-251)	C
1043	come	0159Lb1 (Ford 4:250-251)	C
569	to	0159Lb1 (Ford 4:250-251)	C
1501	a	0159Lb1 (Ford 4:250-251)	C
498	war	0159Lb1 (Ford 4:250-251)	C
1384	that	0159Lb1 (Ford 4:250-251)	C
992	france	0159Lb1 (Ford 4:250-251)	C
1362	ta	0159Lb1 (Ford 4:250-251)	C
1450	king	0159Lb1 (Ford 4:250-251)	C
572	too	0159Lb1 (Ford 4:250-251)	C
162	much	0159Lb1 (Ford 4:250-251)	C
1104	pains	0159Lb1 (Ford 4:250-251; mark ^)	C
1592	on	0159Lb1 (Ford 4:250-251)	C
177	her	0159Lb1 (Ford 4:250-251)	C
1110	part	0159Lb1 (Ford 4:250-251)	C
569	to	0159Lb1 (Ford 4:250-251)	C
731	re	0159Lb1 (Ford 4:250-251)	C
1044	con	0159Lb1 (Ford 4:250-251)	C
1028	ci	0159Lb1 (Ford 4:250-251)	C
586	le	0159Lb1 (Ford 4:250-251)	C
491	us	0159Lb1 (Ford 4:250-251)	C
792	by	0159Lb1 (Ford 4:250-251)	C
72	measures	0159Lb1 (Ford 4:250-251; mark ^)	C
692	as	0159Lb1 (Ford 4:250-251)	C
551	those	0159Lb1 (Ford 4:250-251)	C
1164	we	0159Lb1 (Ford 4:250-251)	C
1244	had	0159Lb1 (Ford 4:250-251)	C
1317	been	0159Lb1 (Ford 4:250-251)	C
254	sp	0159Lb1 (Ford 4:250-251)	C
502	ea	0159Lb1 (Ford 4:250-251)	C
1450	king	0159Lb1 (Ford 4:250-251)	C
1576	of	0159Lb1 (Ford 4:250-251)	C
668	and	0159Lb1 (Ford 4:250-251)	C
1401	i	0159Lb1 (Ford 4:250-251)	C
552	thought	0159Lb1 (Ford 4:250-251)	C
1393	they	0159Lb1 (Ford 4:250-251)	C
360	not	0159Lb1 (Ford 4:250-251)	C
1310	be	0159Lb1 (Ford 4:250-251)	C
545	en	0159Lb1 (Ford 4:250-251)	C
560	ti	0159Lb1 (Ford 4:250-251)	C
731	re	0159Lb1 (Ford 4:250-251)	C
897	ly	0159Lb1 (Ford 4:250-251)	C
1192	without	0159Lb1 (Ford 4:250-251)	C
525	ef	0159Lb1 (Ford 4:250-251)	C
319	fe	0159Lb1 (Ford 4:250-251)	C
1060	ct	0159Lb1 (Ford 4:250-251)	C
262	st	0159Rb1 (Ford 4:251-252)	C
1421	ill	0159Rb1 (Ford 4:251-252; mark +)	C
1426	in	0159Rb1 (Ford 4:251-252)	C
833	di	0159Rb1 (Ford 4:251-252)	C
1002	ca	0159Rb1 (Ford 4:251-252)	C
1372	te	0159Rb1 (Ford 4:251-252)	C
1385	the	0159Rb1 (Ford 4:251-252)	C
1184	wi	0159Rb1 (Ford 4:251-252)	C
1092	sh	0159Rb1 (Ford 4:251-252)	C
1426	in	0159Rb1 (Ford 4:251-252)	C
1385	the	0159Rb1 (Ford 4:251-252)	C
948	rus	0159Rb1 (Ford 4:251-252)	C
401	sian	0159Rb1 (Ford 4:251-252)	C
1229	govern	0159Rb1 (Ford 4:251-252)	C
637	ment	0159Rb1 (Ford 4:251-252)	C
1384	that	0159Rb1 (Ford 4:251-252)	C
1385	the	0159Rb1 (Ford 4:251-252)	C
498	war	0159Rb1 (Ford 4:251-252)	C
1381	between	0159Rb1 (Ford 4:251-252)	C
1385	the	0159Rb1 (Ford 4:251-252)	C
49	unitedstates	0159Rb1 (Ford 4:251-252)	C
668	and	0159Rb1 (Ford 4:251-252)	C
1290	england	0159Rb1 (Ford 4:251-252)	C
627	may	0159Rb1 (Ford 4:251-252)	C
1310	be	0159Rb1 (Ford 4:251-252)	C
1582	avoi	0159Rb1 (Ford 4:251-252; table object)	M
812	ded	0159Rb1 (Ford 4:251-252)	C
1440	it	0159Rb1 (Ford 4:251-252)	C
1436	is	0159Rb1 (Ford 4:251-252)	C
360	not	0159Rb1 (Ford 4:251-252)	C
1424	im	0159Rb1 (Ford 4:251-252)	C
220	prob	0159Rb1 (Ford 4:251-252; table probab)	M
1503	able	0159Rb1 (Ford 4:251-252)	C
1384	that	0159Rb1 (Ford 4:251-252)	C
1393	they	0159Rb1 (Ford 4:251-252)	C
627	may	0159Rb1 (Ford 4:251-252)	C
118	consider	0159Rb1 (Ford 4:251-252)	C
1386	their	0159Rb1 (Ford 4:251-252)	C
943	own	0159Rb1 (Ford 4:251-252)	C
1118	peace	0159Rb1 (Ford 4:251-252)	C
1190	with	0159Rb1 (Ford 4:251-252)	C
992	france	0159Rb1 (Ford 4:251-252)	C
692	as	0159Rb1 (Ford 4:251-252)	C
827	depend	0159Rb1 (Ford 4:251-252)	C
1429	ing	0159Rb1 (Ford 4:251-252)	C
162	much	0159Rb1 (Ford 4:251-252)	C
488	upon	0159Rb1 (Ford 4:251-252)	C
1440	it	0159Rb1 (Ford 4:251-252)	C
1385	the	0159Rb1 (Ford 4:251-252)	C
399	sy	0159Rb1 (Ford 4:251-252)	C
262	st	0159Rb1 (Ford 4:251-252)	C
539	em	0159Rb1 (Ford 4:251-252)	C
1576	of	0159Rb1 (Ford 4:251-252)	C
1385	the	0159Rb1 (Ford 4:251-252)	C
16	emperor	0159Rb1 (Ford 4:251-252)	C
402	na	0159Rb1 (Ford 4:251-252)	C
1148	po	0159Rb1 (Ford 4:251-252)	C
586	le	0159Rb1 (Ford 4:251-252)	C
1592	on	0159Rb1 (Ford 4:251-252)	C
1436	is	0159Rb1 (Ford 4:251-252)	C
657	yet	0159Rb1 (Ford 4:251-252)	C
1426	in	0159Rb1 (Ford 4:251-252)	C
1042	com	0159Rb1 (Ford 4:251-252)	C
1141	ple	0159Rb1 (Ford 4:251-252)	C
1392	te	0159Rb1 (Ford 4:251-252; table these)	M
692	as	0159Rb1 (Ford 4:251-252)	C
888	long	0159Rb1 (Ford 4:251-252)	C
692	as	0159Rb1 (Ford 4:251-252)	C
594	any	0159Rb1 (Ford 4:251-252; not in table)	C
1426	in	0159Rb1 (Ford 4:251-252)	C
600	let	0159Rb1 (Ford 4:251-252; table was)	M
569	to	0159Rb1 (Ford 4:251-252)	C
1037	co	0159Rb1 (Ford 4:251-252)	C
887	lo	0159Rb1 (Ford 4:251-252)	C
489	ni	0159Rb1 (Ford 4:251-252)	C
1535	al	0159Rb1 (Ford 4:251-252)	C
1228	goods	0159Rb1 (Ford 4:251-252; mark ^)	C
743	rem	0159Rb1 (Ford 4:251-252)	C
1531	ains	0159Rb1 (Ford 4:251-252; mark ^)	C
1551	o	0159Rb1 (Ford 4:251-252)	C
1121	pen	0159Rb1 (Ford 4:251-252)	C
668	and	0159Rb1 (Ford 4:251-252)	C
169	he	0159Rb1 (Ford 4:251-252)	C
1426	is	0159Rb1 (Ford 4:251-252; table in)	M
366	now	0159Rb1 (Ford 4:251-252)	C
1522	again	0159Rb1 (Ford 4:251-252)	C
731	re	0159Rb1 (Ford 4:251-252)	C
483	new	0159Rb1 (Ford 4:251-252; not in table)	C
1429	ing	0159Rb1 (Ford 4:251-252)	C
1385	the	0159Rb1 (Ford 4:251-252)	C
699	at	0159Rb1 (Ford 4:251-252)	C
1374	tem	0159Rb1 (Ford 4:251-252)	C
1361	t	0159Rb1 (Ford 4:251-252)	C
569	to	0159Rb1 (Ford 4:251-252)	C
212	prevent	0159Rb1 (Ford 4:251-252)	C
1535	all	0159Rb1 (Ford 4:251-252; mark +)	C
1042	com	0159Rb1 (Ford 4:251-252)	C
589	mer	0159Rb1 (Ford 4:251-252; table least/to)	M
1028	ci	0159Rb1 (Ford 4:251-252)	C
1535	al	0159Rb1 (Ford 4:251-252)	C
41	commu	0159Rb1 (Ford 4:251-252)	C
565	tion	0159Rb1 (Ford 4:251-252)	C
1331	between	0159Rb1 (Ford 4:251-252)	C
1290	england	0159Rb1 (Ford 4:251-252)	C
668	and	0159Rb1 (Ford 4:251-252)	C
948	rus	0159Rb1 (Ford 4:251-252)	C
1385	the	0159Rb1 (Ford 4:251-252; mark ^)	C
948	rus	0159Rb1 (Ford 4:251-252)	C
401	sian	0159Rb1 (Ford 4:251-252)	C
71	commerce	0159Rb1 (Ford 4:251-252)	C
1576	of	0159Rb1 (Ford 4:251-252)	C
289	ex	0159Rb1 (Ford 4:251-252)	C
1153	port	0159Rb1 (Ford 4:251-252; table ports)	M
864	ation	0159Rb1 (Ford 4:251-252)	C
1436	is	0159Rb1 (Ford 4:251-252)	C
1549	an	0159Rb1 (Ford 4:251-252)	C
1562	object	0159Rb1 (Ford 4:251-252)	C
1576	of	0159Rb1 (Ford 4:251-252)	C
81	such	0159Rb1 (Ford 4:251-252; table objection)	M
1424	im	0159Rb1 (Ford 4:251-252)	C
1153	port	0159Rb1 (Ford 4:251-252; table ports)	M
1550	ance	0159Rb1 (Ford 4:251-252)	C
360	not	0159Rb1 (Ford 4:251-252)	C
569	to	0159Rb1 (Ford 4:251-252)	C
1385	the	0159Rb1 (Ford 4:251-252)	C
411	nation	0159Rb1 (Ford 4:251-252)	C
790	but	0159Rb1 (Ford 4:251-252)	C
569	to	0159Rb1 (Ford 4:251-252)	C
1385	the	0159Rb1 (Ford 4:251-252)	C
1059	crown	0159Rb1 (Ford 4:251-252; not in table)	C
668	and	0159Rb1 (Ford 4:251-252)	C
569	to	0159Rb1 (Ford 4:251-252)	C
1385	the	0159Rb1 (Ford 4:251-252)	C
853	nobi	0159Rb1 (Ford 4:251-252; table idle)	M
1423	lity	0159Rb1 (Ford 4:251-252; table sibility)	M
1179	who	0159Rb1 (Ford 4:251-252)	C
1042	com	0159Rb1 (Ford 4:251-252)	C
1155	pose	0159Rb1 (Ford 4:251-252; table port)	M
1385	the	0159Rb1 (Ford 4:251-252)	C
1424	im	0159Rb1 (Ford 4:251-252)	C
1116	pe	0159Rb1 (Ford 4:251-252)	C
1464	ri	0159Rb1 (Ford 4:251-252)	C
1535	al	0159Rb1 (Ford 4:251-252)	C
1048	councils	0159Rb1 (Ford 4:251-252; mark ^)	C
668	and	0159Rb1 (Ford 4:251-252)	C
1042	comm	0159Rb1 (Ford 4:251-252; mark +)	C
668	and	0159Rb1 (Ford 4:251-252)	C
1426	in	0159Rb1 (Ford 4:251-252)	C
1385	the	0159Rb1 (Ford 4:251-252)	C
687	armies	0159Rb1 (Ford 4:251-252; table army; mark ^)	M
1384	that	0159Rb1 (Ford 4:251-252)	C
1393	they	0159Rb1 (Ford 4:251-252)	C
1006	can	0159Rb1 (Ford 4:251-252)	C
433	never	0159Rb1 (Ford 4:251-252)	C
1044	con	0159Rb1 (Ford 4:251-252)	C
1084	sent	0159Rb1 (Ford 4:251-252)	C
569	to	0159Rb1 (Ford 4:251-252)	C
1068	sa	0159Rb1 (Ford 4:251-252)	C
1054	cr	0159Rb1 (Ford 4:251-252; table cre)	M
1416	if	0159Rb1 (Ford 4:251-252)	C
1405	ice	0159Rb1 (Ford 4:251-252)	C
1387	it	0159Rb1 (Ford 4:251-252; table them)	M
357	nor	0159Rb1 (Ford 4:251-252)	C
1199	would	0159Rb1 (Ford 4:251-252)	C
1385	the	0159Rb1 (Ford 4:251-252)	C
249	so	0159Rb1 (Ford 4:251-252)	C
463	ver	0159Rb1 (Ford 4:251-252)	C
740	eign	0159Rb1 (Ford 4:251-252; not in table)	C
182	him	0159Rb1 (Ford 4:251-252)	C
1081	self	0159Rb1 (Ford 4:251-252)	C
1124	perhaps	0159Rb1 (Ford 4:251-252)	C
1310	be	0159Rb1 (Ford 4:251-252)	C
1075	se	0159Rb1 (Ford 4:251-252)	C
1103	cure	0159Rb1 (Ford 4:251-252; not in table; digit uncertain)	M
488	upon	0159Rb1 (Ford 4:251-252)	C
118	his	0159Rb1 (Ford 4:251-252; table consider/regard)	M
554	thr	0159Rb1 (Ford 4:251-252)	C
1594	one	0159Rb1 (Ford 4:251-252)	C
90	should	0159Rb1 (Ford 4:251-252)	C
169	he	0159Rb1 (Ford 4:251-252)	C
680	ar	0159Rb1 (Ford 4:251-252)	C
1461	rest	0159Rb1 (Ford 4:251-252)	C
545	en	0159Rb1 (Ford 4:251-252)	C
560	ti	0159Rb1 (Ford 4:251-252)	C
731	re	0159Rb1 (Ford 4:251-252)	C
897	ly	0159Rb1 (Ford 4:251-252)	C
1385	the	0159Rb1 (Ford 4:251-252)	C
1029	cir	0159Rb1 (Ford 4:251-252)	C
1061	cu	0159Rb1 (Ford 4:251-252)	C
1459	lation	0159Rb1 (Ford 4:251-252; table lations)	M
1176	which	0159Rb1 (Ford 4:251-252)	C
819	fe	0159Rb1 (Ford 4:251-252; not in table)	C
520	eds	0159Rb1 (Ford 4:251-252; mark ^)	C
1385	the	0159Rb1 (Ford 4:251-252)	C
249	so	0159Rb1 (Ford 4:251-252)	C
490	ur	0159Rb1 (Ford 4:251-252)	C
1016	ce	0159Rb1 (Ford 4:251-252)	C
1576	of	0159Rb1 (Ford 4:251-252)	C
184	his	0159Rb1 (Ford 4:251-252)	C
943	own	0159Rb1 (Ford 4:251-252)	C
731	re	0159Rb1 (Ford 4:251-252)	C
460	ven	0159Rb1 (Ford 4:251-252)	C
458	ues	0159Rb1 (Ford 4:251-252; table no/ve; mark ^)	M
668	and	0159Rb1 (Ford 4:251-252)	C
1576	of	0159Rb1 (Ford 4:251-252)	C
1385	the	0159Rb1 (Ford 4:251-252)	C
218	private	0159Rb1 (Ford 4:251-252; not in table)	C
981	for	0159Rb1 (Ford 4:251-252)	C
769	tunes	0159Rb1 (Ford 4:251-252; not in table; mark ^)	C
1576	of	0159Rb1 (Ford 4:251-252)	C
1535	all	0159Rb1 (Ford 4:251-252; mark +)	C
1385	the	0159Rb1 (Ford 4:251-252)	C
45	principal	0159Rb1 (Ford 4:251-252)	C
353	nobi	0159Rb1 (Ford 4:251-252; not in table)	M
1423	lity	0159Rb1 (Ford 4:251-252; table sibility)	M
790	but	0159Rb1 (Ford 4:251-252)	C
54	greatbritain	0159Rb1 (Ford 4:251-252; not in table)	C
668	and	0159Rb1 (Ford 4:251-252)	C
1385	the	0159Rb1 (Ford 4:251-252)	C
49	unitedstates	0159Rb1 (Ford 4:251-252)	C
684	are	0159Rb1 (Ford 4:251-252)	C
1385	the	0159Rb1 (Ford 4:251-252)	C
1597	only	0159Rb1 (Ford 4:251-252)	C
620	mark	0159Rb1 (Ford 4:251-252)	C
295	ets	0159Rb1 (Ford 4:251-252; table ex; mark ^)	M
981	for	0159Rb1 (Ford 4:251-252)	C
1399	this	0159Rb1 (Ford 4:251-252)	C
289	ex	0159Rb1 (Ford 4:251-252)	C
1153	port	0159Rb1 (Ford 4:251-252; table ports)	M
864	ation	0159Rb1 (Ford 4:251-252)	C
262	st	0159Rb1 (Ford 4:251-252)	C
1421	ill	0159Rb1 (Ford 4:251-252; mark +)	C
1551	o	0159Rb1 (Ford 4:251-252)	C
1121	pen	0159Rb1 (Ford 4:251-252)	C
668	and	0159Rb1 (Ford 4:251-252)	C
249	so	0159Rb1 (Ford 4:251-252)	C
888	long	0159Rb1 (Ford 4:251-252)	C
692	as	0159Rb1 (Ford 4:251-252)	C
1385	the	0159Rb1 (Ford 4:251-252)	C
1118	peace	0159Rb1 (Ford 4:251-252)	C
1331	between	0159Rb1 (Ford 4:251-252)	C
1387	them	0159Rb1 (Ford 4:251-252)	C
1044	con	0159Rb1 (Ford 4:251-252)	C
560	ti	0159Rb1 (Ford 4:251-252)	C
458	nues	0159Rb1 (Ford 4:251-252; table no/ve; mark ^)	M
1385	the	0159Rb1 (Ford 4:251-252)	C
1096	ships	0159Rb1 (Ford 4:251-252; mark ^)	C
668	and	0159Rb1 (Ford 4:251-252)	C
458	ve	0159Rb1 (Ford 4:251-252)	C
1080	ssels	0159Rb1 (Ford 4:251-252; mark ^)	C
1576	of	0159Rb1 (Ford 4:251-252)	C
1385	the	0159Rb1 (Ford 4:251-252)	C
49	unitedstates	0159Rb1 (Ford 4:251-252)	C
219	pro	0159Rb1 (Ford 4:251-252)	C
469	vi	0159Rb1 (Ford 4:251-252; table views)	M
809	de	0159Rb1 (Ford 4:251-252)	C
1385	the	0159Rb1 (Ford 4:251-252)	C
630	means	0159Rb1 (Ford 4:251-252; mark ^)	C
1576	of	0159Rb1 (Ford 4:251-252)	C
1465	carria	0159Rb1 (Ford 4:251-252; not in table)	M
1205	ge	0159Rb1 (Ford 4:251-252)	C
569	to	0159Rb1 (Ford 4:251-252)	C
1290	england	0159Rb1 (Ford 4:251-252)	C
692	as	0159Rb1 (Ford 4:251-252)	C
1167	well	0159Rb1 (Ford 4:251-252; mark +)	C
692	as	0159Rb1 (Ford 4:251-252)	C
569	to	0159Rb1 (Ford 4:251-252)	C
65	amer	0159Rb1 (Ford 4:251-252)	C
90	should	0159Rb1 (Ford 4:251-252)	C
4	however	0159Rb1 (Ford 4:251-252)	C
1385	the	0159Rb1 (Ford 4:251-252)	C
498	war	0159Rb1 (Ford 4:251-252)	C
1356	bre	0159Rb1 (Ford 4:251-252)	C
1534	ak	0159Rb1 (Ford 4:251-252)	C
938	out	0159Rb1 (Ford 4:251-252)	C
1385	the	0159Rb1 (Ford 4:251-252)	C
289	ex	0159Rb1 (Ford 4:251-252)	C
1153	port	0159Rb1 (Ford 4:251-252; table ports)	M
864	ation	0159Rb1 (Ford 4:251-252)	C
569	to	0159Rb1 (Ford 4:251-252)	C
1349	both	0159Rb1 (Ford 4:251-252)	C
646	would	0159Rb1 (Ford 4:251-252; table might)	M
1310	be	0159Rb1 (Ford 4:251-252)	C
1043	come	0159Rb1 (Ford 4:251-252)	C
162	much	0159Rb1 (Ford 4:251-252)	C
151	more	0159Rb1 (Ford 4:251-252)	C
838	difficul	0159Rb1 (Ford 4:251-252)	C
1385	the	0159Rb1 (Ford 4:251-252)	C
1291	english	0159Rb1 (Ford 4:251-252)	C
1310	be	0159Rb1 (Ford 4:251-252)	C
1429	ing	0159Rb1 (Ford 4:251-252)	C
622	masters	0159Rb1 (Ford 4:251-252; not in table; mark ^)	C
1576	of	0159Rb1 (Ford 4:251-252)	C
1385	the	0159Rb1 (Ford 4:251-252)	C
1305	bal	0159Rb1 (Ford 4:251-252)	C
560	ti	0159Rb1 (Ford 4:251-252)	C
1001	c	0159Rb1 (Ford 4:251-252)	C
1199	would	0159Rb1 (Ford 4:251-252)	C
220	probab	0159Rb1 (Ford 4:251-252)	C
897	ly	0159Rb1 (Ford 4:251-252)	C
360	not	0159Rb1 (Ford 4:251-252)	C
1123	per	0159Rb1 (Ford 4:251-252)	C
137	mit	0159Rb1 (Ford 4:251-252)	C
1385	the	0159Rb1 (Ford 4:251-252)	C
65	amer	0159Rb1 (Ford 4:251-252)	C
401	ican	0159Rb1 (Ford 4:251-252; table sian)	M
951	flag	0159Rb1 (Ford 4:251-252; not in table)	M
569	to	0159Rb1 (Ford 4:251-252)	C
677	appear	0159Rb1 (Ford 4:251-252; table appears)	M
488	upon	0159Rb1 (Ford 4:251-252)	C
1440	it	0159Rb1 (Ford 4:251-252)	C
352	no	0159Rb1 (Ford 4:251-252)	C
435	neutra	0159Rb1 (Ford 4:251-252)	C
458	ve	0159Rb1 (Ford 4:251-252)	C
179	hi	0159Rb1 (Ford 4:251-252; table hibit)	M
1035	cle	0159Rb1 (Ford 4:251-252)	C
1576	of	0159Rb1 (Ford 4:251-252)	C
71	commerce	0159Rb1 (Ford 4:251-252)	C
1199	would	0159Rb1 (Ford 4:251-252)	C
1310	be	0159Rb1 (Ford 4:251-252)	C
593	left	0159Rb1 (Ford 4:251-252)	C
368	and	0159Rb1 (Ford 4:251-252; not in table)	C
948	rus	0159Rb1 (Ford 4:251-252)	C
1199	would	0159Rb1 (Ford 4:251-252)	C
1310	be	0159Rb1 (Ford 4:251-252)	C
731	re	0159Rb1 (Ford 4:251-252)	C
1278	du	0159Rb1 (Ford 4:251-252)	C
1017	ced	0159Rb1 (Ford 4:251-252)	C
569	to	0159Rb1 (Ford 4:251-252)	C
1385	the	0159Rb1 (Ford 4:251-252)	C
1535	al	0159Rb1 (Ford 4:251-252)	C
1379	ter	0159Rb1 (Ford 4:251-252)	C
412	native	0159Rb1 (Ford 4:251-252)	C
1576	of	0159Rb1 (Ford 4:251-252)	C
1535	all	0159Rb1 (Ford 4:251-252; mark +)	C
177	her	0159Rb1 (Ford 4:251-252)	C
289	ex	0159Rb1 (Ford 4:251-252)	C
1153	port	0159Rb1 (Ford 4:251-252; table ports)	M
751	trade	0159Rb1 (Ford 4:251-252)	C
908	or	0159Rb1 (Ford 4:251-252)	C
1576	of	0159Rb1 (Ford 4:251-252)	C
1513	per	0159Rb1 (Ford 4:251-252; table ad/added)	M
137	mitt	0159Rb1 (Ford 4:251-252; mark +)	C
1429	ing	0159Rb1 (Ford 4:251-252)	C
1440	it	0159Rb1 (Ford 4:251-252)	C
569	to	0159Rb1 (Ford 4:251-252)	C
1310	be	0159Rb1 (Ford 4:251-252)	C
1013	carried	0159Rb1 (Ford 4:251-252; table carry; mark ^)	M
792	by	0159Rb1 (Ford 4:251-252)	C
1291	english	0159Rb1 (Ford 4:251-252)	C
458	ve	0159Rb1 (Ford 4:251-252; mark +)	C
1080	ssels	0159Rb1 (Ford 4:251-252; mark ^)	C
1385	the	0159Rb1 (Ford 4:251-252)	C
845	first	0159Rb1 (Ford 4:251-252; table dis)	M
1436	is	0159Rb1 (Ford 4:251-252)	C
1561	ob	0159Rb1 (Ford 4:251-252)	C
783	vious	0159Rb1 (Ford 4:251-252; not in table)	M
897	ly	0159Rb1 (Ford 4:251-252)	C
1385	the	0159Rb1 (Ford 4:251-252)	C
210	present	0159Rb1 (Ford 4:251-252)	C
1576	of	0159Rb1 (Ford 4:251-252)	C
992	france	0159Rb1 (Ford 4:251-252)	C
790	but	0159Rb1 (Ford 4:251-252)	C
1401	i	0159Rb1 (Ford 4:251-252)	C
1259	have	0159Rb1 (Ford 4:251-252)	C
389	sug	0159Rb1 (Ford 4:251-252)	C
1213	ges	0159Rb1 (Ford 4:251-252)	C
520	ed	0159Rb1 (Ford 4:251-252)	C
1385	the	0159Rb1 (Ford 4:251-252)	C
1015	causes	0159Rb1 (Ford 4:251-252; mark ^)	C
1176	which	0159Rb1 (Ford 4:251-252)	C
744	ren	0159Rb1 (Ford 4:251-252)	C
328	der	0159Rb1 (Ford 4:251-252; not in table)	C
1042	com	0159Rb1 (Ford 4:251-252)	C
1144	pli	0159Rb1 (Ford 4:251-252)	C
1550	ance	0159Rb1 (Ford 4:251-252)	C
1190	with	0159Rb1 (Ford 4:251-252)	C
1440	it	0159Rb1 (Ford 4:251-252)	C
178	here	0159Rb1 (Ford 4:251-252)	C
1424	im	0159Rb1 (Ford 4:251-252)	C
207	practi	0159Rb1 (Ford 4:251-252)	C
1503	able	0159Rb1 (Ford 4:251-252)	C
1385	the	0159Rb1 (Ford 4:251-252)	C
1047	second	0159Rb1 (Ford 4:251-252; table could)	M
1006	can	0159Rb1 (Ford 4:251-252)	C
360	not	0159Rb1 (Ford 4:251-252)	C
1310	be	0159Rb1 (Ford 4:251-252)	C
797	done	0159Rb1 (Ford 4:251-252)	C
1192	without	0159Rb1 (Ford 4:251-252)	C
1549	an	0159Rb1 (Ford 4:251-252)	C
866	avow	0159Rb1 (Ford 4:251-252; table au)	M
941	ed	0159Rb1 (Ford 4:251-252)	C
668	and	0159Rb1 (Ford 4:251-252)	C
983	form	0159Rb1 (Ford 4:251-252)	C
1535	al	0159Rb1 (Ford 4:251-252)	C
1118	peace	0159Rb1 (Ford 4:251-252)	C
1190	with	0159Rb1 (Ford 4:251-252)	C
1290	england	0159Rb1 (Ford 4:251-252)	C
908	or	0159Rb1 (Ford 4:251-252)	C
699	at	0159Rb1 (Ford 4:251-252)	C
589	least	0159Rb1 (Ford 4:251-252)	C
1192	without	0159Rb1 (Ford 4:251-252)	C
208	pre	0159Rb1 (Ford 4:251-252)	C
1028	ci	0159Rb1 (Ford 4:251-252)	C
1133	pit	0159Rb1 (Ford 4:251-252; not in table)	C
699	at	0159Rb1 (Ford 4:251-252)	C
1424	ing	0159Rb1 (Ford 4:251-252; table im)	M
1501	a	0159Rb1 (Ford 4:251-252)	C
498	war	0159Rb1 (Ford 4:251-252)	C
1190	with	0159Rb1 (Ford 4:251-252)	C
992	france	0159Rb1 (Ford 4:251-252)	C
1176	which	0159Rb1 (Ford 4:251-252)	C
948	russi	0159Rb1 (Ford 4:251-252; mark +)	C
1436	is	0159Rb1 (Ford 4:251-252)	C
1299	equal	0159Rb1 (Ford 4:251-252)	C
897	ly	0159Rb1 (Ford 4:251-252)	C
829	des	0159Rb1 (Ford 4:251-252; table dis)	M
1435	ir	0159Rb1 (Ford 4:251-252)	C
939	ous	0159Rb1 (Ford 4:251-252; table ow)	M
1576	of	0159Rb1 (Ford 4:251-252)	C
1582	avoi	0159Rb1 (Ford 4:251-252; table object)	M
801	d	0159Rb1 (Ford 4:251-252)	C
1429	ing	0159Rb1 (Ford 4:251-252)	C
1440	it	0159Rb1 (Ford 4:251-252)	C
1436	is	0159Rb1 (Ford 4:251-252)	C
1399	this	0159Rb1 (Ford 4:251-252)	C
469	view	0159Rb1 (Ford 4:251-252; table views)	M
1576	of	0159Rb1 (Ford 4:251-252)	C
1595	things	0159Rb1 (Ford 4:251-252; table ong; mark ^)	M
1176	which	0159Rb1 (Ford 4:251-252)	C
611	makes	0159Rb1 (Ford 4:251-252; mark ^)	C
948	rus	0159Rb1 (Ford 4:251-252)	C
1365	take	0159Rb1 (Ford 4:251-252)	C
249	so	0159Rb1 (Ford 4:251-252)	C
162	much	0159Rb1 (Ford 4:251-252)	C
1426	in	0159Rb1 (Ford 4:251-252)	C
1379	ter	0159Rb1 (Ford 4:251-252)	C
272	es	0159Rb1 (Ford 4:251-252)	C
1426	in	0159Rb1 (Ford 4:251-252)	C
984	our	0159Rb1 (Ford 4:251-252)	C
1118	peace	0159Rb1 (Ford 4:251-252)	C
1190	with	0159Rb1 (Ford 4:251-252)	C
1290	england	0159Rb1 (Ford 4:251-252)	C
357	nor	0159Rb1 (Ford 4:251-252)	C
1436	is	0159Rb1 (Ford 4:251-252)	C
1440	it	0159Rb1 (Ford 4:251-252)	C
1594	one	0159Rb1 (Ford 4:251-252)	C
1576	of	0159Rb1 (Ford 4:251-252)	C
1385	the	0159Rb1 (Ford 4:251-252)	C
156	motives	0159Rb1 (Ford 4:251-252; mark ^)	C
488	upon	0159Rb1 (Ford 4:251-252)	C
1176	which	0159Rb1 (Ford 4:251-252)	C
992	france	0159Rb1 (Ford 4:251-252)	C
1436	is	0159Rb1 (Ford 4:251-252)	C
249	so	0159Rb1 (Ford 4:251-252)	C
569	to	0159Rb1 (Ford 4:251-252)	C
222	procure	0159Rb1 (Ford 4:251-252; table produce)	M
1385	the	0159Rb1 (Ford 4:251-252)	C
498	war	0159Rb1 (Ford 4:251-252)	C
1385	the	0159Rb1 (Ford 4:251-252)	C
1071	same	0159Rb1 (Ford 4:251-252)	C
469	view	0159Rb1 (Ford 4:251-252; table views)	M
677	appears	0159Rb1 (Ford 4:251-252; mark ^)	C
569	to	0159Rb1 (Ford 4:251-252)	C
528	me	0159Rb1 (Ford 4:251-252; table re/resovereign)	M
360	not	0159Rb1 (Ford 4:251-252)	C
598	less	0159Rb1 (Ford 4:251-252; mark +)	C
1424	im	0159Rb1 (Ford 4:251-252)	C
1153	por	0159Rb1 (Ford 4:251-252; table ports)	M
573	tant	0159Rb1 (Ford 4:251-252; not in table)	M
569	to	0159Rb1 (Ford 4:251-252)	C
1385	the	0159Rb1 (Ford 4:251-252)	C
49	unitedstates	0159Rb1 (Ford 4:251-252)	C
1387	them	0159Rb1 (Ford 4:251-252)	C
1081	selves	0159Rb1 (Ford 4:251-252; table self; mark ^)	M
1182	whose	0159Rb1 (Ford 4:251-252)	C
1151	poli	0159Rb1 (Ford 4:251-252)	C
1066	cy	0159Rb1 (Ford 4:251-252)	C
1416	if	0159Rb1 (Ford 4:251-252)	C
1401	i	0159Rb1 (Ford 4:251-252)	C
627	may	0159Rb1 (Ford 4:251-252)	C
1310	be	0159Rb1 (Ford 4:251-252)	C
1123	per	0159Rb1 (Ford 4:251-252)	C
137	mit	0159Rb1 (Ford 4:251-252)	C
1373	ted	0159Rb1 (Ford 4:251-252)	C
569	to	0159Rb1 (Ford 4:251-252)	C
297	ex	0159Rb1 (Ford 4:251-252)	C
1549	an	0159Rb1 (Ford 4:251-252)	C
906	opinion	0159Rb1 (Ford 4:251-252)	C
1037	co	0159Rb1 (Ford 4:251-252)	C
1426	in	0159Rb1 (Ford 4:251-252)	C
1028	ci	0159Rb1 (Ford 4:251-252)	C
525	desen	0159Rb1 (Ford 4:251-252; table ef)	M
560	ti	0159Rb1 (Ford 4:251-252)	C
731	re	0159Rb1 (Ford 4:251-252)	C
897	ly	0159Rb1 (Ford 4:251-252)	C
1190	with	0159Rb1 (Ford 4:251-252)	C
1384	that	0159Rb1 (Ford 4:251-252)	C
1576	of	0159Rb1 (Ford 4:251-252)	C
948	rus	0159Rb1 (Ford 4:251-252)	C
1190	with	0160Lb1 (Ford 4:252-253)	C
1399	this	0160Lb1 (Ford 4:252-253)	C
216	principle	0160Lb1 (Ford 4:252-253)	C
558	thus	0160Lb1 (Ford 4:252-253; not in table)	M
866	avow	0160Lb1 (Ford 4:252-253; table au)	M
941	ed	0160Lb1 (Ford 4:252-253)	C
1401	i	0160Lb1 (Ford 4:252-253)	C
760	trust	0160Lb1 (Ford 4:252-253)	C
934	our	0160Lb1 (Ford 4:252-253)	C
91	merchants	0160Lb1 (Ford 4:252-253; table should; mark ^)	M
1186	will	0160Lb1 (Ford 4:252-253)	C
423	need	0160Lb1 (Ford 4:252-253)	C
352	no	0160Lb1 (Ford 4:252-253)	C
1513	ad	0160Lb1 (Ford 4:252-253)	C
833	di	0160Lb1 (Ford 4:252-253)	C
565	tion	0160Lb1 (Ford 4:252-253)	C
1535	al	0160Lb1 (Ford 4:252-253)	C
446	ning	0160Lb1 (Ford 4:252-253)	C
569	to	0160Lb1 (Ford 4:252-253)	C
1190	with	0160Lb1 (Ford 4:252-253)	C
188	hold	0160Lb1 (Ford 4:252-253)	C
1386	their	0160Lb1 (Ford 4:252-253)	C
458	ve	0160Lb1 (Ford 4:252-253)	C
1080	ssels	0160Lb1 (Ford 4:252-253; mark ^)	C
999	from	0160Lb1 (Ford 4:252-253)	C
699	at	0160Lb1 (Ford 4:252-253)	C
1374	tem	0160Lb1 (Ford 4:252-253)	C
560	ti	0160Lb1 (Ford 4:252-253)	C
438	ng	0160Lb1 (Ford 4:252-253)	C
569	to	0160Lb1 (Ford 4:252-253)	C
1112	pass	0160Lb1 (Ford 4:252-253; mark +)	C
437	nex	0160Lb1 (Ford 4:252-253)	C
260	tspr	0160Lb1 (Ford 4:252-253; not in table)	M
1429	ing	0160Lb1 (Ford 4:252-253)	C
1382	th	0160Lb1 (Ford 4:252-253)	C
1492	rough	0160Lb1 (Ford 4:252-253; not in table)	C
1385	the	0160Lb1 (Ford 4:252-253)	C
933	sound	0160Lb1 (Ford 4:252-253; table ready)	M
1393	they	0160Lb1 (Ford 4:252-253)	C
1006	can	0160Lb1 (Ford 4:252-253)	C
295	ex	0160Lb1 (Ford 4:252-253)	C
518	pect	0160Lb1 (Ford 4:252-253; table rect)	M
361	no	0160Lb1 (Ford 4:252-253)	C
1429	ing	0160Lb1 (Ford 4:252-253)	C
790	but	0160Lb1 (Ford 4:252-253)	C
668	and	0160Lb1 (Ford 4:252-253)	C
1044	con	0160Lb1 (Ford 4:252-253)	C
330	fi	0160Lb1 (Ford 4:252-253)	C
1093	sc	0160Lb1 (Ford 4:252-253; table shall)	M
864	ation	0160Lb1 (Ford 4:252-253)	C
1416	if	0160Lb1 (Ford 4:252-253)	C
1393	they	0160Lb1 (Ford 4:252-253)	C
810	fall	0160Lb1 (Ford 4:252-253; not in table; mark +)	C
1431	into	0160Lb1 (Ford 4:252-253)	C
1385	the	0160Lb1 (Ford 4:252-253)	C
1249	hands	0160Lb1 (Ford 4:252-253; mark ^)	C
1576	of	0160Lb1 (Ford 4:252-253)	C
995	french	0160Lb1 (Ford 4:252-253)	C
636	men	0160Lb1 (Ford 4:252-253)	C
1401	i	0160Lb1 (Ford 4:252-253)	C
195	hope	0160Lb1 (Ford 4:252-253)	C
1384	that	0160Lb1 (Ford 4:252-253)	C
1426	in	0160Lb1 (Ford 4:252-253)	C
25	deliberating	0160Lb1 (Ford 4:252-253; not in table; mark ^)	C
488	upon	0160Lb1 (Ford 4:252-253)	C
1385	the	0160Lb1 (Ford 4:252-253)	C
1052	course	0160Lb1 (Ford 4:252-253)	C
1576	of	0160Lb1 (Ford 4:252-253)	C
1065	policy	0160Lb1 (Ford 4:252-253; table cus)	M
569	to	0160Lb1 (Ford 4:252-253)	C
1310	be	0160Lb1 (Ford 4:252-253)	C
1190	with	0160Lb1 (Ford 4:252-253)	C
739	re	0160Lb1 (Ford 4:252-253)	C
569	to	0160Lb1 (Ford 4:252-253)	C
1290	england	0160Lb1 (Ford 4:252-253)	C
1399	this	0160Lb1 (Ford 4:252-253)	C
264	state	0160Lb1 (Ford 4:252-253)	C
1576	of	0160Lb1 (Ford 4:252-253)	C
1395	things	0160Lb1 (Ford 4:252-253; mark ^)	C
1186	will	0160Lb1 (Ford 4:252-253)	C
1310	be	0160Lb1 (Ford 4:252-253)	C
1035	cle	0160Lb1 (Ford 4:252-253)	C
680	ar	0160Lb1 (Ford 4:252-253)	C
897	ly	0160Lb1 (Ford 4:252-253)	C
668	and	0160Lb1 (Ford 4:252-253)	C
289	ex	0160Lb1 (Ford 4:252-253)	C
1144	pli	0160Lb1 (Ford 4:252-253)	C
897	ly	0160Lb1 (Ford 4:252-253)	C
480	under	0160Lb1 (Ford 4:252-253)	C
381	st	0160Lb1 (Ford 4:252-253)	C
1573	ood	0160Lb1 (Ford 4:252-253; table ad)	M
1416	if	0160Lb1 (Ford 4:252-253)	C
1164	we	0160Lb1 (Ford 4:252-253)	C
854	do	0160Lb1 (Ford 4:252-253)	C
360	not	0160Lb1 (Ford 4:252-253)	C
1356	bre	0160Lb1 (Ford 4:252-253)	C
1534	ak	0160Lb1 (Ford 4:252-253)	C
1190	with	0160Lb1 (Ford 4:252-253)	C
1290	england	0160Lb1 (Ford 4:252-253)	C
934	our	0160Lb1 (Ford 4:252-253)	C
751	trade	0160Lb1 (Ford 4:252-253)	C
569	to	0160Lb1 (Ford 4:252-253)	C
1385	the	0160Lb1 (Ford 4:252-253)	C
1305	bal	0160Lb1 (Ford 4:252-253)	C
560	ti	0160Lb1 (Ford 4:252-253)	C
1001	c	0160Lb1 (Ford 4:252-253)	C
1186	will	0160Lb1 (Ford 4:252-253)	C
1259	have	0160Lb1 (Ford 4:252-253)	C
884	little	0160Lb1 (Ford 4:252-253)	C
569	to	0160Lb1 (Ford 4:252-253)	C
675	ap	0160Lb1 (Ford 4:252-253)	C
208	pre	0160Lb1 (Ford 4:252-253)	C
169	he	0160Lb1 (Ford 4:252-253)	C
416	nd	0160Lb1 (Ford 4:252-253)	C
999	from	0160Lb1 (Ford 4:252-253)	C
992	france	0160Lb1 (Ford 4:252-253)	C
1161	resswill	0160Lb1 (Ford 4:252-253; table poli)	M
1175	whether	0160Lb1 (Ford 4:252-253)	C
1535	all	0160Lb1 (Ford 4:252-253; mark +)	C
934	our	0160Lb1 (Ford 4:252-253)	C
411	nation	0160Lb1 (Ford 4:252-253)	C
1535	al	0160Lb1 (Ford 4:252-253)	C
1426	in	0160Lb1 (Ford 4:252-253)	C
1379	ter	0160Lb1 (Ford 4:252-253)	C
272	ests	0160Lb1 (Ford 4:252-253; mark ^)	C
584	are	0160Lb1 (Ford 4:252-253; table chy)	M
360	not	0160Lb1 (Ford 4:252-253)	C
1299	equal	0160Lb1 (Ford 4:252-253)	C
897	ly	0160Lb1 (Ford 4:252-253)	C
1035	secure	0160Lb1 (Ford 4:252-253; table cle)	M
999	from	0160Lb1 (Ford 4:252-253)	C
674	any	0160Lb1 (Ford 4:252-253)	C
1157	poss	0160Lb1 (Ford 4:252-253)	C
586	ble	0160Lb1 (Ford 4:252-253)	C
1243	ha	0160Lb1 (Ford 4:252-253)	C
1484	rm	0160Lb1 (Ford 4:252-253; table ms)	M
1094	she	0160Lb1 (Ford 4:252-253)	C
1006	can	0160Lb1 (Ford 4:252-253)	C
554	do	0160Lb1 (Ford 4:252-253; table thr)	M
491	us	0160Lb1 (Ford 4:252-253)	C
1592	on	0160Lb1 (Ford 4:252-253)	C
1385	the	0160Lb1 (Ford 4:252-253)	C
1071	same	0160Lb1 (Ford 4:252-253)	C
1393	they	0160Lb1 (Ford 4:252-253)	C
1186	will	0160Lb1 (Ford 4:252-253)	C
1541	also	0160Lb1 (Ford 4:252-253; not in table)	C
1175	whether	0160Lb1 (Ford 4:252-253; digit uncertain)	M
1190	with	0160Lb1 (Ford 4:252-253)	C
31	such	0160Lb1 (Ford 4:252-253)	C
216	principles	0160Lb1 (Ford 4:252-253; mark ^)	C
866	avow	0160Lb1 (Ford 4:252-253; table au)	M
941	ed	0160Lb1 (Ford 4:252-253)	C
668	and	0160Lb1 (Ford 4:252-253)	C
1385	the	0160Lb1 (Ford 4:252-253)	C
207	practi	0160Lb1 (Ford 4:252-253)	C
1405	ce	0160Lb1 (Ford 4:252-253; table ice)	M
938	out	0160Lb1 (Ford 4:252-253)	C
1475	stripp	0160Lb1 (Ford 4:252-253; not in table; mark +)	M
1429	ing	0160Lb1 (Ford 4:252-253)	C
282	even	0160Lb1 (Ford 4:252-253)	C
1385	the	0160Lb1 (Ford 4:252-253)	C
216	principles	0160Lb1 (Ford 4:252-253; mark ^)	C
1385	the	0160Lb1 (Ford 4:252-253)	C
1092	sh	0160Lb1 (Ford 4:252-253)	C
1513	ad	0160Lb1 (Ford 4:252-253)	C
939	ow	0160Lb1 (Ford 4:252-253)	C
1576	of	0160Lb1 (Ford 4:252-253)	C
1549	an	0160Lb1 (Ford 4:252-253)	C
40	obligation	0160Lb1 (Ford 4:252-253; table circumstances)	M
488	upon	0160Lb1 (Ford 4:252-253)	C
1385	the	0160Lb1 (Ford 4:252-253)	C
49	unitedstates	0160Lb1 (Ford 4:252-253)	C
743	rem	0160Lb1 (Ford 4:252-253)	C
1531	ain	0160Lb1 (Ford 4:252-253)	C
569	to	0160Lb1 (Ford 4:252-253)	C
1426	in	0160Lb1 (Ford 4:252-253)	C
1386	their	0160Lb1 (Ford 4:252-253)	C
72	measures	0160Lb1 (Ford 4:252-253; mark ^)	C
1576	of	0160Lb1 (Ford 4:252-253)	C
815	def	0160Lb1 (Ford 4:252-253)	C
546	ense	0160Lb1 (Ford 4:252-253; table ence)	M
1081	self	0160Lb1 (Ford 4:252-253)	C
219	pro	0160Lb1 (Ford 4:252-253)	C
1060	ct	0160Lb1 (Ford 4:252-253)	C
1433	ion	0160Lb1 (Ford 4:252-253)	C
908	or	0160Lb1 (Ford 4:252-253)	C
731	re	0160Lb1 (Ford 4:252-253)	C
1084	sent	0160Lb1 (Ford 4:252-253)	C
687	ment	0160Lb1 (Ford 4:252-253; table army)	M
1331	between	0160Lb1 (Ford 4:252-253)	C
177	her	0160Lb1 (Ford 4:252-253)	C
668	and	0160Lb1 (Ford 4:252-253)	C
177	her	0160Lb1 (Ford 4:252-253)	C
