# Values fixed by aligning coded passages of JQA despatches of Oct 1811 - July 1812 (transcribed from M35 reel 3 frames,
# codes_ford1812.txt) with the plaintext Ford printed from the Department's decipherment (Writings of JQA vol. 4) and,
# where the frame has one, the later interlinear gloss. python align.py codes_ford1812.txt code_table.tsv
# number<TAB>value<TAB>frame+block (Ford page; note)<TAB>grade: C = fixed by Ford between known neighbours; M = the split or digit is a judgement
1176	which	0214b1 (Ford 4:362-363)	C
488	in	0214b1 (Ford 4:362-363; gloss and Ford "in"; 488 = upon H elsewhere, digit reading or JQA slip)	M
1501	a	0214b1 (Ford 4:362-363)	C
151	more	0214b1 (Ford 4:362-363)	C
731	re	0214b1 (Ford 4:362-363)	C
1019	cen	0214b1 (Ford 4:362-363)	C
1044	con	0214b1 (Ford 4:362-363)	C
463	ver	0214b1 (Ford 4:362-363)	C
1068	sa	0214b1 (Ford 4:362-363)	C
565	tion	0214b1 (Ford 4:362-363)	C
1190	with	0214b1 (Ford 4:362-363)	C
1385	the	0214b1 (Ford 4:362-363)	C
1458	late	0214b1 (Ford 4:362-363)	C
996	French	0214b1 (Ford 4:362-363; gloss French; 996 = fri 4x in No. 95 (fri-end), so here probably 995 (French H) misread or JQA slip)	M
1524	am	0214b1 (Ford 4:362-363; am-bass-ad-or; probably 1544 (am H) misread)	M
1308	bass	0214b1 (Ford 4:362-363)	C
1513	ad	0214b1 (Ford 4:362-363)	C
908	or	0214b1 (Ford 4:362-363)	C
1401	i	0214b1 (Ford 4:362-363)	C
1259	have	0214b1 (Ford 4:362-363)	C
1123	per	0214b1 (Ford 4:362-363)	C
1018	ceived	0214b1 (Ford 4:362-363)	C
668	and	0214b1 (Ford 4:362-363)	C
1176	which	0215b1l1 (Ford 4:364)	C
677	appear	0215b1l1 (Ford 4:364)	C
520	ed	0215b1l1 (Ford 4:364)	C
1426	in	0215b1l1 (Ford 4:364)	C
1385	the	0215b1l1 (Ford 4:364)	C
1291	english	0215b1l1 (Ford 4:364)	C
436	news	0215b1l1 (Ford 4:364)	C
1107	papers	0215b1l1 (Ford 4:364; news-papers, with superscript o; next line lost in the gutter)	C
500	was	0215b1l1 (Ford 4:364)	C
94	therefore	0215b1l2 (Ford 4:364)	C
692	as	0215b1l2 (Ford 4:364)	C
1401	i	0215b1l2 (Ford 4:364)	C
1244	had	0215b1l2 (Ford 4:364)	C
699	at	0215b1l2 (Ford 4:364)	C
345	first	0215b1l2 (Ford 4:364)	C
480	under	0215b1l2 (Ford 4:364)	C
262	st	0215b1l2 (Ford 4:364)	C
1373	ood	0215b1l2 (Ford 4:364; under-st-ood, gloss; 1373 = ted H elsewhere, digit doubtful)	M
213	pri	0215b1l2 (Ford 4:364)	C
908	or	0215b1l2 (Ford 4:364)	C
1426	in	0215b1l2 (Ford 4:364)	C
807	date	0215b1l2 (Ford 4:364; gloss "date" over 807 (or 809); 807 = ly C 1x elsewhere)	M
569	to	0215b1l2 (Ford 4:364)	C
565	tion	0215b1l3 (Ford 4:364)	C
1576	of	0215b1l3 (Ford 4:364)	C
1387	them	0215b1l3 (Ford 4:364)	C
569	to	0215b1l3 (Ford 4:364)	C
1385	the	0215b1l3 (Ford 4:364)	C
995	french	0215b1l3 (Ford 4:364)	C
1229	govern	0215b1l3 (Ford 4:364)	C
637	ment	0215b1l3 (Ford 4:364)	C
790	but	0215b1l3 (Ford 4:364)	C
1440	it	0215b1l3 (Ford 4:364)	C
500	was	0215b1l3 (Ford 4:364)	C
249	so	0215b1l3 (Ford 4:364)	C
420	near	0215b1l3 (Ford 4:364)	C
592	ly	0215b1l3 (Ford 4:364; near-ly, group blotted)	M
1385	the	0215b1l3 (Ford 4:364)	C
1071	same	0215b1l3 (Ford 4:364)	C
503	ti(me)	0215b1l3 (Ford 4:364; the same ti-me, last group before the gutter)	M
699	me	0215b1l4 (Ford 4:364; ti-me? first group overwritten; 699 = at H elsewhere)	M
569	to	0215b1l4 (Ford 4:364)	C
1259	have	0215b1l4 (Ford 4:364)	C
222	produced	0215b1l4 (Ford 4:364)	C
1426	in	0215b1l4 (Ford 4:364)	C
1385	the	0215b1l4 (Ford 4:364)	C
16	emperor	0215b1l4 (Ford 4:364)	C
402	na	0215b1l4 (Ford 4:364)	C
1148	po	0215b1l4 (Ford 4:364)	C
586	le	0215b1l4 (Ford 4:364)	C
1592	ons	0215b1l4 (Ford 4:364)	C
650	mind	0215b1l4 (Ford 4:364)	C
1385	the	0215b1l4 (Ford 4:364)	C
1044	con	0215b1l4 (Ford 4:364)	C
467	vi	0215b1l4 (Ford 4:364)	C
1060	ct	0215b1l4 (Ford 4:364)	C
389	sug	0215b1l5 (Ford 4:364)	C
1213	ges	0215b1l5 (Ford 4:364)	C
520	ed	0215b1l5 (Ford 4:364)	C
1426	in	0215b1l5 (Ford 4:364)	C
167	my	0215b1l5 (Ford 4:364)	C
879	letter	0215b1l5 (Ford 4:364)	C
668	and	0215b1l5 (Ford 4:364)	C
1426	in	0215b1l5 (Ford 4:364)	C
352	no	0215b1l5 (Ford 4:364)	C
247	small	0215b1l5 (Ford 4:364; with the mark)	C
817	degree	0215b1l5 (Ford 4:364; no small degree, gloss)	M
1521	ag	0215b1l5 (Ford 4:364)	C
1231	gra	0215b1l5 (Ford 4:364)	C
452	va	0215b1l5 (Ford 4:364)	C
1373	ted	0215b1l5 (Ford 4:364)	C
184	his	0215b1l5 (Ford 4:364)	C
1453	irr(itation)	0215b1l5 (Ford 4:364; his irrit-, rest lost in the gutter; 1453 = la in Fin-la-nd (0196L))	M
1385	the	0194Lb1l1 (Ford 4:324)	C
1042	com	0194Lb1l1 (Ford 4:324)	C
1332	bi	0194Lb1l1 (Ford 4:324)	C
411	nation	0194Lb1l1 (Ford 4:324)	C
1576	of	0194Lb1l1 (Ford 4:324)	C
205	power	0194Lb1l1 (Ford 4:324)	C
1176	which	0194Lb1l1 (Ford 4:324)	C
366	now	0194Lb1l1 (Ford 4:324)	C
554	thr	0194Lb1l1 (Ford 4:324)	C
673	eat	0194Lb1l1 (Ford 4:324; thr-eat-ens, gloss)	M
545	ens	0194Lb1l1 (Ford 4:324)	C
1399	this	0194Lb1l1 (Ford 4:324)	C
1050	coun(try)	0194Lb1l1 (Ford 4:324; rest lost in the gutter)	C
1436	is	0194Lb1l2 (Ford 4:324)	C
249	so	0194Lb1l2 (Ford 4:324)	C
981	for	0194Lb1l2 (Ford 4:324)	C
643	mi	0194Lb1l2 (Ford 4:324)	C
812	da	0194Lb1l2 (Ford 4:324; formi-da-ble)	C
1340	ble	0194Lb1l2 (Ford 4:324)	C
1384	that	0194Lb1l2 (Ford 4:324)	C
1426	in	0194Lb1l2 (Ford 4:324)	C
525	en	0194Lb1l2 (Ford 4:324; en-ter-ing, gloss; probably 545 (en H) misread)	M
1379	ter	0194Lb1l2 (Ford 4:324)	C
1429	ing	0194Lb1l2 (Ford 4:324)	C
488	upon	0194Lb1l2 (Ford 4:324)	C
1385	the	0194Lb1l2 (Ford 4:324)	C
498	war	0194Lb1l2 (Ford 4:324)	C
1005	sc?	0194Lb1l3 (Ford 4:324-325; scarcely: 1005 1093 680 1016 897 = ?-?-ar-ce-ly; she can lost at the end of l.2 or here)	M
1093	?	0194Lb1l3 (Ford 4:324-325; see 1005; 1093 = shall H elsewhere)	M
680	ar	0194Lb1l3 (Ford 4:324-325)	C
1016	ce	0194Lb1l3 (Ford 4:324-325)	C
897	ly	0194Lb1l3 (Ford 4:324-325)	C
1403	cal	0194Lb1l3 (Ford 4:324-325; cal-cu-late, gloss; the 4 blotted)	C
1061	cu	0194Lb1l3 (Ford 4:324-325; cal-cu-late)	C
1438	late	0194Lb1l3 (Ford 4:324-325; calcu-late; probably 1458 (late H) misread)	M
488	upon	0194Lb1l3 (Ford 4:324-325)	C
674	any	0194Lb1l3 (Ford 4:324-325)	C
728	ra(tion)	0194Lb1l3 (Ford 4:324-325; ra-tion-al? 728 = ation H elsewhere)	M
1635	al	0194Lb1l3 (Ford 4:324-325)	C
978	fo(un)	0194Lb1l3 (Ford 4:324-325; fo-un-da-tion; 479 un follows)	M
479	un	0194Lb1l3 (Ford 4:324-325)	C
802	da	0194Lb1l3 (Ford 4:324-325)	C
565	tion	0194Lb1l4 (Ford 4:325)	C
1384	that	0194Lb1l4 (Ford 4:325)	C
1094	she	0194Lb1l4 (Ford 4:325)	C
1186	will	0194Lb1l4 (Ford 4:325)	C
1436	is	0194Lb1l4 (Ford 4:325)	C
387	sue	0194Lb1l4 (Ford 4:325)	C
999	from	0194Lb1l4 (Ford 4:325)	C
1440	it	0194Lb1l4 (Ford 4:325)	C
1192	without	0194Lb1l4 (Ford 4:325)	C
1576	of	0194Lb1l4 (Ford 4:325)	C
1379	ter	0194Lb1l4 (Ford 4:325)	C
1404	ri(to)	0194Lb1l4 (Ford 4:325; ter-ri-to-ry, gloss; group before the gutter)	M
949	ry	0194Lb1l5 (Ford 4:325)	C
668	and	0194Lb1l5 (Ford 4:325)	C
1576	of	0194Lb1l5 (Ford 4:325)	C
731	re	0194Lb1l5 (Ford 4:325)	C
1309	lation	0194Lb1l5 (Ford 4:325; re-lation, gloss and Ford; cf. 0188R my an-s-wer (1309 = wer?))	M
1440	it	0196Lb1l1 (Ford 4:338)	C
1436	is	0196Lb1l1 (Ford 4:338)	C
480	under	0196Lb1l1 (Ford 4:338)	C
262	st	0196Lb1l1 (Ford 4:338)	C
1599	ood	0196Lb1l1 (Ford 4:338; under-st-ood, gloss)	M
1384	that	0196Lb1l1 (Ford 4:338)	C
1426	in	0196Lb1l1 (Ford 4:338)	C
1399	this	0196Lb1l1 (Ford 4:338)	C
1044	con	0196Lb1l1 (Ford 4:338)	C
1068	sa	0196Lb1l2 (Ford 4:338)	C
565	tion	0196Lb1l2 (Ford 4:338)	C
1385	the	0196Lb1l2 (Ford 4:338)	C
16	emperor	0196Lb1l2 (Ford 4:338)	C
352	no	0196Lb1l2 (Ford 4:338)	C
560	ti	0196Lb1l2 (Ford 4:338)	C
1017	ced	0196Lb1l2 (Ford 4:338)	C
1385	the	0196Lb1l2 (Ford 4:338)	C
46	circumstance	0196Lb1l2 (Ford 4:338)	C
1576	of	0196Lb1l2 (Ford 4:338)	C
1399	this	0196Lb1l2 (Ford 4:338)	C
680	ar	0196Lb1l2 (Ford 4:338)	C
643	ma	0196Lb1l2 (Ford 4:338; ar-ma-me-nt; gloss writes mi; 643 = mi H elsewhere)	M
628	me	0196Lb1l2 (Ford 4:338)	C
369	nt	0196Lb1l2 (Ford 4:338)	C
297	expressed	0196Lb1l3 (Ford 4:338; with the mark)	C
184	his	0196Lb1l3 (Ford 4:338)	C
1044	con	0196Lb1l3 (Ford 4:338)	C
350	fi	0196Lb1l3 (Ford 4:338; con-fi-den-ce, gloss and Ford; 350 = few in 1811 Ford M)	C
823	den	0196Lb1l3 (Ford 4:338)	C
1016	ce	0196Lb1l3 (Ford 4:338)	C
1384	that	0196Lb1l3 (Ford 4:338)	C
1440	its	0196Lb1l3 (Ford 4:338; with superscript o)	C
1582	object	0196Lb1l3 (Ford 4:338; gloss)	C
500	was	0196Lb1l3 (Ford 4:338)	C
360	not	0196Lb1l3 (Ford 4:338)	C
569	to	0196Lb1l3 (Ford 4:338)	C
1510	act	0196Lb1l3 (Ford 4:338)	C
1523	against	0196Lb1l3 (Ford 4:338)	C
1179	who	0196Lb1l4 (Ford 4:338)	C
1592	on	0196Lb1l4 (Ford 4:338)	C
31	such	0196Lb1l4 (Ford 4:338)	C
1501	a	0196Lb1l4 (Ford 4:338)	C
386	sud	0196Lb1l4 (Ford 4:338)	C
823	den	0196Lb1l4 (Ford 4:338)	C
1569	occasion	0196Lb1l4 (Ford 4:338)	C
1047	could	0196Lb1l4 (Ford 4:338)	C
360	not	0196Lb1l4 (Ford 4:338)	C
234	sp(eak)	0196Lb1l4 (Ford 4:338; gloss sp; 501 1534 e-ak follow on l.5)	M
501	e	0196Lb1l5 (Ford 4:338)	C
1534	ak	0196Lb1l5 (Ford 4:338)	C
1190	with	0196Lb1l5 (Ford 4:338)	C
1576	of	0196Lb1l5 (Ford 4:338)	C
332	fi	0196Lb1l5 (Ford 4:338)	C
866	au	0196Lb1l5 (Ford 4:338)	C
1400	tho	0196Lb1l5 (Ford 4:338)	C
1464	ri	0196Lb1l5 (Ford 4:338)	C
776	ty	0196Lb1l5 (Ford 4:338)	C
692	as	0196Lb1l5 (Ford 4:338)	C
395	sur	0196Lb1l5 (Ford 4:338)	C
520	ed	0196Lb1l5 (Ford 4:338)	C
4	however	0196Lb1l5 (Ford 4:338; H.M. written in clear before it)	C
184	his	0196Lb1l6 (Ford 4:338)	C
1208	general	0196Lb1l6 (Ford 4:338)	C
64	know	0196Lb1l6 (Ford 4:338)	C
592	ledge	0196Lb1l6 (Ford 4:338)	C
1576	of	0196Lb1l6 (Ford 4:338)	C
1385	the	0196Lb1l6 (Ford 4:338)	C
469	views	0196Lb1l6 (Ford 4:338)	C
1576	of	0196Lb1l6 (Ford 4:338)	C
184	his	0196Lb1l6 (Ford 4:338)	C
1229	govern	0196Lb1l6 (Ford 4:338)	C
637	ment	0196Lb1l6 (Ford 4:338)	C
1384	that	0196Lb1l6 (Ford 4:338)	C
1393	these	0196Lb1l6 (Ford 4:338; gloss and Ford these; 1393 = they H, probably 1392)	M
1232	har	0196Lb1l6 (Ford 4:338; har-bo(red), gloss; rest lost in the gutter)	M
738	ed	0196Lb1l7 (Ford 4:338)	C
352	no	0196Lb1l7 (Ford 4:338)	C
198	hos	0196Lb1l7 (Ford 4:338)	C
562	tile	0196Lb1l7 (Ford 4:338; hos-tile, gloss)	M
1426	in	0196Lb1l7 (Ford 4:338)	C
1378	tentions	0196Lb1l7 (Ford 4:338; in-tentions, gloss)	C
1523	against	0196Lb1l7 (Ford 4:338)	C
948	rus	0196Lb1l7 (Ford 4:338)	C
1384	that	0196Lb1l7 (Ford 4:338)	C
1393	they	0196Lb1l7 (Ford 4:338)	C
118	considered	0196Lb1l7 (Ford 4:338; gloss; with the mark)	C
341	Fin	0196Lb1l7 (Ford 4:338; Fin-la-nd, gloss)	C
1453	la	0196Lb1l7 (Ford 4:338; Fin-la-nd, gloss)	C
416	nd	0196Lb1l8 (Ford 4:338)	C
692	as	0196Lb1l8 (Ford 4:338)	C
1435	ir	0196Lb1l8 (Ford 4:338)	C
731	re	0196Lb1l8 (Ford 4:338)	C
756	tri	0196Lb1l8 (Ford 4:338; ir-re-tri-eva-bl-y, gloss)	M
281	eva	0196Lb1l8 (Ford 4:338; gloss)	M
1338	bl	0196Lb1l8 (Ford 4:338; gloss)	M
653	y	0196Lb1l8 (Ford 4:338; gloss)	M
1227	gone	0196Lb1l8 (Ford 4:338)	C
360	not	0196Lb1l8 (Ford 4:338)	C
1597	only	0196Lb1l8 (Ford 4:338)	C
792	by	0196Lb1l8 (Ford 4:338)	C
1385	the	0196Lb1l8 (Ford 4:338)	C
1022	ces	0196Lb1l8 (Ford 4:338)	C
983	form	0196Lb1l9 (Ford 4:338)	C
1538	ally	0196Lb1l9 (Ford 4:338)	C
605	made	0196Lb1l9 (Ford 4:338)	C
699	at	0196Lb1l9 (Ford 4:338)	C
1385	the	0196Lb1l9 (Ford 4:338)	C
1457	last	0196Lb1l9 (Ford 4:338; the last treaty, gloss)	C
755	trea	0196Lb1l9 (Ford 4:338)	C
653	ty	0196Lb1l9 (Ford 4:338)	C
1576	of	0196Lb1l9 (Ford 4:338)	C
1118	peace	0196Lb1l9 (Ford 4:338)	C
790	but	0196Lb1l9 (Ford 4:338)	C
792	by	0196Lb1l9 (Ford 4:338)	C
1440	its	0196Lb1l9 (Ford 4:338; with superscript o)	C
413	na(tural)	0196Lb1l9 (Ford 4:338; gloss nature, rest lost in the gutter)	M
1148	po	0196Lb1l10 (Ford 4:338)	C
1098	si	0196Lb1l10 (Ford 4:338)	C
565	tion	0196Lb1l10 (Ford 4:338)	C
249	so	0196Lb1l10 (Ford 4:338)	C
1044	con	0196Lb1l10 (Ford 4:338)	C
560	ti	0196Lb1l10 (Ford 4:338)	C
1238	gu	0196Lb1l10 (Ford 4:338; con-ti-gu-ous)	C
937	ous	0196Lb1l10 (Ford 4:338)	C
569	to	0196Lb1l10 (Ford 4:338)	C
1385	the	0196Lb1l10 (Ford 4:338)	C
1461	rest	0196Lb1l10 (Ford 4:338)	C
1576	of	0196Lb1l10 (Ford 4:338)	C
1385	the	0196Lb1l10 (Ford 4:338)	C
948	rus	0196Lb1l10 (Ford 4:338)	C
854	do	0196Lb1l11 (Ford 4:338)	C
649	mi	0196Lb1l11 (Ford 4:338; do-mi-nion-s)	M
1433	nion	0196Lb1l11 (Ford 4:338; do-mi-nion-s with superscript o (1433 = ion))	M
1383	than	0199Lb1 (Ford 4:344-345)	C
1436	is	0199Lb1 (Ford 4:344-345)	C
1065	cus	0199Lb1 (Ford 4:344-345; cus-tomary)	M
691	tomary	0199Lb1 (Ford 4:344-345; cus-tomary, gloss)	M
1548	among	0199Lb1 (Ford 4:344-345; gloss and Ford; also 0165 l.2)	C
1385	the	0199Lb1 (Ford 4:344-345)	C
913	origin	0199Lb1 (Ford 4:344-345)	C
1535	al	0199Lb1 (Ford 4:344-345)	C
948	rus	0199Lb1 (Ford 4:344-345)	C
401	ians	0199Lb1 (Ford 4:344-345; Russ-ians with superscript o)	C
668	and	0199Lb1 (Ford 4:344-345)	C
169	he	0199Lb1 (Ford 4:344-345)	C
1254	has	0199Lb1 (Ford 4:344-345)	C
1365	taken	0199Lb1 (Ford 4:344-345)	C
352	no	0199Lb1 (Ford 4:344-345)	C
1104	pains	0199Lb1 (Ford 4:344-345)	C
569	to	0199Lb1 (Ford 4:344-345)	C
1044	con	0199Lb1 (Ford 4:344-345)	C
1016	ce	0199Lb1 (Ford 4:344-345)	C
1535	al	0199Lb1 (Ford 4:344-345)	C
908	or	0199Lb1 (Ford 4:344-345)	C
845	dis	0199Lb1 (Ford 4:344-345)	C
1240	gui	0199Lb1 (Ford 4:344-345; dis-gui-se)	M
1075	se	0199Lb1 (Ford 4:344-345; dis-gui-se)	M
184	his	0199Lb1 (Ford 4:344-345)	C
1424	im	0199Lb1 (Ford 4:344-345; Ford (Dept decypherment) impressions; the later interlinear gloss writes ex)	C
209	pres	0199Lb1 (Ford 4:344-345)	C
236	sions	0199Lb1 (Ford 4:344-345)	C
1426	in	0199Lb1 (Ford 4:344-345)	C
742	relat	0199Lb1 (Ford 4:344-345; rela-tion)	M
1433	ion	0199Lb1 (Ford 4:344-345; rela-tion (742 rela(t)))	C
569	to	0199Lb1 (Ford 4:344-345)	C
992	france	0199Lb1 (Ford 4:344-345)	C
1401	I	0153b1 (Ford 4:237)	C
1068	sa	0153b1 (Ford 4:237)	C
496	w	0153b1 (Ford 4:237; sa-w)	C
1385	the	0153b1 (Ford 4:237)	C
995	french	0153b1 (Ford 4:237)	C
1544	am	0153b1 (Ford 4:237)	C
1308	bass	0153b1 (Ford 4:237)	C
1513	ad	0153b1 (Ford 4:237)	C
908	or	0153b1 (Ford 4:237)	C
1501	a	0153b1 (Ford 4:237)	C
329	few	0153b1 (Ford 4:237)	C
808	day	0153b1 (Ford 4:237)	C
235	ago	0153b1 (Ford 4:237; a few days ago; 235 = since H elsewhere)	M
668	and	0153b1 (Ford 4:237)	C
169	he	0153b1 (Ford 4:237)	C
570	tol	0153b1 (Ford 4:237; tol-d)	C
811	d	0153b1 (Ford 4:237; tol-d; probably 801 (tol 801 twice in 0188R))	M
628	me	0153b1 (Ford 4:237)	C
1384	that	0153b1 (Ford 4:237)	C
169	he	0153b1 (Ford 4:237)	C
1244	had	0153b1 (Ford 4:237)	C
731	re	0153b1 (Ford 4:237)	C
1018	ceived	0153b1 (Ford 4:237)	C
1549	an	0153b1 (Ford 4:237)	C
289	ex	0153b1 (Ford 4:237)	C
1134	pl	0153b1 (Ford 4:237; ex-pl-ic-it)	C
1404	ic	0153b1 (Ford 4:237; ex-pl-ic-it)	C
1440	it	0153b1 (Ford 4:237; ex-pl-ic-it)	C
692	as	0153b1 (Ford 4:237)	C
395	sur	0153b1 (Ford 4:237)	C
1550	ance	0153b1 (Ford 4:237)	C
1449	k (from?)	0153b1 (Ford 4:237; Ford prints from Keromansoff: the Dept decypherer read 1449 as K; 1449 = kind/k elsewhere)	M
1486	ro	0153b1 (Ford 4:237)	C
129	man	0153b1 (Ford 4:237)	C
665	z	0153b1 (Ford 4:237; Roman-z-off / Kutu-z-offs)	M
1576	off	0153b1 (Ford 4:237; 1576 (of) with the mark = off: Romanz-off, Kutuz-off-s)	C
1384	that	0153b1 (Ford 4:237)	C
1594	one	0153b1 (Ford 4:237)	C
883	di	0153b1 (Ford 4:237; di-vis-ion; probably 833 (di H) misread)	M
476	vis	0153b1 (Ford 4:237; di-vis-ion)	M
1433	ion	0153b1 (Ford 4:237; divis-ion)	C
1576	of	0153b1 (Ford 4:237)	C
1385	the	0153b1 (Ford 4:237)	C
1361	t	0153b1 (Ford 4:237; t-ro-op-s)	M
1486	ro	0153b1 (Ford 4:237)	C
903	op	0153b1 (Ford 4:237; t-ro-op-s with superscript o; 903 = pres/op elsewhere)	M
1426	in	0153b1 (Ford 4:237)	C
1150	poland	0153b1 (Ford 4:237)	C
1244	had	0153b1 (Ford 4:237)	C
731	re	0153b1 (Ford 4:237)	C
1018	ceived	0153b1 (Ford 4:237)	C
911	orders	0153b1 (Ford 4:237)	C
569	to	0153b1 (Ford 4:237)	C
618	march	0153b1 (Ford 4:237)	C
668	and	0153b1 (Ford 4:237)	C
1244	had	0153b1 (Ford 4:237)	C
1510	act	0153b1 (Ford 4:237)	C
454	ual	0153b1 (Ford 4:237; act-ual-ly)	C
897	ly	0153b1 (Ford 4:237)	C
618	march	0153b1 (Ford 4:237)	C
520	ed	0153b1 (Ford 4:237)	C
569	to	0153b1 (Ford 4:237)	C
1432	join	0153b1 (Ford 4:237)	C
1208	general	0153b1 (Ford 4:237)	C
1447	k	0153b1 (Ford 4:237; K-u-tu-z-offs)	C
451	u	0153b1 (Ford 4:237; K-u-tu-z-offs)	M
763	tu	0153b1 (Ford 4:237; K-u-tu-z-offs)	M
665	z	0153b1 (Ford 4:237; Roman-z-off / Kutu-z-offs)	M
1576	offs	0153b1 (Ford 4:237; Kutuz-off-s: 1576 with the mark and superscript o)	C
687	army	0153b1 (Ford 4:237)	C
1385	the	0153b1 (Ford 4:237)	C
1049	count	0153b1 (Ford 4:237)	C
169	he	0153b1 (Ford 4:237)	C
1068	sa	0153b1 (Ford 4:237)	C
1407	id	0153b1 (Ford 4:237)	C
1244	had	0153b1 (Ford 4:237)	C
1507	ac	0153b1 (Ford 4:237)	C
64	know	0153b1 (Ford 4:237)	C
592	ledged	0153b1 (Ford 4:237)	C
1597	only	0153b1 (Ford 4:237)	C
1594	one	0153b1 (Ford 4:237)	C
833	di	0153b1 (Ford 4:237)	C
457	vi	0153b1 (Ford 4:237)	C
236	sion	0153b1 (Ford 4:237)	C
790	but	0153b1 (Ford 4:237)	C
169	he	0153b1 (Ford 4:237)	C
1385	the	0153b1 (Ford 4:237)	C
1544	am	0153b1 (Ford 4:237)	C
1308	bass	0153b1 (Ford 4:237)	C
1513	ad	0153b1 (Ford 4:237)	C
908	or	0153b1 (Ford 4:237)	C
1401	kn(ew)?	0153b1 (Ford 4:237; Ford knew; 1401 = I H, probably another number misread)	M
288	ew	0153b1 (Ford 4:237; kn-ew)	M
1391	there	0153b1 (Ford 4:237)	C
1169	were	0153b1 (Ford 4:237)	C
775	two	0153b1 (Ford 4:237)	C
668	and	0153b1 (Ford 4:237)	C
692	as	0153b1 (Ford 4:237)	C
1399	this	0153b1 (Ford 4:237)	C
500	was	0153b1 (Ford 4:237)	C
1385	the	0153b1 (Ford 4:237)	C
345	first	0153b1 (Ford 4:237)	C
262	st	0153b1 (Ford 4:237)	C
1296	ep	0153b1 (Ford 4:237; st-ep)	C
576	towards	0153b1 (Ford 4:237; with superscript o)	C
845	dis	0153b1 (Ford 4:237)	C
686	arm	0153b1 (Ford 4:237)	C
1429	ing	0153b1 (Ford 4:237)	C
167	he	0153b1 (Ford 4:237; Ford he; 167 = my H, probably 169 (he) misread)	M
118	consider	0153b1 (Ford 4:237)	C
520	ed	0153b1 (Ford 4:237)	C
1440	it	0153b1 (Ford 4:237; ex-pl-ic-it)	C
692	as	0153b1 (Ford 4:237)	C
1501	a	0153b1 (Ford 4:237)	C
318	favor	0153b1 (Ford 4:237)	C
1503	able	0153b1 (Ford 4:237)	C
1551	o	0153b1 (Ford 4:237; fav-or-able o-men)	C
636	men	0153b1 (Ford 4:237)	C
576	towards	0153b1 (Ford 4:237; with superscript o)	C
1385	the	0153b1 (Ford 4:237)	C
877	fur	0153b1 (Ford 4:237)	C
1390	ther	0153b1 (Ford 4:237)	C
208	pre	0153b1 (Ford 4:237)	C
1085	ser	0153b1 (Ford 4:237; pre-ser-va-tion)	M
452	va	0153b1 (Ford 4:237)	C
565	tion	0153b1 (Ford 4:237)	C
1576	of	0153b1 (Ford 4:237)	C
1385	the	0153b1 (Ford 4:237)	C
1118	peace	0153b1 (Ford 4:237)	C
1440	it	0165b1l1 (Ford 4:256)	C
846	might	0165b1l1 (Ford 4:256; probably 646 (might H) misread; 846 = dis(c) in 0188R)	M
1310	be	0165b1l1 (Ford 4:256)	C
1385	the	0165b1l1 (Ford 4:256)	C
1184	wi	0165b1l1 (Ford 4:256; wi-sh)	C
1092	sh	0165b1l1 (Ford 4:256; wi-sh)	C
1576	of	0165b1l1 (Ford 4:256)	C
1049	count	0165b1l1 (Ford 4:256)	C
1486	ro	0165b1l1 (Ford 4:256)	C
129	man	0165b1l1 (Ford 4:256)	C
665	zoff	0165b1l1 (Ford 4:256)	C
1576	off	0165b1l1 (Ford 4:256; Romanz-off with the mark)	M
948	rus	0165b1l2 (Ford 4:256)	C
90	should	0165b1l2 (Ford 4:256)	C
1310	be	0165b1l2 (Ford 4:256)	C
1385	the	0165b1l2 (Ford 4:256)	C
845	first	0165b1l2 (Ford 4:256; probably 345 (first H) misread)	M
908	or	0165b1l2 (Ford 4:256)	C
1548	among	0165b1l2 (Ford 4:256; also 0199L)	C
1385	the	0165b1l2 (Ford 4:256)	C
345	first	0165b1l2 (Ford 4:256)	C
569	to	0165b1l2 (Ford 4:256)	C
735	re	0165b1l2 (Ford 4:256)	C
1580	cog	0165b1l2 (Ford 4:256)	C
439	ni	0165b1l2 (Ford 4:256)	C
1665	z	0165b1l2 (Ford 4:256; recogni-z-e; a number over 1600 is doubtful)	M
501	e	0165b1l2 (Ford 4:256; recogniz-e)	M
438	new	0165b1l3 (Ford 4:256; this new power; probably 436 (new H) misread)	M
205	power	0165b1l3 (Ford 4:256)	C
668	and	0165b1l3 (Ford 4:256)	C
1385	the	0165b1l3 (Ford 4:256)	C
83	opposition	0165b1l3 (Ford 4:256; Ford the opposition in the Council (grade I from the No. 88 slot until now))	C
1426	in	0165b1l3 (Ford 4:256)	C
1385	the	0165b1l3 (Ford 4:256)	C
1048	council	0165b1l3 (Ford 4:256)	C
221	produc	0165b1l3 (Ford 4:256)	C
520	ed	0165b1l3 (Ford 4:256)	C
1440	it	0165b1l3 (Ford 4:256)	C
627	may	0165b1l3 (Ford 4:256)	C
1310	be	0165b1l3 (Ford 4:256)	C
208	pre	0165b1l3 (Ford 4:256)	C
391	sum	0165b1l3 (Ford 4:256)	C
999	from	0165b1l4 (Ford 4:256)	C
469	views	0165b1l4 (Ford 4:256)	C
1576	of	0165b1l4 (Ford 4:256)	C
1151	poli	0165b1l4 (Ford 4:256)	C
1266	cy	0165b1l4 (Ford 4:256; poli-cy)	M
1087	co	0165b1l4 (Ford 4:256; co-in-ci-di-ng)	M
1426	in	0165b1l4 (Ford 4:256)	C
1028	ci	0165b1l4 (Ford 4:256)	C
833	di	0165b1l4 (Ford 4:256)	C
438	ng	0165b1l4 (Ford 4:256; coinci-di-ng)	M
1190	with	0165b1l4 (Ford 4:256)	C
551	those	0165b1l4 (Ford 4:256)	C
1576	of	0165b1l4 (Ford 4:256)	C
129	Eng(land)?	0165b1l4 (Ford 4:256; last visible group before the frame edge; probably 1290 cut)	M
751	more	0165b1l5 (Ford 4:256; probably 151 (more H) misread)	M
1383	than	0165b1l5 (Ford 4:256)	C
1385	the	0165b1l5 (Ford 4:256)	C
1025	chan	0165b1l5 (Ford 4:256)	C
1016	ce	0165b1l5 (Ford 4:256)	C
1457	ll	0165b1l5 (Ford 4:256; Chan-ce-ll-or: 1457 with the mark under it)	C
908	or	0165b1l5 (Ford 4:256)	C
1254	has	0165b1l5 (Ford 4:256)	C
488	upon	0165b1l5 (Ford 4:256)	C
674	any	0165b1l5 (Ford 4:256)	C
1562	object	0165b1l5 (Ford 4:256)	C
1576	of	0165b1l5 (Ford 4:256)	C
1208	general	0165b1l5 (Ford 4:256)	C
1155	port	0165b1l6 (Ford 4:256; im-port-ance)	C
1550	ance	0165b1l6 (Ford 4:256)	C
1317	been	0165b1l6 (Ford 4:256)	C
1194	wo	0165b1l6 (Ford 4:256)	C
369	nt	0165b1l6 (Ford 4:256)	C
569	to	0165b1l6 (Ford 4:256)	C
854	do	0165b1l6 (Ford 4:256)	C
1385	the	0188Rb1 (Ford 4:314-315)	C
16	emperor	0188Rb1 (Ford 4:314-315)	C
1513	Al	0188Rb1 (Ford 4:314-315; Al-ex-an-der)	C
289	ex	0188Rb1 (Ford 4:314-315)	C
1549	an	0188Rb1 (Ford 4:314-315)	C
828	der	0188Rb1 (Ford 4:314-315)	C
593	left	0188Rb1 (Ford 4:314-315)	C
1399	this	0188Rb1 (Ford 4:314-315)	C
1031	city	0188Rb1 (Ford 4:314-315)	C
1592	on	0188Rb1 (Ford 4:314-315)	C
1385	the	0188Rb1 (Ford 4:314-315)	C
953	twen(ty)	0188Rb1 (Ford 4:314-315; 21st: 953 952+; 29th: 953 958+)	M
952	first	0188Rb1 (Ford 4:314-315; with the mark; 21st)	M
1385	the	0188Rb1 (Ford 4:314-315)	C
808	day	0188Rb1 (Ford 4:314-315)	C
1520	after	0188Rb1 (Ford 4:314-315)	C
1176	which	0188Rb1 (Ford 4:314-315)	C
1401	i	0188Rb1 (Ford 4:314-315)	C
736	received	0188Rb1 (Ford 4:314-315)	C
999	from	0188Rb1 (Ford 4:314-315)	C
1385	the	0188Rb1 (Ford 4:314-315)	C
1025	chan	0188Rb1 (Ford 4:314-315)	C
1016	ce	0188Rb1 (Ford 4:314-315)	C
1452	ll	0188Rb1 (Ford 4:314-315; Chan-ce-ll-or, gloss Chancellor; cf. 1457+ in 0165)	C
908	or	0188Rb1 (Ford 4:314-315)	C
1049	count	0188Rb1 (Ford 4:314-315)	C
1486	ro	0188Rb1 (Ford 4:314-315)	C
129	man	0188Rb1 (Ford 4:314-315)	C
665	zoff	0188Rb1 (Ford 4:314-315)	C
1385	the	0188Rb1 (Ford 4:314-315)	C
1576	of	0188Rb1 (Ford 4:314-315)	C
332	ficial	0188Rb1 (Ford 4:314-315; of-ficial)	C
41	communica	0188Rb1 (Ford 4:314-315; communica-tion)	C
565	tion	0188Rb1 (Ford 4:314-315)	C
1576	of	0188Rb1 (Ford 4:314-315)	C
1176	which	0188Rb1 (Ford 4:314-315)	C
1401	i	0188Rb1 (Ford 4:314-315)	C
1259	have	0188Rb1 (Ford 4:314-315)	C
1385	the	0188Rb1 (Ford 4:314-315)	C
193	honor	0188Rb1 (Ford 4:314-315)	C
569	to	0188Rb1 (Ford 4:314-315)	C
545	en	0188Rb1 (Ford 4:314-315)	C
1036	close	0188Rb1 (Ford 4:314-315; en-close)	C
178	here	0188Rb1 (Ford 4:314-315)	C
1190	with	0188Rb1 (Ford 4:314-315)	C
1501	a	0188Rb1 (Ford 4:314-315)	C
1045	copy	0188Rb1 (Ford 4:314-315)	C
37	together	0188Rb1 (Ford 4:314-315)	C
1190	with	0188Rb1 (Ford 4:314-315)	C
1384	that	0188Rb1 (Ford 4:314-315)	C
1576	of	0188Rb1 (Ford 4:314-315)	C
167	my	0188Rb1 (Ford 4:314-315)	C
1549	an	0188Rb1 (Ford 4:314-315)	C
308	sup	0188Rb1 (Ford 4:314-315; sup-port; blotted, 308/309 uncertain)	M
1309	wer	0188Rb1 (Ford 4:314-315; my an-s-wer, gloss answer over 167 1549 308 1309; cf. 0194L re-lation (1309 = lation))	M
776	two	0188Rb1 (Ford 4:314-315; gloss Two; 776 = ty H elsewhere, digits doubtful)	M
808	days	0188Rb1 (Ford 4:314-315)	C
1318	before	0188Rb1 (Ford 4:314-315)	C
826	depart	0188Rb1 (Ford 4:314-315; depart-ur-e)	C
490	ur	0188Rb1 (Ford 4:314-315; depart-ur-e)	C
501	e	0188Rb1 (Ford 4:314-315; depart-ur-e)	C
1049	count	0188Rb1 (Ford 4:314-315)	C
1486	ro	0188Rb1 (Ford 4:314-315)	C
129	man	0188Rb1 (Ford 4:314-315)	C
665	zoff	0188Rb1 (Ford 4:314-315)	C
1084	sent	0188Rb1 (Ford 4:314-315)	C
628	me	0188Rb1 (Ford 4:314-315)	C
1501	a	0188Rb1 (Ford 4:314-315)	C
352	no	0188Rb1 (Ford 4:314-315)	C
1372	te	0188Rb1 (Ford 4:314-315)	C
731	re	0188Rb1 (Ford 4:314-315)	C
708	quest	0188Rb1 (Ford 4:314-315)	C
1429	ing	0188Rb1 (Ford 4:314-315)	C
628	me	0188Rb1 (Ford 4:314-315)	C
569	to	0188Rb1 (Ford 4:314-315)	C
1003	call	0188Rb1 (Ford 4:314-315)	C
488	upon	0188Rb1 (Ford 4:314-315)	C
182	him	0188Rb1 (Ford 4:314-315)	C
1385	the	0188Rb1 (Ford 4:314-315)	C
437	nex	0188Rb1 (Ford 4:314-315)	C
150	mor	0188Rb1 (Ford 4:314-315; mor-ning; digits doubtful (150? 446?))	M
446	ning	0188Rb1 (Ford 4:314-315; mor-ning; digits doubtful)	M
1176	which	0188Rb1 (Ford 4:314-315)	C
1401	i	0188Rb1 (Ford 4:314-315)	C
13	according(ly)?	0188Rb1 (Ford 4:314-315; gloss accordingly over 13 897; 13 = observation H elsewhere)	M
897	ly	0188Rb1 (Ford 4:314-315)	C
834	did	0188Rb1 (Ford 4:314-315)	C
169	he	0188Rb1 (Ford 4:314-315)	C
570	tol	0188Rb1 (Ford 4:314-315)	C
801	d	0188Rb1 (Ford 4:314-315; tol-d)	C
628	me	0188Rb1 (Ford 4:314-315)	C
1384	that	0188Rb1 (Ford 4:314-315)	C
1385	the	0188Rb1 (Ford 4:314-315)	C
16	emperor	0188Rb1 (Ford 4:314-315)	C
1260	having	0188Rb1 (Ford 4:314-315)	C
349	fix	0188Rb1 (Ford 4:314-315)	C
520	ed	0188Rb1 (Ford 4:314-315)	C
488	upon	0188Rb1 (Ford 4:314-315)	C
1385	the	0188Rb1 (Ford 4:314-315)	C
437	nex	0188Rb1 (Ford 4:314-315)	C
808	day	0188Rb1 (Ford 4:314-315)	C
981	for	0188Rb1 (Ford 4:314-315)	C
184	his	0188Rb1 (Ford 4:314-315)	C
826	depart	0188Rb1 (Ford 4:314-315; depart-ur-e)	C
490	ur	0188Rb1 (Ford 4:314-315; depart-ur-e)	C
501	e	0188Rb1 (Ford 4:314-315; depart-ur-e)	C
169	he	0188Rb1 (Ford 4:314-315)	C
182	him	0188Rb1 (Ford 4:314-315)	C
1081	self	0188Rb1 (Ford 4:314-315)	C
90	should	0188Rb1 (Ford 4:314-315)	C
1310	be	0188Rb1 (Ford 4:314-315)	C
1563	obliged	0188Rb1 (Ford 4:314-315)	C
464	very	0188Rb1 (Ford 4:314-315)	C
257	soon	0188Rb1 (Ford 4:314-315)	C
1520	after	0188Rb1 (Ford 4:314-315)	C
499	ward	0188Rb1 (Ford 4:314-315)	C
569	to	0188Rb1 (Ford 4:314-315)	C
977	fol	0188Rb1 (Ford 4:314-315)	C
893	low	0188Rb1 (Ford 4:314-315)	C
182	him	0188Rb1 (Ford 4:314-315)	C
668	and	0188Rb1 (Ford 4:314-315)	C
692	as	0188Rb1 (Ford 4:314-315)	C
1391	there	0188Rb1 (Ford 4:314-315)	C
646	might	0188Rb1 (Ford 4:314-315)	C
1124	perhaps	0188Rb1 (Ford 4:314-315)	C
1310	be	0188Rb1 (Ford 4:314-315)	C
1318	before	0188Rb1 (Ford 4:314-315)	C
184	his	0188Rb1 (Ford 4:314-315)	C
731	re	0188Rb1 (Ford 4:314-315)	C
771	turn	0188Rb1 (Ford 4:314-315; re-turn, gloss; 771 = him M 1x elsewhere)	M
250	some	0188Rb1 (Ford 4:314-315)	C
846	disc	0188Rb1 (Ford 4:314-315; dis-c-us-sions: 846 disc, 49 us)	C
49	US / us	0188Rb1 (Ford 4:314-315; United States (gloss U.S.) four times; also the syllable us in dis-c-us-sions)	C
236	sions	0188Rb1 (Ford 4:314-315)	C
1426	in	0188Rb1 (Ford 4:314-315)	C
1176	which	0188Rb1 (Ford 4:314-315)	C
1385	the	0188Rb1 (Ford 4:314-315)	C
1430	inter	0188Rb1 (Ford 4:314-315)	C
272	ests	0188Rb1 (Ford 4:314-315)	C
1576	of	0188Rb1 (Ford 4:314-315)	C
1385	the	0188Rb1 (Ford 4:314-315)	C
49	US / us	0188Rb1 (Ford 4:314-315; United States (gloss U.S.) four times; also the syllable us in dis-c-us-sions)	C
692	as	0188Rb1 (Ford 4:314-315)	C
1167	well	0188Rb1 (Ford 4:314-315)	C
692	as	0188Rb1 (Ford 4:314-315)	C
551	those	0188Rb1 (Ford 4:314-315)	C
1576	of	0188Rb1 (Ford 4:314-315)	C
948	rus	0188Rb1 (Ford 4:314-315)	C
646	might	0188Rb1 (Ford 4:314-315)	C
1310	be	0188Rb1 (Ford 4:314-315)	C
1426	in	0188Rb1 (Ford 4:314-315)	C
485	vol	0188Rb1 (Ford 4:314-315)	C
459	ved	0188Rb1 (Ford 4:314-315)	C
999	from	0188Rb1 (Ford 4:314-315)	C
184	his	0188Rb1 (Ford 4:314-315)	C
1184	wi	0188Rb1 (Ford 4:314-315; wi-sh (twice))	C
1092	sh	0188Rb1 (Ford 4:314-315; wi-sh (twice))	C
569	to	0188Rb1 (Ford 4:314-315)	C
809	de	0188Rb1 (Ford 4:314-315)	C
319	fe	0188Rb1 (Ford 4:314-315)	C
416	nd	0188Rb1 (Ford 4:314-315)	C
668	and	0188Rb1 (Ford 4:314-315)	C
308	sup	0188Rb1 (Ford 4:314-315; sup-port; blotted, 308/309 uncertain)	M
1453	port	0188Rb1 (Ford 4:314-315; sup-port, gloss; 1453 = la elsewhere; digit doubtful)	M
1349	both	0188Rb1 (Ford 4:314-315)	C
169	he	0188Rb1 (Ford 4:314-315)	C
1184	wi	0188Rb1 (Ford 4:314-315; wi-sh (twice))	C
1092	sh	0188Rb1 (Ford 4:314-315; wi-sh (twice))	C
520	ed	0188Rb1 (Ford 4:314-315)	C
569	to	0188Rb1 (Ford 4:314-315)	C
64	know	0188Rb1 (Ford 4:314-315)	C
692	as	0188Rb1 (Ford 4:314-315)	C
313	far	0188Rb1 (Ford 4:314-315)	C
692	as	0188Rb1 (Ford 4:314-315)	C
1401	i	0188Rb1 (Ford 4:314-315)	C
500	was	0188Rb1 (Ford 4:314-315)	C
1426	in	0188Rb1 (Ford 4:314-315)	C
983	formed	0188Rb1 (Ford 4:314-315)	C
668	and	0188Rb1 (Ford 4:314-315)	C
646	might	0188Rb1 (Ford 4:314-315)	C
1344	th	0188Rb1 (Ford 4:314-315; th-ink)	M
450	ink	0188Rb1 (Ford 4:314-315; th-ink)	M
226	proper	0188Rb1 (Ford 4:314-315)	C
569	to	0188Rb1 (Ford 4:314-315)	C
44	confide	0188Rb1 (Ford 4:314-315; gloss confide; 44 = negotiation H elsewhere, digits doubtful)	M
569	to	0188Rb1 (Ford 4:314-315)	C
182	him	0188Rb1 (Ford 4:314-315)	C
1172	what	0188Rb1 (Ford 4:314-315)	C
600	was	0188Rb1 (Ford 4:314-315; probably 500 (was H) misread)	M
1385	the	0188Rb1 (Ford 4:314-315)	C
208	pre	0188Rb1 (Ford 4:314-315)	C
1028	ci	0188Rb1 (Ford 4:314-315)	C
1075	se	0188Rb1 (Ford 4:314-315)	C
164	state	0188Rb1 (Ford 4:314-315)	C
1576	of	0188Rb1 (Ford 4:314-315)	C
1385	the	0188Rb1 (Ford 4:314-315)	C
742	rela	0188Rb1 (Ford 4:314-315)	C
1433	tions	0188Rb1 (Ford 4:314-315)	C
1331	between	0188Rb1 (Ford 4:314-315)	C
1385	the	0188Rb1 (Ford 4:314-315)	C
49	US / us	0188Rb1 (Ford 4:314-315; United States (gloss U.S.) four times; also the syllable us in dis-c-us-sions)	C
668	and	0188Rb1 (Ford 4:314-315)	C
992	france	0188Rb1 (Ford 4:314-315)	C
908	or	0188Rb1 (Ford 4:314-315)	C
1290	england	0188Rb1 (Ford 4:314-315)	C
908	or	0188Rb1 (Ford 4:314-315)	C
1349	both	0188Rb1 (Ford 4:314-315)	C
1384	that	0188Rb1 (Ford 4:314-315)	C
250	some	0188Rb1 (Ford 4:314-315)	C
563	time	0188Rb1 (Ford 4:314-315)	C
1501	a	0188Rb1 (Ford 4:314-315)	C
1225	go	0188Rb1 (Ford 4:314-315; a-go)	C
1385	the	0188Rb1 (Ford 4:314-315)	C
948	rus	0188Rb1 (Ford 4:314-315)	C
401	sian	0188Rb1 (Ford 4:314-315)	C
1544	am	0188Rb1 (Ford 4:314-315)	C
1308	bass	0188Rb1 (Ford 4:314-315)	C
1513	Al	0188Rb1 (Ford 4:314-315; Al-ex-an-der)	C
908	or	0188Rb1 (Ford 4:314-315)	C
699	at	0188Rb1 (Ford 4:314-315)	C
1109	Paris	0188Rb1 (Ford 4:314-315; at Paris Prince K-ur-ak-in)	M
215	Prince	0188Rb1 (Ford 4:314-315)	M
1447	k	0188Rb1 (Ford 4:314-315)	C
490	ur	0188Rb1 (Ford 4:314-315; depart-ur-e)	C
1535	ak	0188Rb1 (Ford 4:314-315; K-ur-ak-in; 1535 = al H elsewhere)	M
1426	in	0188Rb1 (Ford 4:314-315)	C
1244	had	0188Rb1 (Ford 4:314-315)	C
1200	wr	0188Rb1 (Ford 4:314-315; wr-it-ten (1440 it, 1375 ten))	M
1440	it	0188Rb1 (Ford 4:314-315; wr-it-ten)	C
1375	ten	0188Rb1 (Ford 4:314-315; wr-it-ten)	M
1384	that	0188Rb1 (Ford 4:314-315)	C
1391	there	0188Rb1 (Ford 4:314-315)	C
500	was	0188Rb1 (Ford 4:314-315)	C
569	to	0188Rb1 (Ford 4:314-315)	C
1310	be	0188Rb1 (Ford 4:314-315)	C
1501	a	0188Rb1 (Ford 4:314-315)	C
755	trea	0188Rb1 (Ford 4:314-315)	C
553	ty	0188Rb1 (Ford 4:314-315; trea-ty; probably 653)	M
1331	between	0188Rb1 (Ford 4:314-315)	C
992	france	0188Rb1 (Ford 4:314-315)	C
668	and	0188Rb1 (Ford 4:314-315)	C
1385	the	0188Rb1 (Ford 4:314-315)	C
49	US / us	0188Rb1 (Ford 4:314-315; United States (gloss U.S.) four times; also the syllable us in dis-c-us-sions)	C
668	and	0188Rb1 (Ford 4:314-315)	C
1384	that	0188Rb1 (Ford 4:314-315)	C
680	ar	0188Rb1 (Ford 4:314-315)	C
720	ran	0188Rb1 (Ford 4:314-315)	C
1205	ge	0188Rb1 (Ford 4:314-315)	C
637	ments	0188Rb1 (Ford 4:314-315)	C
317	fa	0188Rb1 (Ford 4:314-315; fa-vour-able)	M
950	vour	0188Rb1 (Ford 4:314-315; fa-vour-able)	M
1503	able	0188Rb1 (Ford 4:314-315)	C
569	to	0188Rb1 (Ford 4:314-315)	C
65	amer	0188Rb1 (Ford 4:314-315)	C
1244	had	0188Rb1 (Ford 4:314-315)	C
1510	act	0188Rb1 (Ford 4:314-315)	C
454	ual	0188Rb1 (Ford 4:314-315; act-ual-ly)	C
897	ly	0188Rb1 (Ford 4:314-315)	C
1317	been	0188Rb1 (Ford 4:314-315)	C
1087	set	0188Rb1 (Ford 4:314-315)	C
588	tled	0188Rb1 (Ford 4:314-315)	C
1426	in	0188Rb1 (Ford 4:314-315)	C
992	france	0188Rb1 (Ford 4:314-315)	C
790	but	0188Rb1 (Ford 4:314-315)	C
1458	late	0188Rb1 (Ford 4:314-315; late-ly, late-st)	C
897	ly	0188Rb1 (Ford 4:314-315)	C
1391	there	0188Rb1 (Ford 4:314-315)	C
1082	seem	0188Rb1 (Ford 4:314-315)	C
520	ed	0188Rb1 (Ford 4:314-315)	C
560	to	0188Rb1 (Ford 4:314-315; seemed to be: probably 569 (to); 560 = ti in Bal-ti-more, ar-ti-cle)	M
1310	be	0188Rb1 (Ford 4:314-315)	C
250	some	0188Rb1 (Ford 4:314-315)	C
479	un	0188Rb1 (Ford 4:314-315)	C
1021	cer	0188Rb1 (Ford 4:314-315)	C
1364	tain	0188Rb1 (Ford 4:314-315)	C
776	two	0188Rb1 (Ford 4:314-315; gloss Two; 776 = ty H elsewhere, digits doubtful)	M
488	upon	0188Rb1 (Ford 4:314-315)	C
1385	the	0188Rb1 (Ford 4:314-315)	C
384	sub	0188Rb1 (Ford 4:314-315)	C
1411	ject	0188Rb1 (Ford 4:314-315)	C
668	and	0188Rb1 (Ford 4:314-315)	C
169	he	0188Rb1 (Ford 4:314-315)	C
1244	had	0188Rb1 (Ford 4:314-315)	C
1283	seen	0188Rb1 (Ford 4:314-315)	C
1426	in	0188Rb1 (Ford 4:314-315)	C
1594	one	0188Rb1 (Ford 4:314-315)	C
1576	of	0188Rb1 (Ford 4:314-315)	C
1385	the	0188Rb1 (Ford 4:314-315)	C
1458	late	0188Rb1 (Ford 4:314-315; late-ly, late-st)	C
1380	st	0188Rb1 (Ford 4:314-315; late-st)	M
1384	that	0188Rb1 (Ford 4:314-315)	C
1576	of	0188Rb1 (Ford 4:314-315)	C
953	twen(ty)	0188Rb1 (Ford 4:314-315; 21st: 953 952+; 29th: 953 958+)	M
958	ty ninth	0188Rb1 (Ford 4:314-315; 29th (953 958+))	M
666	March	0188Rb1 (Ford 4:314-315)	M
1549	an	0188Rb1 (Ford 4:314-315)	C
680	ar	0188Rb1 (Ford 4:314-315)	C
560	ti	0188Rb1 (Ford 4:314-315)	C
1035	cle	0188Rb1 (Ford 4:314-315)	C
569	to	0188Rb1 (Ford 4:314-315)	C
1310	be	0188Rb1 (Ford 4:314-315)	C
802	da	0188Rb1 (Ford 4:314-315)	C
1373	ted	0188Rb1 (Ford 4:314-315)	C
999	from	0188Rb1 (Ford 4:314-315)	C
1305	bal	0188Rb1 (Ford 4:314-315)	C
560	ti	0188Rb1 (Ford 4:314-315)	C
161	more	0188Rb1 (Ford 4:314-315; Bal-ti-more; 161 = mu H elsewhere)	M
1176	which	0188Rb1 (Ford 4:314-315)	C
1082	seem	0188Rb1 (Ford 4:314-315)	C
520	ed	0188Rb1 (Ford 4:314-315)	C
569	to	0188Rb1 (Ford 4:314-315)	C
188	hold	0188Rb1 (Ford 4:314-315)	C
938	out	0188Rb1 (Ford 4:314-315)	C
1529	an	0188Rb1 (Ford 4:314-315; an angry)	M
669	an	0188Rb1 (Ford 4:314-315; an-gry?)	M
941	gry	0188Rb1 (Ford 4:314-315; an-gry?)	M
668	and	0188Rb1 (Ford 4:314-315)	C
554	thr	0188Rb1 (Ford 4:314-315)	C
513	ea	0188Rb1 (Ford 4:314-315; thr-ea-ten-ing)	M
525	ten	0188Rb1 (Ford 4:314-315; thr-ea-ten-ing; 525 = ef H elsewhere)	M
1429	ing	0188Rb1 (Ford 4:314-315)	C
1452	l(an)	0188Rb1 (Ford 4:314-315; l-an-gu-age? second occurrence; digit doubtful)	M
1238	gu	0188Rb1 (Ford 4:314-315; lan-gu-age)	C
1524	age	0188Rb1 (Ford 4:314-315; langu-age)	C
575	towards	0188Rb1 (Ford 4:314-315; with superscript o; 576 in 0153)	C
1385	the	0188Rb1 (Ford 4:314-315)	C
49	US / us	0188Rb1 (Ford 4:314-315; United States (gloss U.S.) four times; also the syllable us in dis-c-us-sions)	C
1401	i	0188Rb1 (Ford 4:314-315)	C
570	tol	0188Rb1 (Ford 4:314-315)	C
801	d	0188Rb1 (Ford 4:314-315; tol-d)	C
182	him	0188Rb1 (Ford 4:314-315)	C
1384	that	0188Rb1 (Ford 4:314-315)	C
