# No. 95 (30 Sept 1812), frames 0228, 0229, 0233, 0234L (codes_ford1812_no95.txt) aligned group by group with the
# Department's decypherment as printed by Ford 4:389-391 (clear copy on frames 0230-0232).
# python align.py codes_ford1812_no95.txt code_table.tsv
# number<TAB>value<TAB>frame+block (Ford page; note)<TAB>grade: C = fixed by Ford between known neighbours; M = split or digit is a judgement
1401	i	0228-0234 No.95 row 1 (Ford 4:389-391)	C
736	received	0228-0234 No.95 row 2 (Ford 4:389-391)	C
1501	a	0228-0234 No.95 row 3 (Ford 4:389-391)	C
352	no	0228-0234 No.95 row 4 (Ford 4:389-391)	C
1372	te	0228-0234 No.95 row 5 (Ford 4:389-391)	C
999	from	0228-0234 No.95 row 6 (Ford 4:389-391)	C
1385	the	0228-0234 No.95 row 7 (Ford 4:389-391)	C
1025	chan	0228-0234 No.95 row 8 (Ford 4:389-391)	C
1016	ce	0228-0234 No.95 row 9 (Ford 4:389-391)	C
1452	ll	0228-0234 No.95 row 10 (Ford 4:389-391)	C
908	or	0228-0234 No.95 row 11 (Ford 4:389-391)	C
731	re	0228-0234 No.95 row 12 (Ford 4:389-391)	C
708	quest	0228-0234 No.95 row 13 (Ford 4:389-391)	C
1429	ing	0228-0234 No.95 row 14 (Ford 4:389-391)	C
628	me	0228-0234 No.95 row 15 (Ford 4:389-391)	C
569	to	0228-0234 No.95 row 16 (Ford 4:389-391)	C
1003	call	0228-0234 No.95 row 17 (Ford 4:389-391)	C
488	upon	0228-0234 No.95 row 18 (Ford 4:389-391)	C
182	him	0228-0234 No.95 row 19 (Ford 4:389-391)	C
1385	the	0228-0234 No.95 row 20 (Ford 4:389-391)	C
437	nex	0228-0234 No.95 row 21 (Ford 4:389-391)	C
282	even	0228-0234 No.95 row 22 (Ford 4:389-391)	C
1429	ing	0228-0234 No.95 row 23 (Ford 4:389-391)	C
1176	which	0228-0234 No.95 row 24 (Ford 4:389-391)	C
1401	i	0228-0234 No.95 row 25 (Ford 4:389-391)	C
13	according	0228-0234 No.95 row 26 (Ford 4:389-391; accord-ing-ly: 13 897 here and in No. 83 (0188R); table has observation (H 2x))	C
897	ly	0228-0234 No.95 row 27 (Ford 4:389-391)	C
834	did	0228-0234 No.95 row 28 (Ford 4:389-391)	C
169	he	0228-0234 No.95 row 29 (Ford 4:389-391)	C
570	tol	0228-0234 No.95 row 30 (Ford 4:389-391)	C
801	d	0228-0234 No.95 row 31 (Ford 4:389-391)	C
628	me	0228-0234 No.95 row 32 (Ford 4:389-391)	C
1384	that	0228-0234 No.95 row 33 (Ford 4:389-391)	C
169	he	0228-0234 No.95 row 34 (Ford 4:389-391)	C
1244	had	0228-0234 No.95 row 35 (Ford 4:389-391)	C
695	ask	0228-0234 No.95 row 36 (Ford 4:389-391)	C
520	ed	0228-0234 No.95 row 37 (Ford 4:389-391)	C
569	to	0228-0234 No.95 row 38 (Ford 4:389-391)	C
1075	see	0228-0234 No.95 row 39 (Ford 4:389-391)	C
628	me	0228-0234 No.95 row 40 (Ford 4:389-391)	C
792	by	0228-0234 No.95 row 41 (Ford 4:389-391)	C
1385	the	0228-0234 No.95 row 42 (Ford 4:389-391)	C
16	emperors	0228-0234 No.95 row 43 (Ford 4:389-391)	C
1042	comm	0228-0234 No.95 row 44 (Ford 4:389-391)	C
668	and	0228-0234 No.95 row 45 (Ford 4:389-391)	C
1384	that	0228-0234 No.95 row 46 (Ford 4:389-391)	C
1260	having	0228-0234 No.95 row 47 (Ford 4:389-391)	C
605	made	0228-0234 No.95 row 48 (Ford 4:389-391)	C
1118	peace	0228-0234 No.95 row 49 (Ford 4:389-391)	C
668	and	0228-0234 No.95 row 50 (Ford 4:389-391)	C
273	establishe	0228-0234 No.95 row 52 (Ford 4:389-391)	C
731	re	0228-0234 No.95 row 54 (Ford 4:389-391)	C
1459	lations	0228-0234 No.95 row 55 (Ford 4:389-391)	C
1576	of	0228-0234 No.95 row 56 (Ford 4:389-391)	C
1546	am	0228-0234 No.95 row 57 (Ford 4:389-391)	C
776	ty	0228-0234 No.95 row 58 (Ford 4:389-391)	C
668	and	0228-0234 No.95 row 59 (Ford 4:389-391)	C
71	commerce	0228-0234 No.95 row 60 (Ford 4:389-391)	C
1190	with	0228-0234 No.95 row 61 (Ford 4:389-391)	C
1290	England	0228-0234 No.95 row 62 (Ford 4:389-391; code "with England"; Ford (Dept copy) prints "Great Britain")	C
1385	the	0228-0234 No.95 row 63 (Ford 4:389-391)	C
16	emperor	0228-0234 No.95 row 64 (Ford 4:389-391)	C
500	was	0228-0234 No.95 row 65 (Ford 4:389-391)	C
162	much	0228-0234 No.95 row 66 (Ford 4:389-391)	C
109	concerned	0228-0234 No.95 row 67 (Ford 4:389-391)	C
668	and	0228-0234 No.95 row 68 (Ford 4:389-391)	C
845	dis	0228-0234 No.95 row 69 (Ford 4:389-391)	C
675	ap	0228-0234 No.95 row 70 (Ford 4:389-391)	C
1149	pointed	0228-0234 No.95 row 71 (Ford 4:389-391)	C
569	to	0228-0234 No.95 row 72 (Ford 4:389-391)	C
330	fi	0228-0234 No.95 row 73 (Ford 4:389-391)	C
846	nd	0228-0234 No.95 row 74 (Ford 4:389-391; fi-nd; 846 = disc elsewhere, probably 416 (nd) misread)	M
1385	the	0228-0234 No.95 row 75 (Ford 4:389-391)	C
1180	whole	0228-0234 No.95 row 76 (Ford 4:389-391)	C
1310	be	0228-0234 No.95 row 77 (Ford 4:389-391)	C
439	ne	0228-0234 No.95 row 78 (Ford 4:389-391; be-ne-fit)	C
347	fit	0228-0234 No.95 row 79 (Ford 4:389-391)	C
1176	which	0228-0234 No.95 row 80 (Ford 4:389-391)	C
169	he	0228-0234 No.95 row 81 (Ford 4:389-391)	C
295	ex	0228-0234 No.95 row 82 (Ford 4:389-391)	C
518	pected	0228-0234 No.95 row 83 (Ford 4:389-391)	C
184	his	0228-0234 No.95 row 84 (Ford 4:389-391)	C
384	sub	0228-0234 No.95 row 85 (Ford 4:389-391)	C
1411	jects	0228-0234 No.95 row 86 (Ford 4:389-391)	C
1199	would	0228-0234 No.95 row 87 (Ford 4:389-391)	C
809	de	0228-0234 No.95 row 88 (Ford 4:389-391)	C
1680	rive	0228-0234 No.95 row 89 (Ford 4:389-391; de-rive; number over 1600 doubtful)	M
1042	com	0228-0234 No.95 row 90 (Ford 4:389-391)	C
639	mer	0228-0234 No.95 row 91 (Ford 4:389-391)	C
1028	ci	0228-0234 No.95 row 92 (Ford 4:389-391)	C
1538	ally	0228-0234 No.95 row 93 (Ford 4:389-391)	C
999	from	0228-0234 No.95 row 94 (Ford 4:389-391)	C
1384	that	0228-0234 No.95 row 95 (Ford 4:389-391)	C
283	event	0228-0234 No.95 row 96 (Ford 4:389-391)	C
809	de	0228-0234 No.95 row 97 (Ford 4:389-391)	C
321	feat	0228-0234 No.95 row 98 (Ford 4:389-391; de-feat-ed)	C
520	ed	0228-0234 No.95 row 99 (Ford 4:389-391)	C
668	and	0228-0234 No.95 row 100 (Ford 4:389-391)	C
887	lo	0228-0234 No.95 row 101 (Ford 4:389-391)	C
262	st	0228-0234 No.95 row 102 (Ford 4:389-391)	C
792	by	0228-0234 No.95 row 103 (Ford 4:389-391)	C
1385	the	0228-0234 No.95 row 104 (Ford 4:389-391)	C
436	new	0228-0234 No.95 row 105 (Ford 4:389-391)	C
498	war	0228-0234 No.95 row 106 (Ford 4:389-391)	C
1176	which	0228-0234 No.95 row 107 (Ford 4:389-391)	C
1244	had	0228-0234 No.95 row 108 (Ford 4:389-391)	C
1501	a	0228-0234 No.95 row 109 (Ford 4:389-391)	C
1464	ri	0228-0234 No.95 row 110 (Ford 4:389-391)	C
1083	sen	0228-0234 No.95 row 111 (Ford 4:389-391)	C
1331	between	0228-0234 No.95 row 112 (Ford 4:389-391)	C
1385	the	0228-0234 No.95 row 113 (Ford 4:389-391)	C
49	unitedstates	0228-0234 No.95 row 114 (Ford 4:389-391)	C
668	and	0228-0234 No.95 row 115 (Ford 4:389-391)	C
1290	england	0228-0234 No.95 row 116 (Ford 4:389-391)	C
1384	that	0228-0234 No.95 row 117 (Ford 4:389-391)	C
169	he	0228-0234 No.95 row 118 (Ford 4:389-391)	C
1244	had	0228-0234 No.95 row 119 (Ford 4:389-391)	C
552	thought	0228-0234 No.95 row 120 (Ford 4:389-391)	C
169	he	0228-0234 No.95 row 121 (Ford 4:389-391)	C
1123	per	0228-0234 No.95 row 122 (Ford 4:389-391)	C
1018	ceived	0228-0234 No.95 row 123 (Ford 4:389-391)	C
452	va	0228-0234 No.95 row 124 (Ford 4:389-391)	C
1464	ri	0228-0234 No.95 row 125 (Ford 4:389-391)	C
937	ous	0228-0234 No.95 row 126 (Ford 4:389-391)	C
1426	in	0228-0234 No.95 row 127 (Ford 4:389-391)	C
833	di	0228-0234 No.95 row 128 (Ford 4:389-391)	C
1014	cations	0228-0234 No.95 row 129 (Ford 4:389-391)	C
1384	that	0228-0234 No.95 row 130 (Ford 4:389-391)	C
1391	there	0228-0234 No.95 row 131 (Ford 4:389-391)	C
500	was	0228-0234 No.95 row 132 (Ford 4:389-391)	C
1592	on	0228-0234 No.95 row 133 (Ford 4:389-391)	C
1349	both	0228-0234 No.95 row 134 (Ford 4:389-391)	C
1099	sides	0228-0234 No.95 row 135 (Ford 4:389-391)	C
1501	a	0228-0234 No.95 row 136 (Ford 4:389-391)	C
731	re	0228-0234 No.95 row 137 (Ford 4:389-391)	C
894	lu	0228-0234 No.95 row 138 (Ford 4:389-391)	C
1060	ct	0228-0234 No.95 row 139 (Ford 4:389-391)	C
1550	ance	0228-0234 No.95 row 140 (Ford 4:389-391)	C
699	at	0228-0234 No.95 row 141 (Ford 4:389-391)	C
545	en	0228-0234 No.95 row 142 (Ford 4:389-391)	C
1202	ga	0228-0234 No.95 row 143 (Ford 4:389-391)	C
1216	gi	0228-0234 No.95 row 144 (Ford 4:389-391)	C
438	ng	0228-0234 No.95 row 145 (Ford 4:389-391)	C
1426	in	0228-0234 No.95 row 146 (Ford 4:389-391)	C
668	and	0228-0234 No.95 row 147 (Ford 4:389-391)	C
219	pro	0228-0234 No.95 row 148 (Ford 4:389-391)	C
1075	se	0228-0234 No.95 row 149 (Ford 4:389-391)	C
1081	cu	0228-0234 No.95 row 150 (Ford 4:389-391; prose-cu-ting; 1081 = self twice in this letter, probably 1061 (cu) misread)	M
550	ti	0228-0234 No.95 row 151 (Ford 4:389-391)	C
438	ng	0228-0234 No.95 row 152 (Ford 4:389-391)	C
1399	this	0228-0234 No.95 row 153 (Ford 4:389-391)	C
498	war	0228-0234 No.95 row 154 (Ford 4:389-391)	C
668	and	0228-0234 No.95 row 155 (Ford 4:389-391)	C
1440	it	0228-0234 No.95 row 156 (Ford 4:389-391)	C
1244	had	0228-0234 No.95 row 157 (Ford 4:389-391)	C
1570	oc	0228-0234 No.95 row 158 (Ford 4:389-391)	C
520	ed	0228-0234 No.95 row 159 (Ford 4:389-391)	C
569	to	0228-0234 No.95 row 160 (Ford 4:389-391)	C
1385	the	0228-0234 No.95 row 161 (Ford 4:389-391)	C
16	emperor	0228-0234 No.95 row 162 (Ford 4:389-391)	C
1384	that	0228-0234 No.95 row 163 (Ford 4:389-391)	C
1124	perhaps	0228-0234 No.95 row 164 (Ford 4:389-391)	C
1549	an	0228-0234 No.95 row 165 (Ford 4:389-391)	C
1546	am	0228-0234 No.95 row 166 (Ford 4:389-391)	C
1002	ca	0228-0234 No.95 row 167 (Ford 4:389-391)	C
1340	ble	0228-0234 No.95 row 168 (Ford 4:389-391)	C
680	ar	0228-0234 No.95 row 169 (Ford 4:389-391)	C
720	ran	0228-0234 No.95 row 170 (Ford 4:389-391)	C
1205	ge	0228-0234 No.95 row 171 (Ford 4:389-391)	C
637	ment	0228-0234 No.95 row 172 (Ford 4:389-391)	C
1575	of	0228-0234 No.95 row 173 (Ford 4:389-391; arrangement 1575 the differences; also Secretary 1575 State: 1575 = of here (twice), or 1576 read as 1575 (5/6 confusion); table has adv (Ford 0132, M) which No. 88 reads in adv-ice)	M
1385	the	0228-0234 No.95 row 174 (Ford 4:389-391)	C
837	differ	0228-0234 No.95 row 175 (Ford 4:389-391; differ-ences)	C
546	ences	0228-0234 No.95 row 176 (Ford 4:389-391)	C
1331	between	0228-0234 No.95 row 177 (Ford 4:389-391)	C
1385	the	0228-0234 No.95 row 178 (Ford 4:389-391)	C
1111	parties	0228-0234 No.95 row 179 (Ford 4:389-391)	C
646	might	0228-0234 No.95 row 180 (Ford 4:389-391)	C
1310	be	0228-0234 No.95 row 181 (Ford 4:389-391)	C
1507	ac	0228-0234 No.95 row 182 (Ford 4:389-391)	C
1042	com	0228-0234 No.95 row 183 (Ford 4:389-391)	C
1144	mo	0228-0234 No.95 row 184 (Ford 4:389-391; ac-com-mo-dated)	M
1092	dated	0228-0234 No.95 row 185 (Ford 4:389-391; ac-com-mo-dated; 1092 = sh elsewhere)	M
520	ed	0228-0234 No.95 row 186 (Ford 4:389-391)	C
151	more	0228-0234 No.95 row 187 (Ford 4:389-391)	C
502	ea	0228-0234 No.95 row 188 (Ford 4:389-391)	C
1098	si	0228-0234 No.95 row 189 (Ford 4:389-391)	C
897	ly	0228-0234 No.95 row 190 (Ford 4:389-391)	C
668	and	0228-0234 No.95 row 191 (Ford 4:389-391)	C
254	sp	0228-0234 No.95 row 192 (Ford 4:389-391)	C
523	eed	0228-0234 No.95 row 193 (Ford 4:389-391; sp-eed-ily)	M
1401	i	0228-0234 No.95 row 194 (Ford 4:389-391)	C
897	ly	0228-0234 No.95 row 195 (Ford 4:389-391)	C
792	by	0228-0234 No.95 row 196 (Ford 4:389-391)	C
1425	in	0228-0234 No.95 row 197 (Ford 4:389-391; in-di-rect (twice more below); table imate)	M
844	di	0228-0234 No.95 row 198 (Ford 4:389-391)	C
518	rect	0228-0234 No.95 row 199 (Ford 4:389-391)	C
1383	than	0228-0234 No.95 row 200 (Ford 4:389-391)	C
792	by	0228-0234 No.95 row 201 (Ford 4:389-391)	C
1501	a	0228-0234 No.95 row 202 (Ford 4:389-391)	C
844	di	0228-0234 No.95 row 203 (Ford 4:389-391)	C
518	rect	0228-0234 No.95 row 204 (Ford 4:389-391)	C
44	negotiation	0228-0234 No.95 row 205 (Ford 4:389-391)	C
1384	that	0228-0234 No.95 row 206 (Ford 4:389-391)	C
184	his	0228-0234 No.95 row 207 (Ford 4:389-391)	C
502	ma	0228-0234 No.95 row 208 (Ford 4:389-391; his ma-jes-ty; probably 602 (ma) misread)	M
1415	jes	0228-0234 No.95 row 209 (Ford 4:389-391; ma-jes-ty; also 0229 602 1415 653)	C
776	ty	0228-0234 No.95 row 210 (Ford 4:389-391)	C
1244	had	0228-0234 No.95 row 211 (Ford 4:389-391)	C
844	di	0228-0234 No.95 row 212 (Ford 4:389-391)	C
518	rect	0228-0234 No.95 row 213 (Ford 4:389-391)	C
520	ed	0228-0234 No.95 row 214 (Ford 4:389-391)	C
182	him	0228-0234 No.95 row 215 (Ford 4:389-391)	C
569	to	0228-0234 No.95 row 216 (Ford 4:389-391)	C
1075	see	0228-0234 No.95 row 217 (Ford 4:389-391)	C
628	me	0228-0234 No.95 row 218 (Ford 4:389-391)	C
668	and	0228-0234 No.95 row 219 (Ford 4:389-391)	C
569	to	0228-0234 No.95 row 220 (Ford 4:389-391)	C
545	en	0228-0234 No.95 row 221 (Ford 4:389-391)	C
63	quir	0228-0234 No.95 row 222 (Ford 4:389-391)	C
1176	if	0228-0234 No.95 row 223 (Ford 4:389-391; enquire if; 1176 = which)	M
1401	i	0228-0234 No.95 row 224 (Ford 4:389-391)	C
500	was	0228-0234 No.95 row 225 (Ford 4:389-391)	C
870	aw	0228-0234 No.95 row 226 (Ford 4:389-391; aw-are (twice))	C
684	are	0228-0234 No.95 row 227 (Ford 4:389-391)	C
1576	of	0228-0234 No.95 row 228 (Ford 4:389-391)	C
674	any	0228-0234 No.95 row 229 (Ford 4:389-391)	C
838	difficul	0228-0234 No.95 row 230 (Ford 4:389-391; difficul-ty (twice))	C
653	ty	0228-0234 No.95 row 231 (Ford 4:389-391)	C
908	or	0228-0234 No.95 row 232 (Ford 4:389-391)	C
1565	obst	0228-0234 No.95 row 233 (Ford 4:389-391; obst-acle)	C
1552	acle	0228-0234 No.95 row 234 (Ford 4:389-391; obst-acle)	M
1385	the	0228-0234 No.95 row 235 (Ford 4:389-391)	C
1110	part	0228-0234 No.95 row 236 (Ford 4:389-391)	C
1576	of	0228-0234 No.95 row 237 (Ford 4:389-391)	C
1385	the	0228-0234 No.95 row 238 (Ford 4:389-391)	C
1229	govern	0228-0234 No.95 row 239 (Ford 4:389-391)	C
637	ment	0228-0234 No.95 row 240 (Ford 4:389-391)	C
1576	of	0228-0234 No.95 row 241 (Ford 4:389-391)	C
1385	the	0228-0234 No.95 row 242 (Ford 4:389-391)	C
49	unitedstates	0228-0234 No.95 row 243 (Ford 4:389-391)	C
1416	if	0228-0234 No.95 row 244 (Ford 4:389-391)	C
169	he	0228-0234 No.95 row 245 (Ford 4:389-391)	C
90	should	0228-0234 No.95 row 246 (Ford 4:389-391)	C
1577	offer	0228-0234 No.95 row 247 (Ford 4:389-391)	C
184	his	0228-0234 No.95 row 248 (Ford 4:389-391)	C
632	medi	0228-0234 No.95 row 249 (Ford 4:389-391)	C
565	tion	0228-0234 No.95 row 250 (Ford 4:389-391)	C
981	for	0228-0234 No.95 row 251 (Ford 4:389-391)	C
1385	the	0228-0234 No.95 row 252 (Ford 4:389-391)	C
229	pu	0228-0234 No.95 row 253 (Ford 4:389-391)	C
1155	pose	0228-0234 No.95 row 255 (Ford 4:389-391; pur-pose)	M
1576	of	0228-0234 No.95 row 256 (Ford 4:389-391)	C
525	ef	0228-0234 No.95 row 257 (Ford 4:389-391)	C
322	fect	0228-0234 No.95 row 258 (Ford 4:389-391)	C
1429	ing	0228-0234 No.95 row 259 (Ford 4:389-391)	C
1501	a	0228-0234 No.95 row 260 (Ford 4:389-391)	C
1102	pa	0228-0234 No.95 row 261 (Ford 4:389-391)	C
1028	ci	0228-0234 No.95 row 262 (Ford 4:389-391)	C
26	fication	0228-0234 No.95 row 263 (Ford 4:389-391; paci-fication)	C
1401	i	0228-0234 No.95 row 264 (Ford 4:389-391)	C
1549	an	0228-0234 No.95 row 265 (Ford 4:389-391)	C
398	sw	0228-0234 No.95 row 266 (Ford 4:389-391; an-sw-ered (twice))	C
1300	er	0228-0234 No.95 row 267 (Ford 4:389-391)	C
520	ed	0228-0234 No.95 row 268 (Ford 4:389-391)	C
1384	that	0228-0234 No.95 row 269 (Ford 4:389-391)	C
1440	it	0228-0234 No.95 row 270 (Ford 4:389-391)	C
500	was	0228-0234 No.95 row 271 (Ford 4:389-391)	C
1501	ob	0228-0234 No.95 row 272 (Ford 4:389-391; ob-vi-ous-ly; 1501 = a)	M
467	vi	0228-0234 No.95 row 273 (Ford 4:389-391)	C
937	ous	0228-0234 No.95 row 274 (Ford 4:389-391)	C
897	ly	0228-0234 No.95 row 275 (Ford 4:389-391)	C
1424	im	0228-0234 No.95 row 276 (Ford 4:389-391)	C
1157	poss	0228-0234 No.95 row 277 (Ford 4:389-391)	C
586	ble	0228-0234 No.95 row 278 (Ford 4:389-391)	C
981	for	0228-0234 No.95 row 279 (Ford 4:389-391)	C
628	me	0228-0234 No.95 row 280 (Ford 4:389-391)	C
569	to	0228-0234 No.95 row 281 (Ford 4:389-391)	C
1116	pe	0228-0234 No.95 row 283 (Ford 4:389-391)	C
1534	ak	0228-0234 No.95 row 284 (Ford 4:389-391)	C
1592	on	0228-0234 No.95 row 285 (Ford 4:389-391)	C
1399	this	0228-0234 No.95 row 286 (Ford 4:389-391)	C
384	sub	0228-0234 No.95 row 287 (Ford 4:389-391)	C
1411	ject	0228-0234 No.95 row 288 (Ford 4:389-391)	C
674	any	0228-0234 No.95 row 289 (Ford 4:389-391)	C
925	other	0228-0234 No.95 row 290 (Ford 4:389-391)	C
1189	wise	0228-0234 No.95 row 291 (Ford 4:389-391)	C
1383	than	0228-0234 No.95 row 292 (Ford 4:389-391)	C
999	from	0228-0234 No.95 row 293 (Ford 4:389-391)	C
1385	the	0228-0234 No.95 row 294 (Ford 4:389-391)	C
1208	general	0228-0234 No.95 row 295 (Ford 4:389-391)	C
64	know	0228-0234 No.95 row 296 (Ford 4:389-391)	C
592	ledge	0228-0234 No.95 row 297 (Ford 4:389-391)	C
1176	which	0228-0234 No.95 row 298 (Ford 4:389-391)	C
1401	i	0228-0234 No.95 row 299 (Ford 4:389-391)	C
1244	had	0228-0234 No.95 row 300 (Ford 4:389-391)	C
1576	of	0228-0234 No.95 row 301 (Ford 4:389-391)	C
1385	the	0228-0234 No.95 row 302 (Ford 4:389-391)	C
1083	sen	0228-0234 No.95 row 303 (Ford 4:389-391)	C
560	ti	0228-0234 No.95 row 304 (Ford 4:389-391)	C
637	ments	0228-0234 No.95 row 305 (Ford 4:389-391)	C
1576	of	0228-0234 No.95 row 306 (Ford 4:389-391)	C
167	my	0228-0234 No.95 row 307 (Ford 4:389-391)	C
1229	govern	0228-0234 No.95 row 308 (Ford 4:389-391)	C
637	ment	0228-0234 No.95 row 309 (Ford 4:389-391)	C
1384	that	0228-0234 No.95 row 310 (Ford 4:389-391)	C
1401	i	0228-0234 No.95 row 311 (Ford 4:389-391)	C
500	was	0228-0234 No.95 row 312 (Ford 4:389-391)	C
313	far	0228-0234 No.95 row 313 (Ford 4:389-391)	C
999	from	0228-0234 No.95 row 314 (Ford 4:389-391)	C
64	know	0228-0234 No.95 row 315 (Ford 4:389-391)	C
1429	ing	0228-0234 No.95 row 316 (Ford 4:389-391)	C
1172	what	0228-0234 No.95 row 317 (Ford 4:389-391)	C
1386	their	0228-0234 No.95 row 318 (Ford 4:389-391)	C
1407	id	0228-0234 No.95 row 319 (Ford 4:389-391)	C
502	eas	0228-0234 No.95 row 320 (Ford 4:389-391)	C
1169	were	0228-0234 No.95 row 321 (Ford 4:389-391)	C
1190	with	0228-0234 No.95 row 322 (Ford 4:389-391)	C
739	re	0228-0234 No.95 row 323 (Ford 4:389-391)	C
683	gard	0228-0234 No.95 row 324 (Ford 4:389-391)	C
569	to	0228-0234 No.95 row 325 (Ford 4:389-391)	C
1385	the	0228-0234 No.95 row 326 (Ford 4:389-391)	C
1044	con	0228-0234 No.95 row 327 (Ford 4:389-391)	C
564	tin	0228-0234 No.95 row 328 (Ford 4:389-391)	C
455	uan	0228-0234 No.95 row 329 (Ford 4:389-391; con-tin-uan-ce)	C
1016	ce	0228-0234 No.95 row 330 (Ford 4:389-391)	C
1576	of	0228-0234 No.95 row 331 (Ford 4:389-391)	C
1385	the	0228-0234 No.95 row 332 (Ford 4:389-391)	C
498	war	0228-0234 No.95 row 333 (Ford 4:389-391)	C
1384	that	0228-0234 No.95 row 334 (Ford 4:389-391)	C
1401	i	0228-0234 No.95 row 335 (Ford 4:389-391)	C
1244	had	0228-0234 No.95 row 336 (Ford 4:389-391)	C
360	not	0228-0234 No.95 row 337 (Ford 4:389-391)	C
1384	that	0228-0234 No.95 row 338 (Ford 4:389-391)	C
808	day	0228-0234 No.95 row 339 (Ford 4:389-391)	C
736	received	0228-0234 No.95 row 340 (Ford 4:389-391)	C
674	any	0228-0234 No.95 row 341 (Ford 4:389-391)	C
1576	of	0228-0234 No.95 row 342 (Ford 4:389-391)	C
332	fi	0228-0234 No.95 row 343 (Ford 4:389-391)	C
41	communica	0228-0234 No.95 row 344 (Ford 4:389-391; of-fi-cial communica-tion)	C
565	tion	0228-0234 No.95 row 345 (Ford 4:389-391)	C
1576	of	0228-0234 No.95 row 346 (Ford 4:389-391)	C
1440	its	0228-0234 No.95 row 347 (Ford 4:389-391)	C
809	de	0228-0234 No.95 row 348 (Ford 4:389-391)	C
1033	clar	0228-0234 No.95 row 349 (Ford 4:389-391)	C
728	ation	0228-0234 No.95 row 350 (Ford 4:389-391)	C
790	but	0228-0234 No.95 row 351 (Ford 4:389-391)	C
1384	that	0228-0234 No.95 row 352 (Ford 4:389-391)	C
1401	i	0228-0234 No.95 row 353 (Ford 4:389-391)	C
1167	well	0228-0234 No.95 row 354 (Ford 4:389-391)	C
1451	kn	0228-0234 No.95 row 355 (Ford 4:389-391)	C
288	ew	0228-0234 No.95 row 356 (Ford 4:389-391)	C
1440	it	0228-0234 No.95 row 357 (Ford 4:389-391)	C
500	was	0228-0234 No.95 row 358 (Ford 4:389-391)	C
1190	with	0228-0234 No.95 row 359 (Ford 4:389-391)	C
739	re	0228-0234 No.95 row 363 (Ford 4:389-391)	C
894	lu	0228-0234 No.95 row 364 (Ford 4:389-391)	C
1060	ct	0228-0234 No.95 row 365 (Ford 4:389-391)	C
1550	ance	0228-0234 No.95 row 366 (Ford 4:389-391)	C
1393	they	0228-0234 No.95 row 367 (Ford 4:389-391)	C
1244	had	0228-0234 No.95 row 368 (Ford 4:389-391)	C
545	en	0228-0234 No.95 row 369 (Ford 4:389-391)	C
1202	ga	0228-0234 No.95 row 370 (Ford 4:389-391)	C
1205	ge	0228-0234 No.95 row 371 (Ford 4:389-391)	C
1426	in	0228-0234 No.95 row 372 (Ford 4:389-391)	C
1385	the	0228-0234 No.95 row 373 (Ford 4:389-391)	C
498	war	0228-0234 No.95 row 374 (Ford 4:389-391)	C
1384	that	0228-0234 No.95 row 375 (Ford 4:389-391)	C
1401	i	0228-0234 No.95 row 376 (Ford 4:389-391)	C
500	was	0228-0234 No.95 row 377 (Ford 4:389-391)	C
464	very	0228-0234 No.95 row 378 (Ford 4:389-391)	C
396	sure	0228-0234 No.95 row 379 (Ford 4:389-391)	C
1172	what	0228-0234 No.95 row 380 (Ford 4:389-391)	C
284	ever	0228-0234 No.95 row 381 (Ford 4:389-391)	C
809	de	0228-0234 No.95 row 382 (Ford 4:389-391)	C
1379	ter	0228-0234 No.95 row 383 (Ford 4:389-391)	C
649	min	0228-0234 No.95 row 384 (Ford 4:389-391)	C
864	ation	0228-0234 No.95 row 385 (Ford 4:389-391)	C
1393	they	0228-0234 No.95 row 386 (Ford 4:389-391)	C
646	might	0228-0234 No.95 row 387 (Ford 4:389-391)	C
983	form	0228-0234 No.95 row 388 (Ford 4:389-391)	C
488	upon	0228-0234 No.95 row 389 (Ford 4:389-391)	C
1385	the	0228-0234 No.95 row 390 (Ford 4:389-391)	C
219	pro	0228-0234 No.95 row 391 (Ford 4:389-391)	C
1148	po	0228-0234 No.95 row 392 (Ford 4:389-391)	C
1070	sal	0228-0234 No.95 row 393 (Ford 4:389-391)	C
1576	of	0228-0234 No.95 row 394 (Ford 4:389-391)	C
1385	the	0228-0234 No.95 row 395 (Ford 4:389-391)	C
16	emperors	0228-0234 No.95 row 396 (Ford 4:389-391)	C
632	medi	0228-0234 No.95 row 397 (Ford 4:389-391)	C
565	tion	0228-0234 No.95 row 398 (Ford 4:389-391)	C
1393	they	0228-0234 No.95 row 399 (Ford 4:389-391)	C
1199	would	0228-0234 No.95 row 400 (Ford 4:389-391)	C
736	receive	0228-0234 No.95 row 401 (Ford 4:389-391; would receive and consider)	C
568	and	0228-0234 No.95 row 402 (Ford 4:389-391; probably 668 misread)	M
118	consider	0228-0234 No.95 row 403 (Ford 4:389-391)	C
1440	it	0228-0234 No.95 row 404 (Ford 4:389-391)	C
692	as	0228-0234 No.95 row 405 (Ford 4:389-391)	C
1501	a	0228-0234 No.95 row 406 (Ford 4:389-391)	C
436	new	0228-0234 No.95 row 407 (Ford 4:389-391)	C
501	e	0228-0234 No.95 row 408 (Ford 4:389-391)	C
467	vi	0228-0234 No.95 row 409 (Ford 4:389-391)	C
823	den	0228-0234 No.95 row 410 (Ford 4:389-391)	C
1016	ce	0228-0234 No.95 row 411 (Ford 4:389-391)	C
1576	of	0228-0234 No.95 row 412 (Ford 4:389-391)	C
184	his	0228-0234 No.95 row 413 (Ford 4:389-391)	C
602	ma	0228-0234 No.95 row 414 (Ford 4:389-391)	C
1415	jes	0228-0234 No.95 row 415 (Ford 4:389-391; ma-jes-tys)	C
653	tys	0228-0234 No.95 row 416 (Ford 4:389-391)	C
739	re	0228-0234 No.95 row 417 (Ford 4:389-391)	C
668	and	0228-0234 No.95 row 418 (Ford 4:389-391)	C
996	fri	0228-0234 No.95 row 419 (Ford 4:389-391)	C
548	end	0228-0234 No.95 row 420 (Ford 4:389-391; fri-end-ship)	C
1096	ship	0228-0234 No.95 row 421 (Ford 4:389-391; fri-end-ship)	C
981	for	0228-0234 No.95 row 422 (Ford 4:389-391)	C
1385	the	0228-0234 No.95 row 423 (Ford 4:389-391)	C
49	unitedstates	0228-0234 No.95 row 424 (Ford 4:389-391)	C
668	and	0228-0234 No.95 row 425 (Ford 4:389-391)	C
1384	that	0228-0234 No.95 row 426 (Ford 4:389-391)	C
1401	i	0228-0234 No.95 row 427 (Ford 4:389-391)	C
500	was	0228-0234 No.95 row 428 (Ford 4:389-391)	C
360	not	0228-0234 No.95 row 429 (Ford 4:389-391)	C
870	aw	0228-0234 No.95 row 430 (Ford 4:389-391; aw-are)	C
684	are	0228-0234 No.95 row 431 (Ford 4:389-391)	C
1576	of	0228-0234 No.95 row 432 (Ford 4:389-391)	C
874	any	0228-0234 No.95 row 433 (Ford 4:389-391; any obstacle; 874 = fu elsewhere, probably 674 (any) misread)	M
1565	obst(acle)	0228-0234 No.95 row 434 (Ford 4:389-391; obstacle)	C
908	or	0228-0234 No.95 row 435 (Ford 4:389-391)	C
838	difficul	0228-0234 No.95 row 436 (Ford 4:389-391)	C
653	ty	0228-0234 No.95 row 437 (Ford 4:389-391)	C
1176	which	0228-0234 No.95 row 438 (Ford 4:389-391)	C
1047	could	0228-0234 No.95 row 439 (Ford 4:389-391)	C
1569	occasion	0228-0234 No.95 row 440 (Ford 4:389-391)	C
1387	them	0228-0234 No.95 row 441 (Ford 4:389-391)	C
569	to	0228-0234 No.95 row 442 (Ford 4:389-391)	C
811	de	0228-0234 No.95 row 443 (Ford 4:389-391)	C
880	li	0228-0234 No.95 row 444 (Ford 4:389-391)	C
417	ne	0228-0234 No.95 row 445 (Ford 4:389-391)	C
1507	ac	0228-0234 No.95 row 446 (Ford 4:389-391)	C
1020	cep	0228-0234 No.95 row 447 (Ford 4:389-391)	C
1429	ing	0228-0234 No.95 row 448 (Ford 4:389-391)	C
1440	it	0228-0234 No.95 row 449 (Ford 4:389-391)	C
981	for	0228-0234 No.95 row 450 (Ford 4:389-391)	C
167	my	0228-0234 No.95 row 451 (Ford 4:389-391)	C
1081	self	0228-0234 No.95 row 452 (Ford 4:389-391)	C
1401	i	0228-0234 No.95 row 453 (Ford 4:389-391)	C
825	deep	0228-0234 No.95 row 455 (Ford 4:389-391; deep-ly, with the mark)	C
897	ly	0228-0234 No.95 row 456 (Ford 4:389-391)	C
1453	la	0228-0234 No.95 row 457 (Ford 4:389-391)	C
637	mented	0228-0234 No.95 row 458 (Ford 4:389-391)	C
1385	the	0228-0234 No.95 row 459 (Ford 4:389-391)	C
464	very	0228-0234 No.95 row 460 (Ford 4:389-391)	C
289	ex	0228-0234 No.95 row 461 (Ford 4:389-391)	C
1436	is	0228-0234 No.95 row 462 (Ford 4:389-391)	C
1367	tence	0228-0234 No.95 row 463 (Ford 4:389-391; exis-tence)	C
1576	of	0228-0234 No.95 row 464 (Ford 4:389-391)	C
1385	the	0228-0234 No.95 row 465 (Ford 4:389-391)	C
498	war	0228-0234 No.95 row 466 (Ford 4:389-391)	C
1384	that	0228-0234 No.95 row 467 (Ford 4:389-391)	C
1401	i	0228-0234 No.95 row 468 (Ford 4:389-391)	C
90	should	0228-0234 No.95 row 469 (Ford 4:389-391)	C
1157	wel	0228-0234 No.95 row 470 (Ford 4:389-391; wel-come; table pos)	M
1043	come	0228-0234 No.95 row 471 (Ford 4:389-391)	C
674	any	0228-0234 No.95 row 472 (Ford 4:389-391)	C
384	faci	0228-0234 No.95 row 473 (Ford 4:389-391; faci-lity)	M
1423	lity	0228-0234 No.95 row 474 (Ford 4:389-391; faci-lity)	M
981	for	0228-0234 No.95 row 475 (Ford 4:389-391)	C
1359	bring	0228-0234 No.95 row 476 (Ford 4:389-391; bring-ing)	C
1429	ing	0228-0234 No.95 row 477 (Ford 4:389-391)	C
1440	it	0228-0234 No.95 row 478 (Ford 4:389-391)	C
569	to	0228-0234 No.95 row 479 (Ford 4:389-391)	C
1501	a	0228-0234 No.95 row 480 (Ford 4:389-391)	C
1443	ju	0228-0234 No.95 row 481 (Ford 4:389-391)	C
262	st	0228-0234 No.95 row 482 (Ford 4:389-391)	C
668	and	0228-0234 No.95 row 483 (Ford 4:389-391)	C
193	hon	0228-0234 No.95 row 484 (Ford 4:389-391)	C
1349	ter	0228-0234 No.95 row 485 (Ford 4:389-391; ter-mi-nation, after line-end GAP; 1349 = both elsewhere)	M
643	mi	0228-0234 No.95 row 486 (Ford 4:389-391)	C
411	nation	0228-0234 No.95 row 487 (Ford 4:389-391)	C
1401	i	0228-0234 No.95 row 488 (Ford 4:389-391)	C
1453	la	0228-0234 No.95 row 489 (Ford 4:389-391)	C
637	mented	0228-0234 No.95 row 490 (Ford 4:389-391)	C
1440	it	0228-0234 No.95 row 491 (Ford 4:389-391)	C
1315	because	0228-0234 No.95 row 492 (Ford 4:389-391)	C
1401	i	0228-0234 No.95 row 493 (Ford 4:389-391)	C
552	thought	0228-0234 No.95 row 494 (Ford 4:389-391)	C
1384	that	0228-0234 No.95 row 495 (Ford 4:389-391)	C
1385	the	0228-0234 No.95 row 496 (Ford 4:389-391)	C
1176	which	0228-0234 No.95 row 498 (Ford 4:389-391)	C
1244	had	0228-0234 No.95 row 499 (Ford 4:389-391)	C
605	made	0228-0234 No.95 row 500 (Ford 4:389-391)	C
1440	it	0228-0234 No.95 row 501 (Ford 4:389-391)	C
1502	ab	0228-0234 No.95 row 502 (Ford 4:389-391; ab-so-lu-te-ly; also ab-an-don, en-ab-ling)	C
249	so	0228-0234 No.95 row 503 (Ford 4:389-391)	C
894	lu	0228-0234 No.95 row 504 (Ford 4:389-391)	C
1272	te	0228-0234 No.95 row 505 (Ford 4:389-391; absolu-te-ly)	M
897	ly	0228-0234 No.95 row 506 (Ford 4:389-391)	C
479	un	0228-0234 No.95 row 507 (Ford 4:389-391)	C
1501	a	0228-0234 No.95 row 508 (Ford 4:389-391)	C
484	vo	0228-0234 No.95 row 509 (Ford 4:389-391)	C
1503	able	0228-0234 No.95 row 510 (Ford 4:389-391)	C
500	was	0228-0234 No.95 row 511 (Ford 4:389-391)	C
1510	act	0228-0234 No.95 row 512 (Ford 4:389-391)	C
454	ual	0228-0234 No.95 row 513 (Ford 4:389-391; act-ual-ly)	C
897	ly	0228-0234 No.95 row 514 (Ford 4:389-391)	C
731	re	0228-0234 No.95 row 515 (Ford 4:389-391)	C
158	moved	0228-0234 No.95 row 516 (Ford 4:389-391; re-moved, with the mark)	C
699	at	0228-0234 No.95 row 517 (Ford 4:389-391)	C
1385	the	0228-0234 No.95 row 518 (Ford 4:389-391)	C
145	moment	0228-0234 No.95 row 519 (Ford 4:389-391)	C
1173	when	0228-0234 No.95 row 520 (Ford 4:389-391; the moment when)	C
1385	the	0228-0234 No.95 row 521 (Ford 4:389-391)	C
811	de	0228-0234 No.95 row 522 (Ford 4:389-391)	C
1455	lar	0228-0234 No.95 row 523 (Ford 4:389-391)	C
864	ation	0228-0234 No.95 row 524 (Ford 4:389-391)	C
500	was	0228-0234 No.95 row 525 (Ford 4:389-391)	C
505	made	0228-0234 No.95 row 526 (Ford 4:389-391; declaration was made)	M
1416	if	0228-0234 No.95 row 527 (Ford 4:389-391)	C
1385	the	0228-0234 No.95 row 528 (Ford 4:389-391)	C
1052	course	0228-0234 No.95 row 529 (Ford 4:389-391)	C
476	which	0228-0234 No.95 row 530 (Ford 4:389-391; probably 1176 misread)	M
1244	had	0228-0234 No.95 row 531 (Ford 4:389-391)	C
1317	been	0228-0234 No.95 row 532 (Ford 4:389-391)	C
792	by	0228-0234 No.95 row 533 (Ford 4:389-391)	C
167	my	0228-0234 No.95 row 534 (Ford 4:389-391)	C
1229	govern	0228-0234 No.95 row 535 (Ford 4:389-391)	C
637	ment	0228-0234 No.95 row 536 (Ford 4:389-391)	C
1244	had	0228-0234 No.95 row 537 (Ford 4:389-391)	C
1317	been	0228-0234 No.95 row 538 (Ford 4:389-391)	C
31	such	0228-0234 No.95 row 539 (Ford 4:389-391)	C
692	as	0228-0234 No.95 row 540 (Ford 4:389-391)	C
1401	i	0228-0234 No.95 row 541 (Ford 4:389-391)	C
1047	could	0228-0234 No.95 row 542 (Ford 4:389-391)	C
360	not	0228-0234 No.95 row 543 (Ford 4:389-391)	C
1426	in	0228-0234 No.95 row 544 (Ford 4:389-391)	C
167	my	0228-0234 No.95 row 545 (Ford 4:389-391)	C
943	own	0228-0234 No.95 row 546 (Ford 4:389-391)	C
650	mind	0228-0234 No.95 row 547 (Ford 4:389-391)	C
675	ap	0228-0234 No.95 row 548 (Ford 4:389-391)	C
219	pro	0228-0234 No.95 row 549 (Ford 4:389-391)	C
458	ve	0228-0234 No.95 row 550 (Ford 4:389-391; appro-ve)	M
1440	it	0228-0234 No.95 row 551 (Ford 4:389-391)	C
1199	would	0228-0234 No.95 row 552 (Ford 4:389-391)	C
262	st	0228-0234 No.95 row 553 (Ford 4:389-391)	C
1421	ill	0228-0234 No.95 row 554 (Ford 4:389-391)	C
360	not	0228-0234 No.95 row 555 (Ford 4:389-391)	C
1310	be	0228-0234 No.95 row 556 (Ford 4:389-391)	C
1043	come	0228-0234 No.95 row 557 (Ford 4:389-391)	C
628	me	0228-0234 No.95 row 558 (Ford 4:389-391)	C
569	to	0228-0234 No.95 row 559 (Ford 4:389-391)	C
1019	cen	0228-0234 No.95 row 560 (Ford 4:389-391)	C
396	sure	0228-0234 No.95 row 561 (Ford 4:389-391)	C
1440	it	0228-0234 No.95 row 562 (Ford 4:389-391)	C
790	but	0228-0234 No.95 row 563 (Ford 4:389-391)	C
1440	it	0228-0234 No.95 row 564 (Ford 4:389-391)	C
500	was	0228-0234 No.95 row 565 (Ford 4:389-391)	C
360	not	0228-0234 No.95 row 566 (Ford 4:389-391)	C
249	so	0228-0234 No.95 row 567 (Ford 4:389-391)	C
1385	the	0228-0234 No.95 row 568 (Ford 4:389-391)	C
811	de	0228-0234 No.95 row 569 (Ford 4:389-391)	C
1455	lar	0228-0234 No.95 row 570 (Ford 4:389-391)	C
864	ation	0228-0234 No.95 row 571 (Ford 4:389-391)	C
1576	of	0228-0234 No.95 row 572 (Ford 4:389-391)	C
1385	the	0228-0234 No.95 row 573 (Ford 4:389-391)	C
1291	english	0228-0234 No.95 row 574 (Ford 4:389-391)	C
739	re	0228-0234 No.95 row 575 (Ford 4:389-391)	C
1293	gent	0228-0234 No.95 row 576 (Ford 4:389-391; Re-gent)	M
1426	in	0228-0234 No.95 row 577 (Ford 4:389-391)	C
578	April	0228-0234 No.95 row 578 (Ford 4:389-391; Regent in April; table rect)	M
668	and	0228-0234 No.95 row 579 (Ford 4:389-391)	C
1385	the	0228-0234 No.95 row 580 (Ford 4:389-391)	C
879	letter	0228-0234 No.95 row 581 (Ford 4:389-391)	C
995	Fo	0228-0234 No.95 row 583 (Ford 4:389-391; Mr. Fo-st-er; 995 = French elsewhere, digit doubtful)	M
262	st	0228-0234 No.95 row 584 (Ford 4:389-391)	C
1300	er	0228-0234 No.95 row 585 (Ford 4:389-391)	C
1244	had	0228-0234 No.95 row 586 (Ford 4:389-391)	C
1200	written	0228-0234 No.95 row 587 (Ford 4:389-391)	C
1440	it	0228-0234 No.95 row 588 (Ford 4:389-391; wr-it-ten)	C
1375	ten	0228-0234 No.95 row 589 (Ford 4:389-391; wr-it-ten, as in 0188R)	C
569	to	0228-0234 No.95 row 590 (Ford 4:389-391)	C
1385	the	0228-0234 No.95 row 591 (Ford 4:389-391)	C
65	amer	0228-0234 No.95 row 592 (Ford 4:389-391)	C
401	ian	0228-0234 No.95 row 593 (Ford 4:389-391; Amer-ican / Russ-ian (65 = americ))	C
1075	se	0228-0234 No.95 row 594 (Ford 4:389-391)	C
1054	cre	0228-0234 No.95 row 595 (Ford 4:389-391; Se-cre-ta-ry)	M
1302	ta	0228-0234 No.95 row 596 (Ford 4:389-391; Se-cre-ta-ry)	M
498	ry	0228-0234 No.95 row 597 (Ford 4:389-391; Secreta-ry; 498 = war elsewhere)	M
1575	of	0228-0234 No.95 row 598 (Ford 4:389-391; Secretary 1575 State; see 1575 above)	M
264	state	0228-0234 No.95 row 599 (Ford 4:389-391)	C
1426	in	0228-0234 No.95 row 600 (Ford 4:389-391)	C
41	commu	0228-0234 No.95 row 601 (Ford 4:389-391)	C
500	nicat	0228-0234 No.95 row 602 (Ford 4:389-391; commu-nicat-ing; 500 = was)	M
1429	ing	0228-0234 No.95 row 603 (Ford 4:389-391)	C
1440	it	0228-0234 No.95 row 604 (Ford 4:389-391)	C
1244	had	0228-0234 No.95 row 605 (Ford 4:389-391)	C
692	as	0228-0234 No.95 row 606 (Ford 4:389-391)	C
1440	it	0228-0234 No.95 row 607 (Ford 4:389-391)	C
677	appeared	0228-0234 No.95 row 608 (Ford 4:389-391; with the mark)	C
569	to	0228-0234 No.95 row 609 (Ford 4:389-391)	C
628	me	0228-0234 No.95 row 610 (Ford 4:389-391)	C
593	left	0228-0234 No.95 row 611 (Ford 4:389-391; also 0188R)	C
1385	the	0228-0234 No.95 row 612 (Ford 4:389-391)	C
65	amer	0228-0234 No.95 row 613 (Ford 4:389-391)	C
401	ian	0228-0234 No.95 row 614 (Ford 4:389-391; Amer-ican)	C
1229	govern	0228-0234 No.95 row 615 (Ford 4:389-391)	C
637	ment	0228-0234 No.95 row 616 (Ford 4:389-391)	C
360	no	0228-0234 No.95 row 617 (Ford 4:389-391; no alternative)	C
1535	al	0228-0234 No.95 row 618 (Ford 4:389-391)	C
1379	ter	0228-0234 No.95 row 619 (Ford 4:389-391)	C
412	native	0228-0234 No.95 row 620 (Ford 4:389-391; alter-native)	C
790	but	0228-0234 No.95 row 621 (Ford 4:389-391)	C
1549	an	0228-0234 No.95 row 622 (Ford 4:389-391)	C
1424	im	0228-0234 No.95 row 623 (Ford 4:389-391)	C
632	medi	0228-0234 No.95 row 624 (Ford 4:389-391)	C
1392	ate	0228-0234 No.95 row 625 (Ford 4:389-391; immedi-ate; 1392 = these elsewhere)	M
675	ap	0228-0234 No.95 row 626 (Ford 4:389-391)	C
505	peal	0228-0234 No.95 row 627 (Ford 4:389-391; ap-peal)	M
569	to	0228-0234 No.95 row 628 (Ford 4:389-391)	C
686	arms	0228-0234 No.95 row 629 (Ford 4:389-391)	C
908	or	0228-0234 No.95 row 630 (Ford 4:389-391)	C
1501	a	0228-0234 No.95 row 631 (Ford 4:389-391)	C
845	dis	0228-0234 No.95 row 632 (Ford 4:389-391)	C
193	hon	0228-0234 No.95 row 633 (Ford 4:389-391)	C
1503	able	0228-0234 No.95 row 634 (Ford 4:389-391)	C
1502	ab	0228-0234 No.95 row 635 (Ford 4:389-391; ab-an-don)	C
1549	an	0228-0234 No.95 row 636 (Ford 4:389-391)	C
790	don	0228-0234 No.95 row 637 (Ford 4:389-391; aban-don; 790 = but)	M
637	ment	0228-0234 No.95 row 638 (Ford 4:389-391)	C
1576	of	0228-0234 No.95 row 639 (Ford 4:389-391)	C
1535	all	0228-0234 No.95 row 640 (Ford 4:389-391)	C
479	un	0228-0234 No.95 row 641 (Ford 4:389-391)	C
74	question	0228-0234 No.95 row 642 (Ford 4:389-391; un-question-able)	C
1503	able	0228-0234 No.95 row 643 (Ford 4:389-391)	C
1472	rights	0228-0234 No.95 row 644 (Ford 4:389-391)	C
981	for	0228-0234 No.95 row 645 (Ford 4:389-391)	C
1176	which	0228-0234 No.95 row 646 (Ford 4:389-391)	C
1093	they	0228-0234 No.95 row 647 (Ford 4:389-391; for which they had; 1093 = shall)	M
1244	had	0228-0234 No.95 row 648 (Ford 4:389-391)	C
1044	con	0228-0234 No.95 row 649 (Ford 4:389-391)	C
1276	tend	0228-0234 No.95 row 650 (Ford 4:389-391; con-tend-ed)	C
520	ed	0228-0234 No.95 row 651 (Ford 4:389-391)	C
668	and	0228-0234 No.95 row 652 (Ford 4:389-391)	C
282	even	0228-0234 No.95 row 653 (Ford 4:389-391)	C
1385	the	0228-0234 No.95 row 654 (Ford 4:389-391)	C
271	es	0228-0234 No.95 row 655 (Ford 4:389-391)	C
1083	sen	0228-0234 No.95 row 656 (Ford 4:389-391)	C
560	ti	0228-0234 No.95 row 657 (Ford 4:389-391)	C
1535	al	0228-0234 No.95 row 658 (Ford 4:389-391)	C
1576	of	0228-0234 No.95 row 659 (Ford 4:389-391)	C
1549	an	0228-0234 No.95 row 660 (Ford 4:389-391)	C
1426	in	0228-0234 No.95 row 661 (Ford 4:389-391)	C
827	depend	0228-0234 No.95 row 662 (Ford 4:389-391)	C
411	nation	0228-0234 No.95 row 663 (Ford 4:389-391)	C
1385	the	0228-0234 No.95 row 664 (Ford 4:389-391)	C
1339	bla	0228-0234 No.95 row 665 (Ford 4:389-391; bla-me)	C
628	me	0228-0234 No.95 row 666 (Ford 4:389-391)	C
1576	of	0228-0234 No.95 row 667 (Ford 4:389-391)	C
1385	the	0228-0234 No.95 row 668 (Ford 4:389-391)	C
498	war	0228-0234 No.95 row 669 (Ford 4:389-391)	C
500	was	0228-0234 No.95 row 670 (Ford 4:389-391)	C
94	therefore	0228-0234 No.95 row 671 (Ford 4:389-391)	C
545	en	0228-0234 No.95 row 672 (Ford 4:389-391)	C
500	ti	0228-0234 No.95 row 673 (Ford 4:389-391; en-ti-re-ly; 500 = was)	M
731	re	0228-0234 No.95 row 674 (Ford 4:389-391)	C
897	ly	0228-0234 No.95 row 675 (Ford 4:389-391)	C
1592	on	0228-0234 No.95 row 676 (Ford 4:389-391)	C
1385	the	0228-0234 No.95 row 677 (Ford 4:389-391)	C
1291	english	0228-0234 No.95 row 678 (Ford 4:389-391)	C
1099	side	0228-0234 No.95 row 679 (Ford 4:389-391)	C
790	but	0228-0234 No.95 row 680 (Ford 4:389-391)	C
1385	the	0228-0234 No.95 row 681 (Ford 4:389-391)	C
498	war	0228-0234 No.95 row 682 (Ford 4:389-391)	C
500	was	0228-0234 No.95 row 683 (Ford 4:389-391)	C
360	not	0228-0234 No.95 row 684 (Ford 4:389-391)	C
1385	the	0228-0234 No.95 row 685 (Ford 4:389-391)	C
598	less	0228-0234 No.95 row 686 (Ford 4:389-391)	C
845	dis	0228-0234 No.95 row 687 (Ford 4:389-391)	C
23	agreeable	0228-0234 No.95 row 688 (Ford 4:389-391; dis-agreeable)	C
569	to	0228-0234 No.95 row 689 (Ford 4:389-391)	C
628	me	0228-0234 No.95 row 690 (Ford 4:389-391)	C
1401	i	0228-0234 No.95 row 691 (Ford 4:389-391)	C
1453	la	0228-0234 No.95 row 692 (Ford 4:389-391)	C
637	mented	0228-0234 No.95 row 693 (Ford 4:389-391)	C
1440	it	0228-0234 No.95 row 694 (Ford 4:389-391)	C
201	particular	0228-0234 No.95 row 695 (Ford 4:389-391)	C
897	ly	0228-0234 No.95 row 696 (Ford 4:389-391)	C
692	as	0228-0234 No.95 row 697 (Ford 4:389-391)	C
1570	occu	0228-0234 No.95 row 698 (Ford 4:389-391)	C
1424	ing	0228-0234 No.95 row 699 (Ford 4:389-391; occurr-ing; 1424 = im, probably 1429 misread)	M
699	at	0228-0234 No.95 row 700 (Ford 4:389-391)	C
1501	a	0228-0234 No.95 row 701 (Ford 4:389-391)	C
1116	pe	0228-0234 No.95 row 702 (Ford 4:389-391)	C
1464	ri	0228-0234 No.95 row 703 (Ford 4:389-391)	C
1173	when	0228-0234 No.95 row 705 (Ford 4:389-391; when from my good wishes)	C
939	from	0228-0234 No.95 row 706 (Ford 4:389-391; digit blotted)	M
167	my	0228-0234 No.95 row 707 (Ford 4:389-391)	C
1228	good	0228-0234 No.95 row 708 (Ford 4:389-391; also "no good result")	C
1184	wish	0228-0234 No.95 row 709 (Ford 4:389-391)	C
1092	sh	0228-0234 No.95 row 710 (Ford 4:389-391; wi-sh-es, with superscript o)	C
981	for	0228-0234 No.95 row 711 (Ford 4:389-391)	C
948	rus	0228-0234 No.95 row 712 (Ford 4:389-391)	C
668	and	0228-0234 No.95 row 713 (Ford 4:389-391)	C
1385	the	0228-0234 No.95 row 714 (Ford 4:389-391)	C
948	rus	0228-0234 No.95 row 715 (Ford 4:389-391)	C
401	sian	0228-0234 No.95 row 716 (Ford 4:389-391)	C
1015	cause	0228-0234 No.95 row 717 (Ford 4:389-391)	C
1401	i	0228-0234 No.95 row 718 (Ford 4:389-391)	C
90	should	0228-0234 No.95 row 719 (Ford 4:389-391)	C
1259	have	0228-0234 No.95 row 720 (Ford 4:389-391)	C
569	to	0228-0234 No.95 row 721 (Ford 4:389-391)	C
1075	see	0228-0234 No.95 row 722 (Ford 4:389-391)	C
996	fri	0228-0234 No.95 row 723 (Ford 4:389-391)	C
548	end	0228-0234 No.95 row 724 (Ford 4:389-391; fri-end-ship)	C
1096	ship	0228-0234 No.95 row 725 (Ford 4:389-391)	C
668	and	0228-0234 No.95 row 726 (Ford 4:389-391)	C
1252	har	0228-0234 No.95 row 727 (Ford 4:389-391; har-mo-ny)	C
141	mo	0228-0234 No.95 row 728 (Ford 4:389-391)	C
1352	?	0228-0234 No.95 row 730 (Ford 4:389-391; taking place: 1352 1452 1136)	M
1452	?	0228-0234 No.95 row 731 (Ford 4:389-391; taking place; 1452 = ll elsewhere)	M
1136	place	0228-0234 No.95 row 732 (Ford 4:389-391)	C
1331	between	0228-0234 No.95 row 733 (Ford 4:389-391)	C
65	amer	0228-0234 No.95 row 734 (Ford 4:389-391)	C
668	and	0228-0234 No.95 row 735 (Ford 4:389-391)	C
1290	england	0228-0234 No.95 row 736 (Ford 4:389-391)	C
727	rather	0228-0234 No.95 row 737 (Ford 4:389-391)	M
1383	than	0228-0234 No.95 row 738 (Ford 4:389-391)	C
846	dis	0228-0234 No.95 row 739 (Ford 4:389-391; dis-cord)	C
910	cord	0228-0234 No.95 row 740 (Ford 4:389-391)	C
668	and	0228-0234 No.95 row 741 (Ford 4:389-391)	C
198	hos	0228-0234 No.95 row 742 (Ford 4:389-391)	C
560	ti	0228-0234 No.95 row 743 (Ford 4:389-391)	C
880	li	0228-0234 No.95 row 744 (Ford 4:389-391)	C
776	ty	0228-0234 No.95 row 745 (Ford 4:389-391)	C
1401	i	0228-0234 No.95 row 746 (Ford 4:389-391)	C
1451	kn	0228-0234 No.95 row 747 (Ford 4:389-391)	C
288	ew	0228-0234 No.95 row 748 (Ford 4:389-391)	C
1385	the	0228-0234 No.95 row 749 (Ford 4:389-391)	C
498	war	0228-0234 No.95 row 750 (Ford 4:389-391)	C
1199	would	0228-0234 No.95 row 751 (Ford 4:389-391)	C
1516	af	0228-0234 No.95 row 752 (Ford 4:389-391)	C
822	fect	0228-0234 No.95 row 753 (Ford 4:389-391; af-fect)	M
479	un	0228-0234 No.95 row 754 (Ford 4:389-391)	C
318	favor	0228-0234 No.95 row 755 (Ford 4:389-391)	C
1502	ab	0228-0234 No.95 row 756 (Ford 4:389-391; favor-ab-ly)	C
897	ly	0228-0234 No.95 row 757 (Ford 4:389-391)	C
1385	the	0228-0234 No.95 row 758 (Ford 4:389-391)	C
1430	inter	0228-0234 No.95 row 759 (Ford 4:389-391)	C
272	ests	0228-0234 No.95 row 760 (Ford 4:389-391)	C
1576	of	0228-0234 No.95 row 761 (Ford 4:389-391)	C
948	rus	0228-0234 No.95 row 762 (Ford 4:389-391)	C
1401	i	0228-0234 No.95 row 763 (Ford 4:389-391)	C
1451	kn	0228-0234 No.95 row 764 (Ford 4:389-391)	C
288	ew	0228-0234 No.95 row 765 (Ford 4:389-391)	C
1440	it	0228-0234 No.95 row 766 (Ford 4:389-391)	C
161	mu	0228-0234 No.95 row 767 (Ford 4:389-391)	C
262	st	0228-0234 No.95 row 768 (Ford 4:389-391)	C
1310	be	0228-0234 No.95 row 769 (Ford 4:389-391)	C
180	high	0228-0234 No.95 row 770 (Ford 4:389-391)	C
897	ly	0228-0234 No.95 row 771 (Ford 4:389-391)	C
1426	in	0228-0234 No.95 row 772 (Ford 4:389-391)	C
1443	ju	0228-0234 No.95 row 773 (Ford 4:389-391)	C
1464	ri	0228-0234 No.95 row 774 (Ford 4:389-391)	C
937	ous	0228-0234 No.95 row 775 (Ford 4:389-391)	C
1349	both	0228-0234 No.95 row 776 (Ford 4:389-391)	C
569	to	0228-0234 No.95 row 777 (Ford 4:389-391)	C
1385	the	0228-0234 No.95 row 778 (Ford 4:389-391)	C
49	unitedstates	0228-0234 No.95 row 779 (Ford 4:389-391)	C
668	and	0228-0234 No.95 row 780 (Ford 4:389-391)	C
1290	england	0228-0234 No.95 row 781 (Ford 4:389-391)	C
1401	i	0228-0234 No.95 row 782 (Ford 4:389-391)	C
1047	could	0228-0234 No.95 row 783 (Ford 4:389-391)	C
1075	see	0228-0234 No.95 row 784 (Ford 4:389-391)	C
352	no	0228-0234 No.95 row 785 (Ford 4:389-391)	C
1228	good	0228-0234 No.95 row 786 (Ford 4:389-391; no good result)	C
748	re	0228-0234 No.95 row 787 (Ford 4:389-391; good re-sult (748 is an open No. 88 group))	M
477	sult	0228-0234 No.95 row 788 (Ford 4:389-391)	C
692	as	0228-0234 No.95 row 789 (Ford 4:389-391)	C
882	like	0228-0234 No.95 row 790 (Ford 4:389-391)	C
897	ly	0228-0234 No.95 row 791 (Ford 4:389-391)	C
569	to	0228-0234 No.95 row 792 (Ford 4:389-391)	C
680	ar	0228-0234 No.95 row 793 (Ford 4:389-391)	C
1437	ise	0228-0234 No.95 row 794 (Ford 4:389-391)	C
999	from	0228-0234 No.95 row 795 (Ford 4:389-391)	C
1440	it	0228-0234 No.95 row 796 (Ford 4:389-391)	C
569	to	0228-0234 No.95 row 797 (Ford 4:389-391)	C
674	any	0228-0234 No.95 row 798 (Ford 4:389-391)	C
1594	one	0228-0234 No.95 row 799 (Ford 4:389-391)	C
1385	the	0228-0234 No.95 row 800 (Ford 4:389-391)	C
1049	count	0228-0234 No.95 row 801 (Ford 4:389-391)	C
731	re	0228-0234 No.95 row 802 (Ford 4:389-391)	C
1145	plied	0228-0234 No.95 row 803 (Ford 4:389-391)	C
1384	that	0228-0234 No.95 row 804 (Ford 4:389-391)	C
169	he	0228-0234 No.95 row 805 (Ford 4:389-391)	C
1244	had	0228-0234 No.95 row 806 (Ford 4:389-391)	C
118	consider	0228-0234 No.95 row 807 (Ford 4:389-391)	C
520	ed	0228-0234 No.95 row 808 (Ford 4:389-391)	C
1440	it	0228-0234 No.95 row 809 (Ford 4:389-391)	C
1595	al	0228-0234 No.95 row 810 (Ford 4:389-391; al-together)	M
37	together	0228-0234 No.95 row 811 (Ford 4:389-391)	C
1426	in	0228-0234 No.95 row 812 (Ford 4:389-391)	C
1385	the	0228-0234 No.95 row 813 (Ford 4:389-391)	C
1071	same	0228-0234 No.95 row 814 (Ford 4:389-391)	C
881	light	0228-0234 No.95 row 815 (Ford 4:389-391)	C
668	and	0228-0234 No.95 row 816 (Ford 4:389-391)	C
249	so	0228-0234 No.95 row 817 (Ford 4:389-391)	C
1244	had	0228-0234 No.95 row 818 (Ford 4:389-391)	C
1385	the	0228-0234 No.95 row 819 (Ford 4:389-391)	C
16	emperor	0228-0234 No.95 row 820 (Ford 4:389-391)	C
1179	who	0228-0234 No.95 row 821 (Ford 4:389-391)	C
500	was	0228-0234 No.95 row 822 (Ford 4:389-391)	C
234	sin	0228-0234 No.95 row 823 (Ford 4:389-391)	C
1016	ce	0228-0234 No.95 row 824 (Ford 4:389-391)	C
731	re	0228-0234 No.95 row 825 (Ford 4:389-391)	C
897	ly	0228-0234 No.95 row 826 (Ford 4:389-391)	C
109	concerned	0228-0234 No.95 row 827 (Ford 4:389-391)	C
668	and	0228-0234 No.95 row 829 (Ford 4:389-391)	C
1179	who	0228-0234 No.95 row 830 (Ford 4:389-391)	C
1244	had	0228-0234 No.95 row 831 (Ford 4:389-391)	C
182	him	0228-0234 No.95 row 832 (Ford 4:389-391)	C
1081	self	0228-0234 No.95 row 833 (Ford 4:389-391)	C
1044	con	0228-0234 No.95 row 834 (Ford 4:389-391)	C
1018	ceived	0228-0234 No.95 row 835 (Ford 4:389-391)	C
1399	this	0228-0234 No.95 row 836 (Ford 4:389-391)	C
1407	id	0228-0234 No.95 row 837 (Ford 4:389-391)	C
502	ea	0228-0234 No.95 row 838 (Ford 4:389-391)	C
1576	of	0228-0234 No.95 row 839 (Ford 4:389-391)	C
1577	offer	0228-0234 No.95 row 840 (Ford 4:389-391; code "offer-ing his mediation"; Ford prints "authorizing")	C
1429	ing	0228-0234 No.95 row 841 (Ford 4:389-391)	C
184	his	0228-0234 No.95 row 842 (Ford 4:389-391)	C
632	medi	0228-0234 No.95 row 843 (Ford 4:389-391)	C
565	tion	0228-0234 No.95 row 844 (Ford 4:389-391)	C
169	he	0228-0234 No.95 row 845 (Ford 4:389-391)	C
552	thought	0228-0234 No.95 row 846 (Ford 4:389-391)	C
1549	one	0228-0234 No.95 row 847 (Ford 4:389-391; one indirect negotiation)	M
1426	in	0228-0234 No.95 row 848 (Ford 4:389-391)	C
844	di	0228-0234 No.95 row 849 (Ford 4:389-391)	C
518	rect	0228-0234 No.95 row 850 (Ford 4:389-391)	C
44	negotiation	0228-0234 No.95 row 851 (Ford 4:389-391)	C
1044	con	0228-0234 No.95 row 852 (Ford 4:389-391)	C
1280	duc	0228-0234 No.95 row 853 (Ford 4:389-391)	C
520	ed	0228-0234 No.95 row 854 (Ford 4:389-391)	C
198	he	0228-0234 No.95 row 855 (Ford 4:389-391; conducted he-re)	M
668	re	0228-0234 No.95 row 856 (Ford 4:389-391; he-re; probably not 668)	M
1528	aid	0228-0234 No.95 row 857 (Ford 4:389-391; aid-ed)	C
520	ed	0228-0234 No.95 row 858 (Ford 4:389-391)	C
792	by	0228-0234 No.95 row 859 (Ford 4:389-391)	C
1385	the	0228-0234 No.95 row 860 (Ford 4:389-391)	C
110	concili	0228-0234 No.95 row 861 (Ford 4:389-391; concili-at-ory, concili-ate)	C
699	at	0228-0234 No.95 row 862 (Ford 4:389-391)	C
916	ory	0228-0234 No.95 row 863 (Ford 4:389-391)	C
1184	wish	0228-0234 No.95 row 864 (Ford 4:389-391)	C
1092	sh	0228-0234 No.95 row 865 (Ford 4:389-391; wi-sh-es)	C
1576	of	0228-0234 No.95 row 866 (Ford 4:389-391)	C
1501	a	0228-0234 No.95 row 867 (Ford 4:389-391)	C
996	fri	0228-0234 No.95 row 868 (Ford 4:389-391)	C
548	end	0228-0234 No.95 row 869 (Ford 4:389-391; fri-end)	C
569	to	0228-0234 No.95 row 870 (Ford 4:389-391)	C
1349	both	0228-0234 No.95 row 871 (Ford 4:389-391)	C
1111	parties	0228-0234 No.95 row 872 (Ford 4:389-391)	C
646	might	0228-0234 No.95 row 873 (Ford 4:389-391)	C
245	sm	0228-0234 No.95 row 874 (Ford 4:389-391; sm-ooth)	M
1424	ooth	0228-0234 No.95 row 875 (Ford 4:389-391; 1424 = im elsewhere; digit doubtful)	M
1271	down	0228-0234 No.95 row 876 (Ford 4:389-391)	C
838	difficul	0228-0234 No.95 row 877 (Ford 4:389-391)	C
653	ty	0228-0234 No.95 row 878 (Ford 4:389-391; difficul-ties, superscript o)	C
1176	which	0228-0234 No.95 row 879 (Ford 4:389-391)	C
1426	in	0228-0234 No.95 row 880 (Ford 4:389-391)	C
844	di	0228-0234 No.95 row 881 (Ford 4:389-391)	C
518	rect	0228-0234 No.95 row 882 (Ford 4:389-391)	C
846	disc	0228-0234 No.95 row 883 (Ford 4:389-391)	C
491	us	0228-0234 No.95 row 884 (Ford 4:389-391)	C
236	sion	0228-0234 No.95 row 885 (Ford 4:389-391)	C
1331	between	0228-0234 No.95 row 886 (Ford 4:389-391)	C
1385	the	0228-0234 No.95 row 887 (Ford 4:389-391)	C
45	principals	0228-0234 No.95 row 888 (Ford 4:389-391)	C
646	might	0228-0234 No.95 row 889 (Ford 4:389-391)	C
1310	be	0228-0234 No.95 row 890 (Ford 4:389-391)	C
1425	in	0228-0234 No.95 row 891 (Ford 4:389-391; in-di-rect)	M
394	su	0228-0234 No.95 row 892 (Ford 4:389-391)	C
1503	able	0228-0234 No.95 row 893 (Ford 4:389-391)	C
569	to	0228-0234 No.95 row 894 (Ford 4:389-391)	C
1501	a	0228-0234 No.95 row 895 (Ford 4:389-391)	C
161	mu	0228-0234 No.95 row 896 (Ford 4:389-391)	C
764	tu	0228-0234 No.95 row 897 (Ford 4:389-391; mu-tu-al)	C
1535	al	0228-0234 No.95 row 898 (Ford 4:389-391)	C
996	fri	0228-0234 No.95 row 899 (Ford 4:389-391)	C
548	end	0228-0234 No.95 row 900 (Ford 4:389-391; fri-end)	C
503	each	0228-0234 No.95 row 901 (Ford 4:389-391)	C
1111	party	0228-0234 No.95 row 902 (Ford 4:389-391)	C
646	might	0228-0234 No.95 row 903 (Ford 4:389-391)	C
289	ex	0228-0234 No.95 row 904 (Ford 4:389-391)	C
179	hibit	0228-0234 No.95 row 905 (Ford 4:389-391; ex-hibit)	C
1535	all	0228-0234 No.95 row 907 (Ford 4:389-391)	C
1440	itsc	0228-0234 No.95 row 908 (Ford 4:389-391)	C
1034	claims	0228-0234 No.95 row 909 (Ford 4:389-391; with superscript o)	C
668	and	0228-0234 No.95 row 910 (Ford 4:389-391)	C
1535	all	0228-0234 No.95 row 911 (Ford 4:389-391)	C
1440	its	0228-0234 No.95 row 912 (Ford 4:389-391)	C
1042	com	0228-0234 No.95 row 913 (Ford 4:389-391)	C
1137	plai	0228-0234 No.95 row 914 (Ford 4:389-391; com-plai-nts)	C
369	nts	0228-0234 No.95 row 915 (Ford 4:389-391)	C
1192	without	0228-0234 No.95 row 916 (Ford 4:389-391)	C
805	dan	0228-0234 No.95 row 917 (Ford 4:389-391; dan-ger)	C
1210	ger	0228-0234 No.95 row 918 (Ford 4:389-391)	C
1576	of	0228-0234 No.95 row 919 (Ford 4:389-391)	C
289	ex	0228-0234 No.95 row 920 (Ford 4:389-391)	C
1031	cit	0228-0234 No.95 row 921 (Ford 4:389-391)	C
1429	ing	0228-0234 No.95 row 922 (Ford 4:389-391)	C
1435	ir	0228-0234 No.95 row 923 (Ford 4:389-391)	C
1464	ri	0228-0234 No.95 row 924 (Ford 4:389-391)	C
1369	tations	0228-0234 No.95 row 925 (Ford 4:389-391)	C
908	or	0228-0234 No.95 row 926 (Ford 4:389-391)	C
717	rais	0228-0234 No.95 row 927 (Ford 4:389-391; rais-i-ng)	M
1048	i	0228-0234 No.95 row 928 (Ford 4:389-391; rais-i-ng)	M
438	ng	0228-0234 No.95 row 929 (Ford 4:389-391)	C
1424	im	0228-0234 No.95 row 930 (Ford 4:389-391)	C
1116	pe	0228-0234 No.95 row 931 (Ford 4:389-391)	C
833	di	0228-0234 No.95 row 932 (Ford 4:389-391)	C
637	ments	0228-0234 No.95 row 933 (Ford 4:389-391)	C
1385	the	0228-0234 No.95 row 934 (Ford 4:389-391)	C
1110	part	0228-0234 No.95 row 935 (Ford 4:389-391)	C
1576	of	0228-0234 No.95 row 936 (Ford 4:389-391)	C
948	rus	0228-0234 No.95 row 937 (Ford 4:389-391)	C
1144	sia	0228-0234 No.95 row 938 (Ford 4:389-391; Rus-sia; 1144 = pli elsewhere)	M
1597	only	0228-0234 No.95 row 939 (Ford 4:389-391)	C
1310	be	0228-0234 No.95 row 940 (Ford 4:389-391)	C
569	to	0228-0234 No.95 row 941 (Ford 4:389-391)	C
172	hear	0228-0234 No.95 row 942 (Ford 4:389-391; to hear both sides; the number read 172? (1x2))	M
1349	both	0228-0234 No.95 row 943 (Ford 4:389-391)	C
1099	sides	0228-0234 No.95 row 944 (Ford 4:389-391)	C
668	and	0228-0234 No.95 row 945 (Ford 4:389-391)	C
569	to	0228-0234 No.95 row 946 (Ford 4:389-391)	C
492	use	0228-0234 No.95 row 947 (Ford 4:389-391)	C
177	her	0228-0234 No.95 row 948 (Ford 4:389-391)	C
1328	best	0228-0234 No.95 row 949 (Ford 4:389-391)	C
545	en	0228-0234 No.95 row 950 (Ford 4:389-391)	C
809	de	0228-0234 No.95 row 951 (Ford 4:389-391)	C
484	vo	0228-0234 No.95 row 952 (Ford 4:389-391)	C
440	vors	0228-0234 No.95 row 953 (Ford 4:389-391; endea-vors)	M
569	to	0228-0234 No.95 row 954 (Ford 4:389-391)	C
110	concili	0228-0234 No.95 row 955 (Ford 4:389-391)	C
700	ate	0228-0234 No.95 row 956 (Ford 4:389-391)	C
1387	them	0228-0234 No.95 row 957 (Ford 4:389-391)	C
1401	i	0228-0234 No.95 row 958 (Ford 4:389-391)	C
1584	observed	0228-0234 No.95 row 959 (Ford 4:389-391; with the mark)	C
1384	that	0228-0234 No.95 row 960 (Ford 4:389-391)	C
1391	there	0228-0234 No.95 row 961 (Ford 4:389-391)	C
500	was	0228-0234 No.95 row 962 (Ford 4:389-391)	C
1501	a	0228-0234 No.95 row 963 (Ford 4:389-391)	C
1396	third	0228-0234 No.95 row 964 (Ford 4:389-391)	C
1111	party	0228-0234 No.95 row 965 (Ford 4:389-391)	C
569	to	0228-0234 No.95 row 966 (Ford 4:389-391)	C
1310	be	0228-0234 No.95 row 967 (Ford 4:389-391)	C
692	as	0228-0234 No.95 row 968 (Ford 4:389-391)	C
569	to	0228-0234 No.95 row 969 (Ford 4:389-391)	C
1385	the	0228-0234 No.95 row 970 (Ford 4:389-391)	C
219	pro	0228-0234 No.95 row 971 (Ford 4:389-391)	C
1148	po	0228-0234 No.95 row 972 (Ford 4:389-391)	C
1070	sal	0228-0234 No.95 row 973 (Ford 4:389-391)	C
1385	the	0228-0234 No.95 row 974 (Ford 4:389-391)	C
777	british	0228-0234 No.95 row 975 (Ford 4:389-391)	C
1229	govern	0228-0234 No.95 row 976 (Ford 4:389-391)	C
637	ment	0228-0234 No.95 row 977 (Ford 4:389-391)	C
1385	the	0228-0234 No.95 row 978 (Ford 4:389-391)	C
1049	count	0228-0234 No.95 row 979 (Ford 4:389-391)	C
1549	an	0228-0234 No.95 row 980 (Ford 4:389-391)	C
398	sw	0228-0234 No.95 row 981 (Ford 4:389-391)	C
1300	ered	0228-0234 No.95 row 982 (Ford 4:389-391)	C
1384	that	0228-0234 No.95 row 983 (Ford 4:389-391)	C
1440	it	0228-0234 No.95 row 984 (Ford 4:389-391)	C
1244	had	0228-0234 No.95 row 985 (Ford 4:389-391)	C
1525	al	0228-0234 No.95 row 986 (Ford 4:389-391; al-ready)	M
933	ready	0228-0234 No.95 row 987 (Ford 4:389-391)	C
1317	been	0228-0234 No.95 row 988 (Ford 4:389-391)	C
389	sug	0228-0234 No.95 row 989 (Ford 4:389-391)	C
1213	ges	0228-0234 No.95 row 990 (Ford 4:389-391)	C
520	ed	0228-0234 No.95 row 991 (Ford 4:389-391)	C
792	by	0228-0234 No.95 row 992 (Ford 4:389-391)	C
182	him	0228-0234 No.95 row 993 (Ford 4:389-391)	C
569	to	0228-0234 No.95 row 994 (Ford 4:389-391)	C
1385	the	0228-0234 No.95 row 995 (Ford 4:389-391)	C
777	british	0228-0234 No.95 row 996 (Ford 4:389-391)	C
1544	am	0228-0234 No.95 row 997 (Ford 4:389-391)	C
1308	bass	0228-0234 No.95 row 998 (Ford 4:389-391)	C
1513	ad	0228-0234 No.95 row 999 (Ford 4:389-391)	C
908	or	0228-0234 No.95 row 1000 (Ford 4:389-391)	C
890	lor	0228-0234 No.95 row 1001 (Ford 4:389-391)	C
1002	ca	0228-0234 No.95 row 1002 (Ford 4:389-391)	C
1382	th	0228-0234 No.95 row 1003 (Ford 4:389-391)	C
1012	cart	0228-0234 No.95 row 1004 (Ford 4:389-391; Ca-th-cart)	C
1179	who	0228-0234 No.95 row 1006 (Ford 4:389-391)	C
1244	had	0228-0234 No.95 row 1007 (Ford 4:389-391)	C
1385	the	0228-0234 No.95 row 1008 (Ford 4:389-391)	C
808	day	0228-0234 No.95 row 1009 (Ford 4:389-391)	C
1318	before	0228-0234 No.95 row 1010 (Ford 4:389-391)	C
849	dispatched	0228-0234 No.95 row 1011 (Ford 4:389-391)	C
1440	it	0228-0234 No.95 row 1012 (Ford 4:389-391)	C
792	by	0228-0234 No.95 row 1013 (Ford 4:389-391)	C
1501	a	0228-0234 No.95 row 1014 (Ford 4:389-391)	C
640	mes	0228-0234 No.95 row 1015 (Ford 4:389-391; mes-sen-ger)	C
1083	sen	0228-0234 No.95 row 1016 (Ford 4:389-391)	C
1210	ger	0228-0234 No.95 row 1017 (Ford 4:389-391)	C
569	to	0228-0234 No.95 row 1018 (Ford 4:389-391)	C
184	his	0228-0234 No.95 row 1019 (Ford 4:389-391)	C
1053	court	0228-0234 No.95 row 1020 (Ford 4:389-391)	C
250	some	0228-0234 No.95 row 1021 (Ford 4:389-391)	C
74	question	0228-0234 No.95 row 1022 (Ford 4:389-391)	C
1570	occu	0228-0234 No.95 row 1023 (Ford 4:389-391)	C
109	concern	0228-0234 No.95 row 1024 (Ford 4:389-391)	C
1429	ing	0228-0234 No.95 row 1025 (Ford 4:389-391)	C
1385	the	0228-0234 No.95 row 1026 (Ford 4:389-391)	C
141	mo	0228-0234 No.95 row 1027 (Ford 4:389-391)	C
809	de	0228-0234 No.95 row 1028 (Ford 4:389-391)	C
1576	of	0228-0234 No.95 row 1029 (Ford 4:389-391)	C
545	en	0228-0234 No.95 row 1030 (Ford 4:389-391)	C
883	ling	0228-0234 No.95 row 1032 (Ford 4:389-391; enab-ling)	M
628	me	0228-0234 No.95 row 1033 (Ford 4:389-391)	C
569	to	0228-0234 No.95 row 1034 (Ford 4:389-391)	C
752	trans	0228-0234 No.95 row 1035 (Ford 4:389-391)	C
137	mit	0228-0234 No.95 row 1036 (Ford 4:389-391)	C
1399	this	0228-0234 No.95 row 1037 (Ford 4:389-391)	C
41	commu	0228-0234 No.95 row 1038 (Ford 4:389-391)	C
565	tion	0228-0234 No.95 row 1039 (Ford 4:389-391)	C
569	to	0228-0234 No.95 row 1040 (Ford 4:389-391)	C
1385	the	0228-0234 No.95 row 1041 (Ford 4:389-391)	C
49	unitedstates	0228-0234 No.95 row 1042 (Ford 4:389-391)	C
488	upon	0228-0234 No.95 row 1043 (Ford 4:389-391)	C
1176	which	0228-0234 No.95 row 1044 (Ford 4:389-391)	C
1385	the	0228-0234 No.95 row 1045 (Ford 4:389-391)	C
1049	count	0228-0234 No.95 row 1046 (Ford 4:389-391)	C
17	promised	0228-0234 No.95 row 1047 (Ford 4:389-391; with the mark)	C
569	to	0228-0234 No.95 row 1048 (Ford 4:389-391)	C
1075	see	0228-0234 No.95 row 1049 (Ford 4:389-391)	C
628	me	0228-0234 No.95 row 1050 (Ford 4:389-391)	C
1522	again	0228-0234 No.95 row 1051 (Ford 4:389-391)	C
1426	in	0228-0234 No.95 row 1052 (Ford 4:389-391)	C
1385	the	0228-0234 No.95 row 1053 (Ford 4:389-391)	C
1052	course	0228-0234 No.95 row 1054 (Ford 4:389-391)	C
1576	of	0228-0234 No.95 row 1055 (Ford 4:389-391)	C
1501	a	0228-0234 No.95 row 1056 (Ford 4:389-391)	C
329	few	0228-0234 No.95 row 1057 (Ford 4:389-391)	C
808	days	0228-0234 No.95 row 1058 (Ford 4:389-391)	C
169	he	0228-0234 No.95 row 1059 (Ford 4:389-391)	C
1068	sa	0228-0234 No.95 row 1060 (Ford 4:389-391)	C
1407	id	0228-0234 No.95 row 1061 (Ford 4:389-391)	C
1384	that	0228-0234 No.95 row 1062 (Ford 4:389-391)	C
169	he	0228-0234 No.95 row 1063 (Ford 4:389-391)	C
90	should	0228-0234 No.95 row 1064 (Ford 4:389-391)	C
851	write	0228-0234 No.95 row 1065 (Ford 4:389-391)	C
569	to	0228-0234 No.95 row 1066 (Ford 4:389-391)	C
668	and	0228-0234 No.95 row 1067 (Ford 4:389-391)	C
1426	in	0228-0234 No.95 row 1068 (Ford 4:389-391)	C
24	struc	0228-0234 No.95 row 1069 (Ford 4:389-391)	C
182	him	0228-0234 No.95 row 1070 (Ford 4:389-391)	C
569	to	0228-0234 No.95 row 1071 (Ford 4:389-391)	C
611	make	0228-0234 No.95 row 1072 (Ford 4:389-391)	C
1385	the	0228-0234 No.95 row 1073 (Ford 4:389-391)	C
219	pro	0228-0234 No.95 row 1074 (Ford 4:389-391)	C
1148	po	0228-0234 No.95 row 1075 (Ford 4:389-391)	C
1098	si	0228-0234 No.95 row 1076 (Ford 4:389-391)	C
565	tion	0228-0234 No.95 row 1077 (Ford 4:389-391)	C
569	to	0228-0234 No.95 row 1080 (Ford 4:389-391)	C
1385	the	0228-0234 No.95 row 1081 (Ford 4:389-391)	C
1229	govern	0228-0234 No.95 row 1082 (Ford 4:389-391)	C
637	ment	0228-0234 No.95 row 1083 (Ford 4:389-391)	C
1576	of	0228-0234 No.95 row 1084 (Ford 4:389-391)	C
1385	the	0228-0234 No.95 row 1085 (Ford 4:389-391)	C
49	unitedstates	0228-0234 No.95 row 1086 (Ford 4:389-391)	C
