# Grade I: values inferred for groups of No. 88 that no clerk decode or Ford alignment gives, from the alphabetical
# slot (python slots.py) plus the sense of the sentence. Not attested. number<TAB>value<TAB>where<TAB>I
168	ey	gap88 jour-n-ey; 0183R12 commerci-al [ey]-es where the clerk wrote nothing over 168	I
1434	journ	gap88 'the [journ]-ey itself of the Emperor Alexander to Wilna'; sense only, the slot (ion < 1434 < is) does not fit	I
83	opposition	gap88 'was in [opposition] to the Chancellor'; slot 81 objection < 83 < 87 South fits	I
143	mod	rem88 'nor im-[mod]-(erate)'; slot 141 mo < 143 < 145 moment	I
815	def	rem88 'de-fen-sive' (underlined); slot 812 ded < 815 < 822 demand	I
239	sive	rem88 de-fen-sive; slot 237 sis < 239 < 247 small	I
108	comply	rem88 'dishonourable in France to [comply]'; slot 107 common < 108 < 109 concern	I
432	net	rem88 'pe-[net]-[rate] di-rect-ly'; slot 431 nest < 432 < 433 never	I
726	rate	rem88 pe-net-rate; next to 727/728 ation	I
