record	segment	position	cipher	plain	grade	coherent
7524	unread	1	110	?		False
7524	unread	2	36	?		False
7524	unread	3	31	?		False
7524	unread	4	157	?		False
7524	unread	5	31	?		False
7524	unread	6	33	?		False
7524	unread	7	81	?		False
7524	unread	8	15	?		False
7524	unread	9	20	?		False
7524	unread	10	125	?		False
7524	unread	11	38	?		False
7524	unread	12	97	?		False
7524	unread	13	79	?		False
7524	unread	14	15	?		False
7524	unread	15	20	?		False
7524	unread	16	128	?		False
7524	unread	17	42	?		False
7524	unread	18	17	?		False
7524	unread	19	15	?		False
7524	unread	20	130	?		False
7524	unread	21	107	?		False
7524	unread	22	101	?		False
7524	unread	23	22	?		False
7524	unread	24	118	?		False
7524	unread	25	82	?		False
7524	unread	26	36	?		False
7524	unread	27	31	?		False
7524	unread	28	81	?		False
7524	unread	29	17	?		False
7524	unread	30	68	?		False
7524	unread	31	87	?		False
7524	unread	32	97	?		False
7524	unread	33	135	?		False
7524	unread	34	38	?		False
7524	unread	35	35	?		False
7524	unread	36	15	?		False
7524	unread	37	20	?		False
7524	unread	38	141	?		False
7524	unread	39	94	?		False
7524	unread	40	130	?		False
7524	unread	41	25	?		False
7524	unread	42	153	?		False
7524	unread	43	110	?		False
7524	unread	44	109	?		False
7524	unread	45	127	?		False
7524	unread	46	30	?		False
7524	unread	47	31	?		False
7524	unread	48	39	?		False
7524	unread	49	85	?		False
7524	unread	50	15	?		False
7524	unread	51	20	?		False
7524	unread	52	135	?		False
7524	unread	53	27	?		False
7524	unread	54	16	?		False
7524	unread	55	124	?		False
7524	unread	56	31	?		False
7524	unread	57	81	?		False
7524	unread	58	15	?		False
7524	unread	59	20	?		False
7524	unread	60	12	?		False
7524	unread	61	19	?		False
7524	unread	62	19	?		False
7524	unread	63	118	?		False
7524	unread	64	141	?		False
7524	unread	65	52	?		False
7524	unread	66	21	?		False
7524	unread	67	12	?		False
7524	unread	68	133	?		False
7524	unread	69	153	?		False
7524	unread	70	46	?		False
7524	unread	71	39	?		False
7524	unread	72	135	?		False
7524	unread	73	15	?		False
7524	unread	74	20	?		False
7524	unread	75	28	?		False
7524	unread	76	30	?		False
7524	unread	77	157	?		False
7524	unread	78	31	?		False
7524	unread	79	39	?		False
7524	unread	80	94	?		False
7524	unread	81	15	?		False
7524	unread	82	20	?		False
7524	unread	83	36	?		False
7524	unread	84	31	?		False
7524	unread	85	157	?		False
7524	unread	86	31	?		False
7524	unread	87	33	?		False
7524	unread	88	81	?		False
7524	unread	89	15	?		False
7524	unread	90	20	?		False
7524	unread	91	144	?		False
7524	unread	92	76	?		False
7524	unread	93	144	?		False
7524	unread	94	16	?		False
7524	unread	95	39	?		False
7524	unread	96	33	?		False
7524	unread	97	36	?		False
7524	unread	98	146	?		False
7524	unread	99	31	?		False
7524	unread	100	24	?		False
7524	unread	101	104	?		False
7524	unread	102	110	?		False
7524	unread	103	31	?		False
7524	unread	104	92	?		False
7524	unread	105	36	?		False
7524	unread	106	56	?		False
7524	unread	107	107	?		False
7524	unread	108	101	?		False
7524	unread	109	22	?		False
7524	unread	110	118	?		False
7524	unread	111	82	?		False
7524	unread	112	36	?		False
7524	unread	113	31	?		False
7524	unread	114	81	?		False
7524	unread	115	17	?		False
7524	unread	116	68	?		False
7524	unread	117	35	?		False
7524	unread	118	33	?		False
7524	unread	119	128	?		False
7524	unread	120	15	?		False
7524	unread	121	51	?		False
7524	unread	122	30	?		False
7524	unread	123	118	?		False
7524	unread	124	33	?		False
7524	unread	125	27	?		False
7524	unread	126	28	?		False
7524	unread	127	28	?		False
7524	unread	128	119	?		False
7524	unread	129	31	?		False
7524	unread	130	125	?		False
7524	unread	131	107	?		False
7524	unread	132	33	?		False
7524	unread	133	120	?		False
7524	unread	134	17	?		False
7524	unread	135	54	?		False
7524	unread	136	60	?		False
7524	unread	137	26	?		False
7524	unread	138	53	?		False
7524	unread	139	33	?		False
7524	unread	140	12	?		False
7524	unread	141	30	?		False
7524	unread	142	95	?		False
7524	unread	143	131	?		False
7524	unread	144	102	?		False
7524	unread	145	26	?		False
7524	unread	146	31	?		False
7524	unread	147	29	?		False
7524	unread	148	139	?		False
7524	unread	149	61	?		False
7524	unread	150	102	?		False
7524	unread	151	107	?		False
7524	unread	152	26	?		False
7524	unread	153	22	?		False
7524	unread	154	118	?		False
7524	unread	155	82	?		False
7524	unread	156	36	?		False
7524	unread	157	31	?		False
7524	unread	158	81	?		False
7524	unread	159	39	?		False
7524	unread	160	65	?		False
7524	unread	161	16	?		False
7524	unread	162	104	?		False
7524	unread	163	15	?		False
7524	unread	164	12	?		False
7524	unread	165	86	?		False
7524	unread	166	133	?		False
7524	unread	167	39	?		False
7524	unread	168	65	?		False
7524	unread	169	42	?		False
7524	unread	170	102	?		False
7524	unread	171	134	?		False
7524	unread	172	76	?		False
7524	unread	173	68	?		False
7524	unread	174	28	?		False
7524	unread	175	120	?		False
7524	unread	176	136	?		False
7524	unread	177	132	?		False
7524	unread	178	146	?		False
7524	unread	179	31	?		False
7524	unread	180	39	?		False
7524	unread	181	92	?		False
7524	unread	182	152	?		False
7524	unread	183	66	?		False
7524	unread	184	26	?		False
7524	unread	185	31	?		False
7524	unread	186	49	?		False
7524	unread	187	94	?		False
7524	unread	188	31	?		False
7524	unread	189	76	?		False
7524	unread	190	38	?		False
7524	unread	191	39	?		False
7524	unread	192	107	?		False
7524	unread	193	102	?		False
7524	unread	194	25	?		False
7524	unread	195	144	?		False
7524	unread	196	76	?		False
7524	unread	197	144	?		False
7524	unread	198	56	?		False
7524	unread	199	81	?		False
7524	unread	200	77	?		False
7524	unread	201	30	?		False
7524	unread	202	31	?		False
7524	unread	203	81	?		False
7524	unread	204	25	?		False
7524	unread	205	12	?		False
7524	unread	206	110	?		False
7524	unread	207	56	?		False
7524	unread	208	14	?		False
7524	unread	209	26	?		False
7524	unread	210	27	?		False
7524	unread	211	17	?		False
7524	unread	212	33	?		False
7524	unread	213	50	?		False
7524	unread	214	26	?		False
7524	unread	215	105	?		False
7524	unread	216	42	?		False
7524	unread	217	12	?		False
7524	unread	218	87	?		False
7524	unread	219	12	?		False
7524	unread	220	76	?		False
7524	unread	221	58	?		False
7524	unread	222	101	?		False
7524	unread	223	15	?		False
7524	unread	224	39	?		False
7524	unread	225	81	?		False
7524	unread	226	39	?		False
7524	unread	227	76	?		False
7524	unread	228	58	?		False
7524	unread	229	101	?		False
7524	unread	230	22	?		False
7524	unread	231	76	?		False
7524	unread	232	25	?		False
7525	0	1	22	h	I	True
7525	0	2	35	o	I	True
7525	0	3	37	r	I	True
7525	0	4	15	y	I	True
7525	0	5	44	h	I	True
7525	0	6	70	o	I	True
7525	0	7	74	r	I	True
7525	0	8	20	k	I	True
7525	0	9	21	i	I	True
7525	1	1	25	e	I	True
7525	1	2	36	s	I	True
7525	1	3	19	t	I	True
7525	1	4	37	r	I	True
7525	1	5	25	e	I	True
7525	1	6	36	s	I	True
7525	1	7	25	e	I	True
7525	1	8	18	u	I	True
7525	1	9	31	l	I	True
7525	2	1	29	c	I	True
7525	2	2	37	r	I	True
7525	2	3	25	e	I	True
7525	2	4	30	d	I	True
7525	2	5	21	i	I	True
7525	2	6	19	t	I	True
7525	3	1	29	c	I	True
7525	3	2	25	e	I	True
7525	3	3	36	s	I	True
7525	3	4	33	m	I	True
7525	3	5	26	a	I	True
7525	3	6	29	c	I	True
7525	3	7	22	h	I	True
7525	3	8	21	i	I	True
7525	3	9	34	n	I	True
7525	3	10	25	e	I	True
7525	4	1	33	m	I	True
7525	4	2	26	a	I	True
7525	4	3	15	y	I	True
7525	4	4	36	s	I	True
7525	4	5	35	o	I	True
7525	4	6	34	n	I	True
7525	5	1	31	l	I	True
7525	5	2	26	a	I	True
7525	5	3	21	i	I	True
7525	5	4	18	u	I	True
7525	5	5	36	s	I	True
7525	5	6	19	t	I	True
7525	5	7	21	i	I	True
7525	5	8	29	c	I	True
7525	5	9	25	e	I	True
7525	6	1	21	i	I	True
7525	6	2	34	n	I	True
7525	6	3	33	m	I	True
7525	6	4	21	i	I	True
7525	6	5	36	s	I	True
7525	codes-2	1	94	?		False
7525	codes-2	2	100	?		False
7526	96	1	39	p	I	True
7526	96	2	27	a	I	True
7526	96	3	34	n	I	True
7526	96	4	36	s	I	True
7526	96	5	19	t	I	True
7526	96	6	27	a	I	True
7526	96	7	37	r	I	True
7526	96	8	35	o	I	True
7526	96	9	36	s	I	True
7526	96	10	19	t	I	True
7526	96	11	27	a	I	True
7526	96	12	36	s	M	False
7526	96	13	25	e	M	False
7526	96	14	37	r	M	False
7526	96	15	25	e	M	False
7526	96	16	29	c	M	False
7526	96	17	20	k	M	False
7526	96	18	21	i	M	False
7526	96	19	21	i	I	True
7526	96	20	25	e	I	True
7526	96	21	36	s	I	True
7526	96	22	19	t	I	True
7526	96	23	19	t	I	True
7526	96	24	18	u	I	True
7526	96	25	39	p	I	True
7526	96	26	15	y	I	True
7526	96	27	19	t	I	True
7526	96	28	27	a	I	True
7526	96	29	32	l	I	True
7526	96	30	27	a	I	True
7526	96	31	33	m	I	True
7526	96	32	36	s	I	True
7526	96	33	21	i	I	True
7526	96	34	25	e	I	True
7526	96	35	21	i	I	True
7526	96	36	25	e	I	True
7526	96	37	16	z	I	True
7526	96	38	25	e	I	True
7526	96	39	31	l	I	True
7526	96	40	21	i	I	True
7526	96	41	33	m	I	True
7526	96	42	27	a	I	True
7526	96	43	29	c	I	True
7526	96	44	35	o	I	True
7526	96	45	39	p	I	True
7526	96	46	35	o	I	True
7526	96	47	36	s	I	True
7526	96	48	19	t	I	True
7526	96	49	27	a	I	True
7526	96	50	34	n	I	True
7526	96	51	35	o	I	True
7526	96	52	17	w	I	True
7526	96	53	21	i	I	True
7526	96	54	35	o	I	True
7526	96	55	34	n	I	True
7526	96	56	25	e	I	True
7526	96	57	23	g	I	True
7526	96	58	35	o	I	True
7526	96	59	34	n	I	True
7526	96	60	21	i	I	True
7526	96	61	33	m	I	True
7526	96	62	27	a	I	True
7526	96	63	34	n	I	True
7526	96	64	21	i	I	True
7526	96	65	29	c	I	True
7526	96	66	21	i	I	True
7526	96	67	25	e	I	True
7526	96	68	30	d	I	True
7526	96	69	16	z	I	True
7526	96	70	21	i	I	True
7526	96	71	25	e	I	True
7526	96	72	30	d	I	True
7526	96	73	16	z	I	True
7526	96	74	21	i	I	True
7526	96	75	25	e	I	True
7526	96	76	30	d	I	True
7526	96	77	35	o	I	True
7526	96	78	31	l	I	True
7526	96	79	18	u	I	True
7526	96	80	28	b	I	True
7526	96	81	31	l	I	True
7526	96	82	21	i	I	True
7526	96	83	34	n	I	True
7526	96	84	27	a	I	True
7526	96	85	19	t	I	True
7526	96	86	35	o	I	True
7526	96	87	19	t	I	True
7526	96	88	25	e	I	True
7526	96	89	36	s	I	True
7526	96	90	16	z	I	True
7526	96	91	39	p	I	True
7526	96	92	37	r	I	True
7526	96	93	27	a	I	True
7526	96	94	17	w	I	True
7526	96	95	30	d	I	True
7526	96	96	27	a	I	True
7526	96	97	16	z	I	True
7526	96	98	25	e	I	True
7526	96	99	28	b	I	True
7526	96	100	15	y	I	True
7526	96	101	32	l	I	True
7526	96	102	18	u	I	True
7526	96	103	30	d	I	True
7526	96	104	35	o	I	True
7526	96	105	33	m	I	True
7526	96	106	21	i	I	True
7526	96	107	34	n	I	True
7526	96	108	21	i	I	True
7526	96	109	20	k	I	True
7526	96	110	27	a	I	True
7526	96	111	34	n	I	True
7526	96	112	35	o	I	True
7526	96	113	17	w	I	True
7526	96	114	17	w	I	True
7526	96	115	19	t	I	True
7526	96	116	25	e	I	True
7526	96	117	34	n	I	True
7526	96	118	29	c	I	True
7526	96	119	16	z	I	True
7526	96	120	27	a	I	True
7526	96	121	36	s	I	True
7526	96	122	21	i	I	True
7526	96	123	27	a	I	True
7526	96	124	20	k	I	True
7526	96	125	25	e	I	True
7526	96	126	36	s	I	True
7526	96	127	19	t	I	True
7526	96	128	27	a	I	True
7526	96	129	34	n	I	True
7526	96	130	29	c	I	True
7526	96	131	35	o	I	True
7526	96	132	17	w	I	True
7526	96	133	27	a	I	True
7526	96	134	32	l	I	True
7526	96	135	16	z	I	True
7526	96	136	34	n	I	True
7526	96	137	21	i	I	True
7526	96	138	27	a	I	True
7526	96	139	17	w	I	True
7526	96	140	39	p	I	True
7526	96	141	35	o	I	True
7526	96	142	31	l	I	True
7526	96	143	18	u	I	True
7526	96	144	39	p	I	True
7526	96	145	35	o	I	True
7526	96	146	17	w	I	True
7526	96	147	21	i	I	True
7526	96	148	25	e	I	True
7526	96	149	30	d	I	True
7526	96	150	27	a	I	True
7526	96	151	32	l	I	True
7526	96	152	33	m	I	True
7526	96	153	21	i	I	True
7526	96	154	39	p	I	True
7526	96	155	19	t	M	False
7526	96	156	27	a	M	False
7526	96	157	28	b	M	False
7526	96	158	37	r	M	False
7526	96	159	35	o	M	False
7526	96	160	17	w	M	False
7526	96	161	36	s	M	False
7526	96	162	20	k	M	False
7526	96	163	21	i	M	False
7527	7	1	39	p	I	True
7527	7	2	26	a	I	True
7527	7	3	31	l	I	True
7527	7	4	52	a	I	True
7527	7	5	19	t	I	True
7527	7	6	21	i	I	True
7527	7	7	34	n	I	True
7527	8	1	17	w	I	True
7527	8	2	21	i	I	True
7527	8	3	31	l	I	True
7527	8	4	34	n	I	True
7527	8	5	26	a	I	True
7527	9	1	35	o	I	True
7527	9	2	28	b	I	True
7527	9	3	31	l	I	True
7527	9	4	21	i	I	True
7527	9	5	23	g	I	True
7527	9	6	26	a	I	True
7527	9	7	19	t	I	True
7527	9	8	42	i	I	True
7527	9	9	35	o	I	True
7527	9	10	34	n	I	True
7527	10	1	36	s	I	True
7527	10	2	26	a	I	True
7527	10	3	34	n	I	True
7527	10	4	19	t	I	True
7527	10	5	33	m	I	True
7527	10	6	21	i	I	True
7527	10	7	31	l	I	True
7527	10	8	24	f	I	True
7527	10	9	37	r	I	True
7527	10	10	26	a	I	True
7527	10	11	34	n	I	True
7527	11	1	28	b	I	True
7527	11	2	15	y	I	True
7527	11	3	29	c	I	True
7527	11	4	22	h	I	True
7527	11	5	35	o	I	True
7527	11	6	17	w	I	True
7527	12	1	39	p	I	True
7527	12	2	26	a	I	True
7527	12	3	15	y	I	True
7527	12	4	25	e	I	True
7527	13	1	26	a	I	True
7527	13	2	34	n	I	True
7527	13	3	36	s	I	True
7527	14	1	28	b	I	True
7527	14	2	15	y	I	True
7527	14	3	29	c	I	True
7527	14	4	22	h	I	True
7527	14	5	35	o	I	True
7527	14	6	17	w	I	True
7527	15	1	34	n	I	True
7527	15	2	35	o	I	True
7527	15	3	36	s	I	True
7527	15	4	33	m	I	True
7527	15	5	25	e	I	True
7527	15	6	36	s	I	True
7527	15	7	35	o	I	True
7527	15	8	18	u	I	True
7527	15	9	37	r	I	True
7527	16	1	34	n	I	True
7527	16	2	35	o	I	True
7527	16	3	18	u	I	True
7527	16	4	36	s	I	True
7527	16	5	26	a	I	True
7527	16	6	15	y	I	True
7527	16	7	30	d	I	True
7527	16	8	25	e	I	True
7527	16	9	37	r	I	True
7527	16	10	25	e	I	True
7527	16	11	36	s	I	True
7527	16	12	39	p	I	True
7527	16	13	26	a	I	True
7527	16	14	36	s	I	True
7527	17	1	26	a	I	True
7527	17	2	31	l	I	True
7527	17	3	21	i	I	True
7527	17	4	52	a	I	True
7527	17	5	34	n	I	True
7527	17	6	29	c	I	True
7527	17	7	25	e	I	True
7527	18	1	21	i	I	True
7527	18	2	18	u	I	True
7527	18	3	36	s	I	True
7527	18	4	19	t	I	True
7527	18	5	21	i	I	True
7527	18	6	24	f	I	True
7527	18	7	21	i	I	True
7527	18	8	25	e	I	True
7527	19	1	26	a	I	True
7527	19	2	31	l	I	True
7527	19	3	62	l	I	True
7527	19	4	25	e	I	True
7527	19	5	37	r	I	True
7527	19	6	31	l	I	True
7527	19	7	18	u	I	True
7527	19	8	15	y	I	True
7527	19	9	33	m	I	True
7527	19	10	25	e	I	True
7527	19	11	33	m	I	True
7527	19	12	50	e	I	True
7527	20	1	34	n	I	True
7527	20	2	35	o	I	True
7527	20	3	18	u	I	True
7527	20	4	37	r	I	True
7527	20	5	21	i	I	True
7527	20	6	19	t	I	True
7527	74	1	33	m	I	True
7527	74	2	26	a	I	True
7527	74	3	37	r	I	True
7527	74	4	29	c	I	True
7527	74	5	22	h	I	True
7527	74	6	52	a	I	True
7527	74	7	31	l	I	True
7527	75	1	31	l	I	True
7527	75	2	21	i	I	True
7527	75	3	19	t	I	True
7527	75	4	17	w	I	True
7527	75	5	26	a	I	True
7527	75	6	34	n	I	True
7527	75	7	21	i	I	True
7527	75	8	25	e	I	True
7527	76	1	28	b	I	True
7527	76	2	21	i	I	True
7527	76	3	25	e	I	True
7527	76	4	23	g	I	True
7527	76	5	26	a	I	True
7527	76	6	34	n	I	True
7527	76	7	36	s	I	True
7527	76	8	20	k	I	True
7527	76	9	42	i	I	True
7527	76	10	26	a	I	True
7527	76	11	29	c	I	True
7527	76	12	35	o	I	True
7527	76	13	34	n	I	True
7527	76	14	24	f	I	True
7527	76	15	25	e	I	True
7527	76	16	36	s	I	True
7527	76	17	25	e	I	True
7527	77	1	39	p	I	True
7527	77	2	25	e	I	True
7527	77	3	37	r	I	True
7527	77	4	50	e	I	True
7527	78	1	31	l	I	True
7527	78	2	25	e	I	True
7527	78	3	36	s	I	True
7527	78	4	19	t	I	True
7527	78	5	37	r	I	True
7527	78	6	50	e	I	True
7527	79	1	33	m	I	True
7527	79	2	26	a	I	True
7527	79	3	37	r	I	True
7527	79	4	29	c	I	True
7527	79	5	22	h	I	True
7527	79	6	52	a	I	True
7527	79	7	31	l	I	True
7527	80	1	37	r	I	True
7527	80	2	25	e	I	True
7527	80	3	36	s	I	True
7527	80	4	39	p	I	True
7527	80	5	37	r	I	True
7527	80	6	35	o	I	True
7527	80	7	58	c	I	True
7527	80	8	44	h	I	True
7527	80	9	50	e	I	True
7527	81	1	24	f	I	True
7527	81	2	35	o	I	True
7527	81	3	33	m	I	True
7527	81	4	70	o	I	True
7527	81	5	34	n	I	True
7527	81	6	19	t	I	True
7527	81	7	25	e	I	True
7527	82	1	29	c	I	True
7527	82	2	25	e	I	True
7527	82	3	31	l	I	True
7527	82	4	26	a	I	True
7527	83	1	31	l	I	True
7527	83	2	25	e	I	True
7527	83	3	36	s	I	True
7527	83	4	19	t	I	True
7527	83	5	37	r	I	True
7527	83	6	50	e	I	True
7527	84	1	29	c	I	True
7527	84	2	22	h	I	True
7527	84	3	26	a	I	True
7527	84	4	34	n	I	True
7527	84	5	58	c	I	True
7527	84	6	25	e	I	True
7527	84	7	31	l	I	True
7527	84	8	21	i	I	True
7527	84	9	50	e	I	True
7527	84	10	37	r	I	True
7527	85	1	33	m	I	True
7527	85	2	26	a	I	True
7527	85	3	21	i	I	True
7527	85	4	34	n	I	True
7527	86	1	25	e	M	False
7527	86	2	14	x	M	False
7527	86	3	25	e	M	False
7527	86	4	18	u	M	False
7527	86	5	36	s	M	False
7527	86	6	26	a	M	False
7527	86	7	34	n	M	False
7527	86	8	19	t	M	False
7527	87	1	33	m	I	True
7527	87	2	26	a	I	True
7527	87	3	37	r	I	True
7527	87	4	29	c	I	True
7527	87	5	22	h	I	True
7527	87	6	52	a	I	True
7527	87	7	31	l	I	True
7527	88	1	36	s	I	True
7527	88	2	25	e	I	True
7527	88	3	37	r	I	True
7527	88	4	33	m	I	True
7527	88	5	50	e	I	True
7527	88	6	34	n	I	True
7527	88	7	19	t	I	True
7527	89	1	19	t	M	False
7527	89	2	25	e	M	False
7527	89	3	23	g	M	False
7527	89	4	34	n	M	False
7527	90	1	31	l	I	True
7527	90	2	18	u	I	True
7527	90	3	15	y	I	True
7527	91	1	19	t	I	True
7527	91	2	35	o	I	True
7527	91	3	18	u	I	True
7527	91	4	31	l	I	True
7527	91	5	33	m	I	True
7527	91	6	26	a	I	True
7527	91	7	31	l	I	True
7527	92	1	28	b	I	True
7527	92	2	21	i	I	True
7527	92	3	25	e	I	True
7527	92	4	34	n	I	True
7527	93	1	33	m	I	True
7527	93	2	35	o	I	True
7527	93	3	18	u	I	True
7527	93	4	25	e	I	True
7527	93	5	36	s	I	True
7527	93	6	50	e	I	True
7527	94	1	19	t	M	False
7527	94	2	35	o	M	False
7527	94	3	33	m	M	False
7527	94	4	28	b	M	False
7527	94	5	52	a	M	False
7527	94	6	78	p	M	False
7527	95	1	33	m	I	True
7527	95	2	35	o	I	True
7527	95	3	15	y	I	True
7527	codes-2	1	94	?		False
7527	codes-2	2	100	?		False
7527	codes-2	3	94	?		False
7527	codes-3-left	1	94	?		False
7527	codes-3-left	2	100	?		False
7527	codes-3-left	3	94	?		False
7527	codes-3-left	4	100	?		False
7527	codes-3-left	5	94	?		False
7527	codes-3-right	1	94	?		False
7528	21	1	37	r	I	True
7528	21	2	26	a	I	True
7528	21	3	20	k	I	True
7528	21	4	21	i	I	True
7528	21	5	36	s	I	True
7528	21	6	16	z	I	True
7528	21	7	40	k	I	True
7528	21	8	21	i	I	True
7528	22	1	39	p	I	True
7528	22	2	26	a	I	True
7528	22	3	31	l	I	True
7528	22	4	52	a	I	True
7528	22	5	19	t	I	True
7528	22	6	21	i	I	True
7528	22	7	34	n	I	True
7528	22	8	25	e	I	True
7528	23	1	33	m	M	False
7528	23	2	36	s	M	False
7528	23	3	29	c	M	False
7528	23	4	21	i	M	False
7528	23	5	72	s	M	False
7528	23	6	32	l	M	False
7528	23	7	26	a	M	False
7528	23	8	17	w	M	False
7528	23	9	21	i	M	False
7528	24	1	19	t	I	True
7528	24	2	25	e	I	True
7528	24	3	37	r	I	True
7528	24	4	50	e	I	True
7528	25	1	20	k	I	True
7528	25	2	37	r	I	True
7528	25	3	35	o	I	True
7528	25	4	36	s	I	True
7528	25	5	16	z	I	True
7528	25	6	15	y	I	True
7528	25	7	34	n	I	True
7528	25	8	36	s	I	True
7528	25	9	20	k	I	True
7528	25	10	21	i	I	True
7528	26	1	20	k	M	False
7528	26	2	37	r	M	False
7528	26	3	35	o	M	False
7528	26	4	30	d	M	False
7528	26	5	15	y	M	False
7528	26	6	16	z	M	False
7528	26	7	34	n	M	False
7528	26	8	36	s	M	False
7528	26	9	40	k	M	False
7528	26	10	21	i	M	False
7528	codes-1	1	100	?		False
7529	27	1	29	c	I	True
7529	27	2	31	l	I	True
7529	27	3	25	e	I	True
7529	27	4	24	f	I	True
7529	28	1	31	l	I	True
7529	28	2	35	o	I	True
7529	28	3	18	u	I	True
7529	28	4	28	b	I	True
7529	28	5	37	r	I	True
7529	28	6	21	i	I	True
7529	28	7	74	r	I	True
7529	28	8	50	e	I	True
7529	29	1	29	c	I	True
7529	29	2	31	l	I	True
7529	29	3	25	e	I	True
7529	29	4	24	f	I	True
7529	30	1	29	c	I	True
7529	30	2	25	e	I	True
7529	30	3	18	u	I	True
7529	30	4	37	r	I	True
7529	31	1	37	r	I	True
7529	31	2	26	a	I	True
7529	31	3	15	y	I	True
7529	31	4	34	n	I	True
7529	31	5	25	e	I	True
7529	32	1	33	m	I	True
7529	32	2	26	a	I	True
7529	32	3	21	i	I	True
7529	32	4	19	t	I	True
7529	32	5	37	r	I	True
7529	32	6	25	e	I	True
7529	32	7	36	s	I	True
7529	32	8	72	s	I	True
7529	32	9	25	e	I	True
7529	codes-6-right	1	100	?		False
7530	33	1	23	g	I	True
7530	33	2	37	r	I	True
7530	33	3	26	a	I	True
7530	33	4	34	n	I	True
7530	33	5	30	d	I	True
7530	33	6	25	e	I	True
7530	34	1	19	t	I	True
7530	34	2	37	r	I	True
7530	34	3	25	e	I	True
7530	34	4	36	s	I	True
7530	34	5	37	r	I	True
7530	34	6	35	o	I	True
7530	34	7	74	r	I	True
7530	34	8	21	i	I	True
7530	34	9	25	e	I	True
7530	34	10	37	r	I	True
7530	35	1	26	a	I	True
7530	35	2	37	r	I	True
7530	35	3	33	m	I	True
7530	35	4	25	e	I	True
7530	36	1	29	c	M	False
7530	36	2	35	o	M	False
7530	36	3	34	n	M	False
7530	36	4	34	n	M	False
7530	36	5	25	e	M	False
7530	36	6	30	d	M	False
7530	36	7	25	e	M	False
7530	36	8	37	r	M	False
7530	36	9	25	e	M	False
7530	37	1	29	c	I	True
7530	37	2	35	o	I	True
7530	37	3	34	n	I	True
7530	37	4	19	t	I	True
7530	37	5	37	r	I	True
7530	37	6	25	e	I	True
7530	37	7	31	l	I	True
7530	37	8	18	u	I	True
7530	37	9	25	e	I	True
7530	38	1	18	u	I	True
7530	38	2	25	e	I	True
7530	38	3	34	n	I	True
7530	38	4	21	i	I	True
7530	38	5	37	r	I	True
7530	39	1	33	m	M	False
7530	39	2	35	o	M	False
7530	39	3	37	r	M	False
7530	39	4	29	c	M	False
7530	39	5	70	o	M	False
7530	39	6	17	w	M	False
7530	39	7	21	i	M	False
7530	39	8	30	d	M	False
7530	39	9	25	e	M	False
7530	40	1	30	d	I	True
7530	40	2	35	o	I	True
7530	40	3	29	c	I	True
7530	40	4	18	u	I	True
7530	40	5	33	m	I	True
7530	40	6	25	e	I	True
7530	40	7	34	n	I	True
7530	40	8	19	t	I	True
7530	codes-1	1	94	?		False
7530	codes-2	1	94	?		False
7534	41	1	30	d	I	True
7534	41	2	25	e	I	True
7534	41	3	39	p	I	True
7534	41	4	18	u	I	True
7534	41	5	19	t	I	True
7534	41	6	25	e	I	True
7534	42	1	31	l	I	True
7534	42	2	21	i	I	True
7534	42	3	28	b	I	True
7534	42	4	25	e	I	True
7534	42	5	37	r	I	True
7534	42	6	19	t	I	True
7534	42	7	26	a	I	True
7534	42	8	19	t	I	True
7534	42	9	21	i	I	True
7534	42	10	35	o	I	True
7534	42	11	34	n	I	True
7534	43	1	16	z	M	False
7534	43	2	26	a	M	False
7534	43	3	21	i	M	False
7534	43	4	52	a	M	False
7534	43	5	73	?		False
7534	43	6	30	d	M	False
7534	44	1	28	b	I	True
7534	44	2	15	y	I	True
7534	44	3	29	c	I	True
7534	44	4	22	h	I	True
7534	44	5	35	o	I	True
7534	44	6	17	w	I	True
7534	44	7	26	a	I	True
7534	45	1	28	b	I	True
7534	45	2	21	i	I	True
7534	45	3	26	a	I	True
7534	45	4	32	l	I	True
7534	45	5	36	s	I	True
7534	45	6	19	t	I	True
7534	45	7	35	o	I	True
7534	45	8	20	k	I	True
7534	46	1	19	t	I	True
7534	46	2	15	y	I	True
7534	46	3	20	k	I	True
7534	46	4	35	o	I	True
7534	46	5	29	c	I	True
7534	46	6	29	c	I	True
7534	46	7	21	i	I	True
7534	46	8	34	n	I	True
7534	47	1	37	r	I	True
7534	47	2	15	y	I	True
7534	47	3	28	b	I	True
7534	47	4	21	i	I	True
7534	47	5	34	n	I	True
7534	47	6	36	s	I	True
7534	47	7	20	k	I	True
7534	47	8	21	i	I	True
7534	codes-1	1	87	?		False
7534	codes-3-left	1	270	?		False
7534	codes-3-left	2	94	?		False
7534	codes-3-left	3	270	?		False
7535	48	1	24	f	I	True
7535	48	2	21	i	I	True
7535	48	3	31	l	I	True
7535	48	4	36	s	I	True
7535	49	1	36	s	I	True
7535	49	2	26	a	I	True
7535	49	3	14	x	I	True
7535	49	4	35	o	I	True
7535	49	5	34	n	I	True
7535	50	1	24	f	I	True
7535	50	2	37	r	I	True
7535	50	3	25	e	I	True
7535	50	4	74	r	I	True
7535	50	5	25	e	I	True
7535	51	1	33	m	I	True
7535	51	2	26	a	I	True
7535	51	3	21	i	I	True
7535	51	4	36	s	I	True
7535	51	5	72	s	I	True
7535	51	6	35	o	I	True
7535	51	7	34	n	I	True
7535	52	1	35	o	I	True
7535	52	2	36	s	I	True
7535	52	3	16	z	I	True
7535	52	4	33	m	I	True
7535	52	5	21	i	I	True
7535	52	6	26	a	I	True
7535	52	7	34	n	I	True
7535	52	8	52	a	I	True
7535	53	1	29	c	I	True
7535	53	2	22	h	I	True
7535	53	3	35	o	I	True
7535	53	4	33	m	I	True
7535	53	5	21	i	I	True
7535	53	6	34	n	I	True
7535	53	7	36	s	I	True
7535	53	8	20	k	I	True
7535	53	9	21	i	I	True
7535	54	1	25	e	I	True
7535	54	2	34	n	I	True
7535	54	3	36	s	I	True
7535	54	4	50	e	I	True
7535	54	5	23	g	I	True
7535	54	6	34	n	I	True
7535	54	7	25	e	I	True
7535	55	1	31	l	I	True
7535	55	2	26	a	I	True
7535	55	3	29	c	I	True
7535	55	4	35	o	I	True
7535	55	5	18	u	I	True
7535	55	6	37	r	I	True
7535	56	1	33	m	I	True
7535	56	2	26	a	I	True
7535	56	3	37	r	I	True
7535	56	4	36	s	I	True
7535	56	5	16	z	I	True
7535	56	6	52	a	I	True
7535	56	7	32	l	I	True
7535	56	8	25	e	I	True
7535	56	9	20	k	I	True
7535	57	1	39	p	I	True
7535	57	2	25	e	I	True
7535	57	3	37	r	I	True
7535	58	1	33	m	I	True
7535	58	2	25	e	I	True
7535	58	3	31	l	I	True
7535	59	1	29	c	I	True
7535	59	2	22	h	I	True
7535	59	3	35	o	I	True
7535	59	4	33	m	I	True
7535	59	5	21	i	I	True
7535	59	6	34	n	I	True
7535	59	7	36	s	I	True
7535	59	8	20	k	I	True
7535	59	9	21	i	I	True
7535	60	1	33	m	M	False
7535	60	2	25	e	M	False
7535	60	3	34	n	M	False
7535	60	4	16	z	M	False
7535	60	5	15	y	M	False
7535	60	6	20	k	M	False
7535	60	7	17	w	M	False
7535	61	1	37	r	I	True
7535	61	2	25	e	I	True
7535	61	3	21	i	I	True
7535	61	4	34	n	I	True
7535	61	5	50	e	I	True
7535	62	1	29	c	I	True
7535	62	2	35	o	I	True
7535	62	3	18	u	I	True
7535	62	4	37	r	I	True
7535	62	5	31	l	I	True
7535	62	6	26	a	I	True
7535	62	7	34	n	I	True
7535	62	8	30	d	I	True
7535	62	9	50	e	I	True
7535	codes-2	1	100	?		False
7535	codes-2	2	94	?		False
7535	codes-3-right	1	94	?		False
7535	codes-3-right	2	94	?		False
7536	63	1	36	s	I	True
7536	63	2	25	e	I	True
7536	63	3	18	u	I	True
7536	63	4	37	r	I	True
7536	63	5	19	t	I	True
7536	63	6	50	e	I	True
7536	64	1	21	i	I	True
7536	64	2	25	e	I	True
7536	64	3	33	m	I	True
7536	64	4	35	o	I	True
7536	64	5	30	d	I	True
7536	64	6	35	o	I	True
7536	64	7	21	i	I	True
7536	64	8	19	t	I	True
7536	64	9	31	l	I	True
7536	64	10	35	o	I	True
7536	64	11	23	g	I	True
7536	64	12	25	e	I	True
7536	65	1	23	g	I	True
7536	65	2	18	u	I	True
7536	65	3	25	e	I	True
7536	65	4	37	r	I	True
7536	65	5	50	e	I	True
7536	66	1	29	c	I	True
7536	66	2	35	o	I	True
7536	66	3	33	m	I	True
7536	66	4	39	p	I	True
7536	66	5	26	a	I	True
7536	66	6	34	n	I	True
7536	66	7	21	i	I	True
7536	66	8	25	e	I	True
7536	67	1	24	f	I	True
7536	67	2	26	a	I	True
7536	67	3	33	m	I	True
7536	67	4	66	m	I	True
7536	67	5	25	e	I	True
7536	68	1	36	s	I	True
7536	68	2	26	a	I	True
7536	68	3	18	u	I	True
7536	68	4	17	w	I	True
7536	68	5	25	e	I	True
7536	68	6	23	g	I	True
7536	68	7	26	a	I	True
7536	68	8	37	r	I	True
7536	68	9	30	d	I	True
7536	68	10	50	e	I	True
7536	69	1	26	a	M	False
7536	69	2	30	d	M	False
7536	69	3	37	r	M	False
7536	69	4	25	e	M	False
7536	69	5	72	s	M	False
7536	69	6	36	s	M	False
7536	69	7	21	i	M	False
7536	69	8	50	e	M	False
7536	69	9	18	u	M	False
7536	69	10	35	o	M	False
7536	69	11	36	s	M	False
7536	69	12	31	l	M	False
7536	69	13	25	e	M	False
7536	69	14	74	r	M	False
7536	69	15	21	i	M	False
7536	69	16	19	t	M	False
7536	69	17	37	r	M	False
7536	69	18	50	e	M	False
7536	70	1	20	k	M	False
7536	70	2	25	e	M	False
7536	70	3	21	i	M	False
7536	70	4	34	n	M	False
7536	70	5	42	i	M	False
7536	70	6	36	s	M	False
7536	70	7	28	b	M	False
7536	70	8	25	e	M	False
7536	70	9	37	r	M	False
7536	70	10	20	k	M	False
7536	70	11	52	a	M	False
7536	70	12	40	k	M	False
7536	70	13	21	i	M	False
7536	70	14	34	n	M	False
7536	70	15	68	n	M	False
7536	70	16	42	i	M	False
7536	70	17	20	k	M	False
7536	71	1	37	r	I	True
7536	71	2	25	e	I	True
7536	71	3	36	s	I	True
7536	71	4	19	t	I	True
7536	71	5	26	a	I	True
7536	71	6	74	r	I	True
7536	71	7	30	d	I	True
7536	71	8	25	e	I	True
7536	71	9	37	r	I	True
7536	71	10	35	o	I	True
7536	71	11	34	n	I	True
7536	71	12	35	o	I	True
7536	72	1	21	i	I	True
7536	72	2	35	o	I	True
7536	72	3	18	u	I	True
7536	72	4	37	r	I	True
7536	72	5	36	s	I	True
7536	73	1	36	s	I	True
7536	73	2	25	e	I	True
7536	73	3	18	u	I	True
7536	73	4	37	r	I	True
