line	position	sign	key_value	reading	grade	coherent	emendation
1	1	F	s	s	I	1	
1	2	x	a	a	I	1	
1	3	7d	p	p	I	1	
1	4	4	e	e	I	1	
1	5	P	r	r	I	1	
1	6	S	a	a	I	1	
1	7	1	u	u	I	1	
1	8	7	o	o	I	1	
1	9	F	s	s	I	1	
1	10	9d	t	t	I	1	
1	11	P	r	r	I	1	
1	12	x	a	a	I	1	
1	13	n	m	m	I	1	
1	14	S	a	a	I	1	
1	15	Sd	g	g	I	1	
1	16	4	e	e	I	1	
1	17	F	s	s	I	1	
1	18	9	o	t	I	1	9 without secure dot in magesta; restore 9d by context.
1	19	S	a	a	I	1	
1	20	2d	c	c	I	1	
1	21	0	h	h	I	1	
1	22	4	e	e	I	1	
1	23	8d	q	q	I	1	
1	24	1	u	u	I	1	
1	25	4	e	e	I	1	
1	26	F	s	s	I	1	
1	27	9d	t	t	I	1	
1	28	7	o	o	I	1	
1	29	S2	?	[S2]	M	0	
1	30	3d	d	d	I	1	
1	31	4	e	e	I	1	
1	32	Sd	g	g	I	1	
1	33	r	l	l	I	1	
1	34	3	i	i	I	1	
1	35	1d	b	b	I	1	
1	36	4	e	e	I	1	
1	37	m	n	n	I	1	
1	38	3	i	i	I	1	
1	39	3d	d	d	I	1	
1	40	4	e	e	I	1	
1	41	r	l	l	I	1	
2	1	D	?	[D]	M	0	
2	2	7d	p	p	I	1	
2	3	4	e	e	I	1	
2	4	L	r	r	I	1	
2	5	8d	q	q	I	1	
2	6	1	u	u	I	1	
2	7	S	a	a	I	1	
2	8	m	n	n	I	1	
2	9	9	o	t	I	1	Missing or displaced dot in quanto.
2	10	7	o	o	I	1	
2	11	L	r	s	I	1	Open-loop form transcribed L; si dice requires s, probably copied/misclassified F.
2	12	3	i	i	I	1	
2	13	3d	d	d	I	1	
2	14	8	i	i	I	1	
2	15	2d	c	c	I	1	
2	16	4	e	e	I	1	
2	17	F	s	s	I	1	
2	18	2	o	o	I	1	
2	19	m	n	n	I	1	
2	20	7d	p	p	I	1	
2	21	4	e	e	I	1	
2	22	P	r	r	I	1	
2	23	1	u	u	I	1	
2	24	4	e	e	I	1	
2	25	m	n	n	I	1	
2	26	1d	b	u	I	1	Dot near straight stroke in pervenuti; b produces pervenbti.
2	27	9d	t	t	I	1	
2	28	8	i	i	I	1	
2	29	2d	c	c	I	1	
2	30	3	i	i	I	1	
2	31	L	r	r	I	1	
2	32	2d	c	c	I	1	
2	33	x	a	a	I	1	
3	1	3	i	i	I	1	
3	2	m	n	n	I	1	
3	3	r	l	l	I	1	
3	4	3	i	i	I	1	
3	5	m	n	n	I	1	
3	6	4d	f	f	I	1	
3	7	P	r	r	I	1	
3	8	S	a	a	I	1	
3	9	F	s	s	I	1	
3	10	2d	c	c	I	1	
3	11	P	r	r	I	1	
3	12	3	i	i	I	1	
3	13	9d	t	t	I	1	
3	14	4	e	e	I	1	
3	15	7d	p	p	I	1	
3	16	S	a	a	I	1	
3	17	L	r	r	I	1	
3	18	1	u	u	M	0	
3	19	9d	t	t	I	1	
3	20	8	i	i	I	1	
3	21	9d	t	t	I	1	
3	22	4	e	e	I	1	
3	23	2d	c	c	I	1	
3	24	3	i	i	I	1	
3	25	7	o	o	I	1	
3	26	4	e	e	I	1	
4	1	8	i	i	I	1	
4	2	m	n	n	I	1	
4	3	3d	d	d	I	1	
4	4	4	e	e	I	1	
4	5	m	n	n	I	1	
4	6	x	a	a	I	1	
4	7	L	r	r	I	1	
4	8	3	i	i	I	1	
4	9	2d	c	c	I	1	
4	10	7	o	o	I	1	
4	11	m	n	n	I	1	
4	12	9d	t	t	I	1	
4	13	x	a	a	I	1	
4	14	m	n	n	I	1	
4	15	9d	t	t	I	1	
4	16	3	i	i	I	1	
5	1	3	i	i	I	1	
5	2	m	n	n	I	1	
5	3	2d	c	c	I	1	
5	4	P	r	r	I	1	
5	5	4	e	e	I	1	
5	6	3d	d	d	I	1	
5	7	8	i	i	I	1	
5	8	9d	t	t	I	1	
5	9	3	i	i	I	1	
5	10	3d	d	d	I	1	
5	11	4	e	e	I	1	
5	12	T	s	s	M	0	
5	13	7	o	o	M	0	
5	14	D	?	[D]	M	0	
5	15	7d	p	p	I	1	
5	16	4	e	e	I	1	
5	17	L	r	r	I	1	
5	18	Q	?	[Q]	M	0	
5	19	8	i	i	I	1	
5	20	m	n	n	I	1	
5	21	9d	t	t	I	1	
5	22	4	e	e	I	1	
5	23	P	r	r	I	1	
5	24	3d	d	d	I	1	
5	25	8	i	i	I	1	
5	26	9d	t	t	I	1	
5	27	3	i	i	I	1	
5	28	4	e	e	I	1	
5	29	9d	t	t	I	1	
5	30	7d	p	p	I	1	
6	1	2	o	o	I	1	
6	2	3	i	i	I	1	
6	3	r	l	l	I	1	
6	4	4	e	e	I	1	
6	5	1	u	u	I	1	
6	6	S	a	a	I	1	
6	7	9d	t	t	I	1	
6	8	3	i	i	I	1	
7	1	7d	p	p	I	1	
7	2	4	e	e	I	1	
7	3	P	r	r	I	1	
7	4	Sd	g	g	I	1	
7	5	r	l	l	I	1	
7	6	3	i	i	I	1	
7	7	4d	f	f	I	1	
7	8	P	r	r	I	1	
7	9	1	u	u	I	1	
7	10	9d	t	t	I	1	
7	11	3	i	i	I	1	
7	12	3d	d	d	I	1	
7	13	4	e	e	I	1	
7	14	1	u	u	I	1	
7	15	m	n	n	I	1	
7	16	S	a	a	I	1	
7	17	m	n	n	I	1	
7	18	m	n	n	I	1	
8	1	7	o	o	I	1	
8	2	3d	d	d	I	1	
8	3	4	e	e	I	1	
8	4	r	l	l	I	1	
8	5	9	o	o	I	1	
8	6	8	i	i	I	1	
8	7	m	n	n	I	1	
8	8	9d	t	t	I	1	
8	9	P	r	r	I	1	
8	10	Sd	g	a	I	1	Dot on S in intrate treated as stray; otherwise intrgte.
8	11	9d	t	t	I	1	
8	12	4	e	e	I	1	
8	13	3d	d	d	I	1	
8	14	4	e	e	I	1	
8	15	T	s	s	M	0	
8	16	7	o	o	M	0	
8	17	D	?	[D]	M	0	
9	1	8	i	i	I	1	
9	2	m	n	n	I	1	
9	3	1d	b	b	I	1	
9	4	S	a	a	I	1	
9	5	Sd	g	g	I	1	
9	6	0	h	h	I	1	
9	7	4	e	e	I	1	
9	8	2d	c	c	I	1	
9	9	3	i	i	I	1	
9	10	L	r	r	I	1	
9	11	2d	c	c	I	1	
9	12	x	a	a	I	1	
10	1	3	i	i	I	1	
10	2	m	n	n	I	1	
10	3	1	u	u	I	1	
10	4	S	a	a	I	1	
10	5	T	s	s	I	1	
10	6	4	e	e	I	1	
10	7	r	l	l	I	1	
10	8	4	e	e	I	1	
10	9	3d	d	d	I	1	
10	10	7	o	o	I	1	
10	11	L	r	r	I	1	
10	12	2	o	o	I	1	
10	13	4	e	e	I	1	
10	14	9d	t	t	I	1	
10	15	3d	d	d	I	1	
10	16	S	a	a	I	1	
10	17	P	r	r	I	1	
10	18	Sd	g	g	I	1	
10	19	4	e	e	I	1	
10	20	m	n	n	I	1	
10	21	9d	t	t	I	1	
10	22	7	o	o	I	1	
11	1	8	i	i	I	1	
11	2	m	n	n	I	1	
11	3	F	s	s	I	1	
11	4	1	u	u	I	1	
11	5	7d	p	p	I	1	
11	6	4	e	e	I	1	
11	7	r	l	l	I	1	
11	8	4	e	e	I	1	
11	9	2d	c	c	I	1	
11	10	9d	t	t	I	1	
11	11	3	i	i	I	1	
11	12	r	l	l	I	1	
11	13	8	i	i	I	1	
11	14	3d	d	d	I	1	
11	15	4d	f	e	I	1	Dot near 4 in de casa treated as displaced; otherwise df casa.
11	16	2d	c	c	I	1	
11	17	S	a	a	I	1	
11	18	F	s	s	I	1	
11	19	x	a	a	I	1	
11	20	7d	p	p	I	1	
11	21	4	e	e	I	1	
11	22	P	r	r	I	1	
11	23	4	e	e	I	1	
11	24	r	l	l	I	1	
11	25	n	m	m	I	1	
11	26	4	e	e	I	1	
11	27	m	n	n	I	1	
11	28	7	o	o	I	1	
12	1	7d	p	p	I	1	
12	2	4	e	e	I	1	
12	3	P	r	r	I	1	
12	4	r	l	l	I	1	
12	5	3	i	i	I	1	
12	6	m	n	n	I	1	
12	7	9d	t	t	I	1	
12	8	P	r	r	I	1	
12	9	S	a	a	I	1	
12	10	9d	t	t	I	1	
12	11	4	e	e	I	1	
12	12	3d	d	d	I	1	
12	13	4	e	e	I	1	
12	14	r	l	l	I	1	
12	15	1	u	u	I	1	
12	16	4	e	e	I	1	
12	17	F	s	s	I	1	
12	18	2d	c	c	I	1	
12	19	7	o	o	I	1	
12	20	S	a	a	I	1	
12	21	9d	t	t	I	1	
12	22	2	o	o	I	1	
12	23	3d	d	d	I	1	
12	24	4	e	e	I	1	
12	25	1	u	u	I	1	
12	26	3	i	i	I	1	
12	27	m	n	n	I	1	
12	28	2d	c	c	I	1	
12	29	0	h	h	I	1	
12	30	3	i	i	I	1	
12	31	4	e	e	I	1	
12	32	F	s	s	I	1	
13	1	9	o	t	I	1	Dot restored to 9 in Vinchiestri.
13	2	P	r	r	I	1	
13	3	3	i	i	I	1	
13	4	4	e	e	I	1	
13	5	9d	t	t	I	1	
13	6	S	a	a	I	1	
13	7	1d	b	b	I	1	
13	8	x	a	a	I	1	
13	9	3	i	d	I	1	Dot restored in abadia; manuscript has a plain 3-like sign.
13	10	8	i	i	I	1	
13	11	S	a	a	I	1	
13	12	3d	d	d	I	1	
13	13	4	e	e	I	1	
13	14	F	s	s	I	1	
13	15	S	a	a	I	1	
13	16	m	n	n	I	1	
13	17	2d	c	c	I	1	
13	18	9	o	t	I	1	Dot restored in sancto.
13	19	7	o	o	I	1	
13	20	S	a	a	I	1	
13	21	r	l	l	I	1	
13	22	1d	b	b	I	1	
13	23	x	a	a	I	1	
13	24	m	n	n	I	1	
13	25	7	o	o	I	1	
13	26	P	r	r	I	1	
13	27	4	e	e	I	1	
13	28	1d	b	b	I	1	
13	29	Sd	g	a	I	1	Stray dot on S in rebatuti; not silently changed to restituti.
13	30	9d	t	t	I	1	
13	31	1	u	u	I	1	
13	32	9d	t	t	I	1	
13	33	3	i	i	I	1	
14	1	3d	d	d	M	0	
14	2	4	e	e	M	0	
14	3	T	s	s	M	0	
14	4	4	e	e	M	0	
14	5	3	i	i	I	1	
14	6	m	n	n	I	1	
14	7	9d	t	t	I	1	
14	8	L	r	r	I	1	
14	9	S	a	a	I	1	
14	10	9d	t	t	I	1	
14	11	9	o	o	I	1	
14	12	S	a	a	I	1	
14	13	r	l	l	I	1	
14	14	3d	d	d	I	1	
14	15	4	e	e	I	1	
14	16	9d	t	t	I	1	
14	17	7	o	o	I	1	
14	18	D	?	[D]	M	0	
14	19	3	i	i	I	1	
14	20	m	n	n	I	1	
14	21	F	s	s	I	1	
14	22	3d	d	i	I	1	Dot on 3 in insieme treated as stray.
14	23	4	e	e	I	1	
14	24	n	m	m	I	1	
14	25	4	e	e	I	1	
15	1	2d	c	c	I	1	
15	2	7	o	o	I	1	
15	3	m	n	n	I	1	
15	4	r	l	l	I	1	
15	5	7	o	o	I	1	
15	6	S	a	a	I	1	
15	7	P	r	r	I	1	
15	8	2d	c	c	I	1	
15	9	3	i	i	I	1	
15	10	1	u	u	I	1	
15	11	4	e	e	I	1	
15	12	F	s	s	I	1	
15	13	2d	c	c	I	1	
15	14	7	o	o	I	1	
15	15	S	a	a	I	1	
15	16	9d	t	t	I	1	
15	17	7	o	o	I	1	
15	18	3d	d	d	I	1	
15	19	4	e	e	I	1	
15	20	3d	d	d	I	1	
15	21	8	i	i	I	1	
15	22	7	o	o	I	1	
15	23	P	r	r	I	1	
15	24	2d	c	c	I	1	
15	25	0	h	h	I	1	
15	26	S	a	a	I	1	
15	27	T	s	s	I	1	
15	28	3	i	i	I	1	
15	29	S	a	g	I	1	Dot restored on S in asignati.
15	30	m	n	n	I	1	
15	31	S	a	a	I	1	
16	1	9d	t	t	I	1	
16	2	3	i	i	I	1	
16	3	4	e	e	I	1	
16	4	9d	t	t	I	1	
16	5	7	o	o	I	1	
16	6	P	r	r	I	1	
16	7	3d	d	d	I	1	
16	8	8	i	i	I	1	
16	9	m	n	n	I	1	
16	10	S	a	a	I	1	
16	11	9d	t	t	I	1	
16	12	3	i	i	I	1	
16	13	0	h	h	I	1	
16	14	S	a	a	I	1	
16	15	1	u	u	I	1	
16	16	4	e	e	I	1	
16	17	L	r	r	I	1	
16	18	x	a	a	I	1	
16	19	Q	?	[Q]	M	0	
16	20	7d	p	p	I	1	
16	21	4	e	e	I	1	
16	22	P	r	r	I	1	
16	23	S	a	a	I	1	
16	24	m	n	n	I	1	
16	25	7	o	o	I	1	
16	26	2d	c	c	I	1	
16	27	3d	d	i	I	1	Dot on 3 in circa treated as stray.
16	28	P	r	r	I	1	
16	29	2d	c	c	I	1	
16	30	x	a	a	I	1	
