# Source: https://github.com/mayig/indus-valley-script-corpus (MIT licence, commit ad2f1e2), a digitisation
# of Parpola et al., Corpus of Indus Seals and Inscriptions. Signs are Parpola numbers in reading order.
side	description	line	signs	damage	uncertainty	features
M-1A	unicorn I seal	1	P108 P073 P385 P202 P121	0 0 0 0 0	0 0 0 0 0	0,1,0 2,1 1 0,3 1
M-3A	unicorn I seal	1	P094 P145 P320	0 0 0	0 0 0	- - 3
M-4A	unicorn I seal	1	P147 P268 P268 P237 P122 P056 P316 P147 P186 P205	0 0 0 0 0 0 0 0 0 1410	0 0 0 0 0 0 0 0 10 10	- 2,4 2,4 - 0 1 1,1,1,0 - 0,0,0,0,0 3,4,0,2,0
M-5A	unicorn I seal	1	P256 P120 P060 P062 P096 P324	10 0 10 10 20 80	10 0 20 0 10 50	1 1,0 - 2,0 5,3,1 2,0,2,1,0
M-6A	unicorn I seal	1	P065 P201 P384 P378	0 0 0 0	0 0 0 0	- 0 - 0
M-7A	unicorn I seal	1	P385 P122 P062 P175 P154 P009 P154 P324 P011 P352 P086	0 0 0 0 0 0 0 0 0 0 0	0 0 0 0 0 0 0 0 0 0 0	1 0 2,0 - 0 1 0 0,0,1,1,0 0 1,0 2,4,2,1
M-8A	unicorn I seal	1	P270 P011 P316	0 0 0	0 0 0	3,0 0 1,0,0,2
M-9A	unicorn I seal	1	P327 P205 P144	0 0 0	0 0 0	1,2,1,1,0,0 3,3,1,0,1 -
M-10A	unicorn I seal	1	P221 P067 P122 P364 P060 P316 P151 P114 P204 P086	20 0 0 0 0 0 0 0 0 0	30 0 0 0 0 0 0 0 0 0	0 0,1,1,1 0 2,0 - 1,0,0,2 - 1 0,1 2,3,2,0
M-12A	unicorn II seal	1	P108 P182 P386 P202 P122 P058 P276 P086 P324	0 0 0 0 0 0 0 0 20	0 0 0 0 0 0 0 0 30	0,1,0 1,1 0 1,2 0 1 - 3,1,0,0 0,0,1,1,0
M-13A	unicorn II seal	1	P035 P205 P202	0 0 0	0 0 0	1,1 3,5,1,13,0 0,3
M-14A	unicorn II seal	1	P385 P122 P210 P117 P324	0 0 0 0 10	0 0 0 0 10	0 0 6 0 1,0,0,1,0
M-15A	unicorn II seal	1	P385 P122 P194 P324 P013	0 0 0 0 10	0 0 0 0 10	1 0 4,0,0 1,0,2,1,0 -
M-16A	unicorn II seal	1	P346 P151 P026 P378	0 0 0 0	0 0 0 0	- - 5 0
M-17A	unicorn II seal	1	P232 P369 P122 P126 P086	0 0 0 0 10	0 0 0 0 10	0 2 0 0,0 3,1,0,0
M-18A	unicorn II seal	1	P142 P324 P341	0 0 0	0 0 0	- 1,0,0,1,0 1
M-19A	unicorn II seal	1	P385 P122 P000	0 50 0	0 40 0	1 0 75
M-20A	unicorn II seal	1	P275 P215 P147 P147 P385 P122 P125 P086	0 0 10 10 0 0 20 30	0 0 10 10 0 0 10 20	0,0,2 1,0 - - 1 0 2,1 3,1,0,0
M-21A	unicorn II seal	1	P385 P122 P145 P256 P272 P324 P121 P091	0 0 0 0 0 0 0 0	0 0 0 0 0 0 0 0	1 0 - 0 0 1,0,0,1,0 1 3,0,0
M-22A	unicorn II seal	1	P000 P230 P145 P050 P194 P172 P324	0 20 10 10 0 0 30	0 10 10 10 0 0 10	15 0,0,0,1 - - 4,0,0 0 1,0,2,1,0
M-23A	unicorn II seal	1	P160 P121 P060 P050 P217 P256 P120 P197 P324	50 0 0 0 0 0 0 0 10	40 0 0 0 0 0 0 0 10	- 1 - - 0 0 0,1 - 1,0,0,1,0
M-23A	unicorn II seal	2	P202 P076 P390 P350	0 0 10 0	0 0 20 0	1,3 0,1,8 1,1 0
M-24A	unicorn II seal	1	P011 P174 P122 P060 P062 P324 P013	30 0 0 0 0 0 0	70 0 0 0 0 0 0	0 - 0 - 1,0 1,0,1,1,0 -
M-25A	unicorn II seal	1	P276 P316 P050 P268 P268	0 0 0 20 10	0 0 50 10 0	- 0,0,1,2 - 2,7 2,7
M-26A	unicorn II seal	1	P256 P120 P228 P324 P013	0 0 0 0 0	0 0 0 0 0	1 0,1 1,0 1,0,2,1,0 -
M-27A	unicorn II seal	1	P123 P154 P311 P325 P364 P060 P238	80 0 0 0 0 0 0	50 0 0 0 0 0 0	0 0 0,0 1,0,0,1,0 3,0 - -
M-28A	unicorn II seal	1	P385 P122 P095 P349 P332 P324 P103 P000	0 0 0 0 0 0 0 0	0 0 0 0 0 0 0 0	1 0 5 - 2,0,3,0 1,0,0,1,0 - 10
M-29A	unicorn II seal	1	P210 P221 P050 P122 P364 P060 P062 P142 P324	20 0 0 0 0 0 0 0 10	20 0 0 0 0 0 0 0 0	3 0 - 0 3,1 - 1,0 - 0,0,1,1,0
M-30A	unicorn II seal	1	P364 P060 P062 P210 P127 P332 P324	0 0 0 0 0 0 0	0 0 0 0 0 0 0	3,1 - 1,0 4 0,0 2,1,2,1 0,0,1,1,0
M-31A	unicorn III seal	1	P378 P120 P058 P275 P067 P324	0 0 0 0 0 40	0 0 0 0 0 50	0 0,1 1 1,1,1 0,1,1,0 1,0,0,1,0
M-32A	unicorn III seal	1	P385 P122 P123 P086	0 0 0 0	0 0 0 0	0 0 2 3,1,0,0
M-33A	unicorn III seal	1	P041 P122 P058 P111 P175 P145 P324	0 0 0 0 0 0 20	0 0 0 0 0 0 10	- 0 1 1 - - 1,0,0,1,0
M-34A	unicorn III seal	1	P103 P108 P086 P122 P194 P309 P324	0 0 0 0 0 0 0	0 0 0 0 0 0 0	- 0,0,0 2,3,2,0 0 4,0,0 1,2,1,1 1,0,1,1,0
M-35A	unicorn III seal	1	P007 P122 P056 P058 P276 P086 P324	0 0 0 0 0 0 0	0 0 0 0 0 0 0	1 0 1 1 - 2,3,2,0 1,0,1,1,0
M-36A	unicorn III seal	1	P307 P174 P202 P122 P145 P050 P270 P358 P324	0 0 0 0 0 0 0 10 40	0 0 0 0 0 0 0 0 50	3 - 1,2 0 - - 2,0 - 1,0,1,1,0
M-37A	unicorn III seal	1	P092 P050 P217	0 0 0	0 0 0	5 - 0
M-38A	unicorn III seal	1	P145 P270 P035 P086 P122 P060 P062 P145 P050 P073 P188 P256 P324	40 0 10 0 0 0 0 0 0 0 0 0 10	50 0 20 0 0 0 0 0 0 0 0 0 10	- 3,0 0,0 3,1,0,0 0 - 1,0 - - 1,1 0,0 0 1,0,0,1,0
M-39A	unicorn III seal	1	P303 P083 P139 P060 P062 P316 P000	30 10 0 0 0 40 0	50 10 0 0 0 50 0	2,1,0 3 - - 1,0 0,1,1,0 15
M-40A	unicorn III seal	1	P125 P186 P301 P122 P089	0 0 0 0 10	0 0 0 0 10	1,1 1,3,2,1,3 1,0 0 -
M-41A	unicorn III seal	1	P378 P035 P086 P122 P060 P062 P270 P324	20 0 0 0 0 0 0 0	10 0 0 0 0 0 0 0	0 0,0 2,3,2,0 0 - 1,0 2,2 1,0,2,1,0
M-42A	unicorn III seal	1	P385 P122 P062 P230 P301	0 0 0 0 0	0 0 0 0 0	0 0 1,0 1,0,0,1 2,0
M-43A	unicorn III seal	1	P360 P142 P122 P056 P230 P324	0 0 0 0 0 0	0 0 0 0 0 0	5,1 - 0 0 0,0,0,1 1,0,1,1,0
M-44A	unicorn III seal	1	P296 P154 P122 P364 P316 P147 P332 P324	0 0 0 0 0 0 0 0	0 0 0 20 0 0 0 0	3 0 0 3,0 0,1,0,0 - 2,0,0,0 1,0,0,1,0
M-45A	unicorn III seal	1	P145 P349 P205 P139 P372 P268 P268	0 0 0 0 0 0 0	0 0 0 0 0 0 0	- - 3,4,1,1,0 - 3 2,3 2,3
M-46A	unicorn III seal	1	P353 P201 P050 P122 P060 P062 P230 P324	0 0 0 0 0 0 0 0	0 0 0 0 0 0 0 0	0 0 - 0 - 1,0 0,0,0,1 1,0,1,1,0
M-47A	unicorn III seal	1	P385 P122 P060 P332 P324	0 0 0 0 30	0 0 0 0 20	1 0 - 3,0,0,0 1,0,2,1,0
M-48A	unicorn III seal	1	P154 P202 P120 P215 P378 P086	20 0 0 0 0 0	40 0 0 0 0 0	0 1,2 0,0 0,1 0 3,1,0,0
M-49A	unicorn III seal	1	P076 P145 P091 P205 P122 P145 P050 P062 P230 P000	0 0 0 0 0 0 0 20 0 0	0 0 0 0 0 0 0 10 0 0	1,0,8 - 3,0,0 2,4,1,1,0 0 - - 1,0 1,0,0,2 10
M-50A	unicorn III seal	1	P000 P122 P230 P062 P316 P147 P127 P288 P324	0 0 0 0 0 0 0 0 20	0 0 0 0 0 0 0 0 20	10 0 0,0,0,0 1,0 1,1,1,0 - 0,0 - 1,0,2,1,0
M-51A	unicorn III seal	1	P011 P086 P324 P060 P091 P215 P230 P324	30 0 0 0 0 10 20 20	20 0 0 0 0 10 10 20	1 3,1,0,0 1,0,1,1,0 - 3,0,0 1,0 0,0,0,2 1,0,1,1,0
M-52A	unicorn III seal	1	P320 P211 P122 P364 P060 P092 P050 P145 P172 P324	30 0 0 0 0 0 0 0 0 20	10 0 0 0 0 0 0 0 0 20	3 2 0 3,0 - 5 - - 0 1,0,0,1,0
M-53A	unicorn III seal	1	P011 P154 P076 P205 P122 P126 P050 P324 P013	0 0 0 0 0 0 0 0 10	0 0 0 0 0 0 0 0 30	0 0 1,0,8 3,4,1,1,0 0 0,0 - 1,0,0,1,0 -
M-54A	unicorn III seal	1	P378 P122 P230 P316 P147 P062 P051	0 0 0 20 20 10 30	0 0 0 10 0 10 20	0 0 0,0,0,0 0,1,0,0 - 1,0 -
M-55A	unicorn III seal	1	P256 P121 P275 P215 P332 P000	0 0 0 0 20 0	0 0 0 0 50 0	1 0 1,1,0 0,0 3,0,0,0 10
M-56A	unicorn III seal	1	P349 P281 P230 P120 P060 P145 P382 P324	0 0 0 0 0 0 10 40	0 0 0 50 0 0 10 30	- - 1,0,0,1 2,1 - - - 1,0,2,1,0
M-57A	unicorn III seal	1	P258 P122 P230 P056 P145 P051	0 0 0 20 0 0	0 0 0 40 0 0	0,3 0 0,0,0,1 0 - -
M-58A	unicorn III seal	1	P385 P122 P210 P215 P324	0 0 0 0 0	0 0 0 0 0	0 0 7 0,0 1,0,0,1,0
M-59A	unicorn III seal	1	P160 P120 P326 P123 P202	0 0 0 0 0	0 0 0 0 0	- 2,1 1,0,0,1,0,0 1 0,2
M-60A	unicorn III seal	1	P000 P001	0 20	0 70	40 0,0
M-61A	unicorn III seal	1	P246 P268 P221 P050 P056 P251 P324	0 0 0 0 0 30 30	0 0 0 0 0 90 20	- 3,4 0 - 1 1 1,0,1,1,0
M-62A	unicorn III seal	1	P234 P310 P230 P325 P122 P051	0 0 0 0 0 0	0 0 0 0 0 0	- 1,0 1,0,0,1 1,0,1,1,0 1 -
M-63A	unicorn III seal	1	P230 P120 P230 P301	0 0 0 0	0 0 0 0	1,0,0,1 2,0 1,1,0,1 3,1
M-64A	unicorn III seal	1	P124 P050 P120 P316 P147 P217	0 0 0 0 0 0	0 0 0 0 0 0	1,0 - 0,1 0,1,1,0 - 0
M-65A	unicorn III seal	1	P289 P316 P121 P144 P050 P217	0 0 0 0 0 0	0 0 0 0 0 0	2 1,1,0,2 0 - - 0
M-66A	unicorn III seal	1	P091 P206 P103 P122 P060 P276 P086	0 0 0 0 0 0 0	0 0 0 0 0 0 0	3,1,0 1,1 - 0 - - 3,1,0,0
M-66A	unicorn III seal	2	P324	0	0	1,0,1,1,0
M-67A	unicorn III seal	1	P289 P040 P120 P154 P342 P324	0 0 0 0 0 10	0 0 0 0 0 10	1 1,1 2,0 0 - 1,0,1,1,0
M-67A	unicorn III seal	2	P223	0	0	0,3
M-68A	unicorn III seal	1	P160 P120 P326 P194 P324 P013	0 0 0 0 0 0	0 0 0 0 0 0	- 2,1 1,0,1,1,0,0 3,0,0 1,0,1,1,1 -
M-68A	unicorn III seal	2	P047 P260	0 0	0 0	0 1
M-69A	unicorn III seal	1	P256 P120 P056 P364 P324	0 0 0 0 10	0 0 0 0 20	1 2,0 1 2,1 1,0,2,1,2
M-70A	unicorn III seal	1	P256 P086 P122 P145 P051	60 0 0 0 20	30 0 0 0 40	0 3,1,0,0 1 - -
M-71A	unicorn III seal	1	P023 P086 P122 P031 P108 P001	0 0 0 0 0 20	0 0 0 0 0 40	0 3,1,0,0 1 - 1,0,1 0,1
M-72A	unicorn III seal	1	P385 P125 P011 P316 P073 P324	0 20 0 0 0 0	0 40 0 0 0 0	1 0,0 1 1,0,1,0 1,0 1,1,0,1,1
M-73A	unicorn III seal	1	P000 P181 P217 P098	0 0 0 0	0 0 0 0	20 0 0 5,0,0
M-74A	unicorn III seal	1	P011 P316 P289 P280	0 0 0 30	0 0 0 10	0 1,0,0,1 1 3
M-75A	unicorn III seal	1	P385 P122 P124 P050 P217	0 0 0 0 0	0 0 0 0 0	0 0 1,1 - 0
M-77A	unicorn IV seal	1	P385 P122 P364 P086 P366	0 0 0 0 0	0 0 0 0 0	1 0 3,0 3,1,0,0 -
M-78A	unicorn IV seal	1	P226 P145 P043 P324	0 0 0 0	0 0 0 0	- - 1 1,0,0,1,0
M-79A	unicorn IV seal	1	P385 P122 P058 P062 P012 P324	0 0 10 0 10 30	0 0 10 0 20 30	1 0 0 1,0 1 1,0,0,2,2
M-79A	unicorn IV seal	2	P247	0	0	-
M-80A	unicorn IV seal	1	P385 P202 P120 P123 P004	0 0 0 0 0	0 0 0 0 0	0 1,2 2,0 2 0,0,1
M-81A	unicorn IV seal	1	P217 P268 P268 P122 P062 P230 P301	0 0 0 0 0 0 0	0 0 0 0 0 0 0	1 2,5 2,5 0 1,0 1,1,0,1 1,0
M-82A	unicorn IV seal	1	P086 P230 P082 P122 P053 P324	0 0 0 0 0 0	0 0 0 0 0 0	3,1,0,0 1,0,0,1 0,0,1 0 - 1,0,0,2,0
M-83A	unicorn IV seal	1	P180 P128 P086	0 0 0	0 0 0	3,0 0,0 3,1,0,0
M-84A	unicorn IV seal	1	P154 P202 P121 P062 P335 P324	0 0 0 0 0 0	0 40 0 0 0 0	0 1,1 0 1,0 1 1,0,0,1,0
M-85A	unicorn IV seal	1	P070 P251 P325 P058 P217	0 0 0 0 0	0 0 0 0 0	- 0 1,0,2,1,0 1 0
M-86A	unicorn IV seal	1	P310 P378 P122 P056 P316 P147 P217	0 0 0 0 0 0 0	0 0 0 0 0 0 0	1,1 0 0 1 0,1,1,0 - 0
M-87A	unicorn IV seal	1	P020 P178 P098	20 0 0	20 0 0	- - 5,1,0
M-88A	unicorn IV seal	1	P058 P110 P301	20 0 0	20 0 0	0 - 1,0
M-89A	unicorn IV seal	1	P060 P145 P313 P358 P324	0 0 0 0 0	0 0 0 0 0	- - 1,5 - 2,0,0,1,0
M-90A	unicorn IV seal	1	P385 P122 P144 P139 P349 P324	0 0 0 0 0 0	0 0 0 0 0 0	0 0 - - - 1,0,0,1,1
M-91A	unicorn IV seal	1	P095 P073 P385 P122 P145 P050 P230 P009 P324	0 0 0 0 0 0 0 0 0	0 0 0 0 0 0 0 0 0	5 1,1 1 0 - - 0,0,0,1 0 1,0,1,1,0
M-92A	unicorn IV seal	1	P253 P369 P122 P091 P215 P075 P324	0 0 0 0 0 0 0	0 0 0 0 0 0 0	- 0 0 3,0,0 0,0 1,0,0 0,0,2,1,0
M-93A	unicorn IV seal	1	P043 P325 P062 P123 P004	0 0 0 0 0	0 0 0 0 0	7 1,0,0,1,0 1,0 2 0,0,1
M-94A	unicorn IV seal	1	P123 P050 P276 P086 P324	0 0 0 0 0	0 0 0 0 0	1 - - 3,1,0,0 1,0,1,1,0
M-95A	unicorn IV seal	1	P342 P040 P122 P123 P086	0 0 0 0 0	0 0 0 0 0	- 1,1 0 2 3,1,0,0
M-96A	unicorn IV seal	1	P124 P004	0 0	0 0	1,1 0,0,1
M-97A	unicorn IV seal	1	P073 P188 P004	0 0 0	0 0 0	1,1 0,0 0,0,1
M-98A	unicorn IV seal	1	P127 P288 P324	0 0 0	0 0 0	0,0 - 1,0,0,1,0
M-99A	unicorn IV seal	1	P038 P202 P122 P353 P324	0 0 0 0 0	0 0 0 0 0	1 1,2 0 0 0,0,0,1,0
M-100A	unicorn IV seal	1	P385 P122 P316 P073 P324 P013	0 0 0 50 0 0	0 0 0 20 0 0	1 0 1,1,1,0 0,1 1,0,0,1,0 -
M-101A	unicorn IV seal	1	P385 P122 P003 P324 P210 P086	0 0 0 0 0 0	0 0 0 0 0 0	0 0 0,0,0,0 1,0,0,1,0 6 3,1,0,0
M-102A	unicorn IV seal	1	P226 P154 P123 P004	0 0 0 0	0 0 0 0	- 0 1 0,0,0
M-103A	unicorn IV seal	1	P378 P122 P124 P086	0 0 0 0	0 0 0 0	0 0 2,1 3,1,0,0
M-104A	unicorn IV seal	1	P359 P060 P050 P324 P013	0 0 0 0 0	0 0 0 0 0	- - - 1,0,0,1,0 -
M-105A	unicorn IV seal	1	P154 P120 P326 P056 P364 P324 P324	0 0 0 0 10 40 80	0 0 0 0 10 80 90	0 2,1 1,1,0,1,0,0 1 3,0 1,0,0,1,0 1,0,0,1,0
M-106A	unicorn IV seal	1	P000 P332 P324	0 10 30	0 10 50	70 2,0,2,0 1,0,0,1,0
M-107A	unicorn IV seal	1	P071 P054 P122 P058 P238 P324	0 0 0 0 0 0	0 0 0 0 0 0	- - 0 1 - 1,0,0,1,1
M-108A	unicorn IV seal	1	P378 P230 P075 P201 P050 P378 P099	0 0 0 0 0 0 0	0 0 0 0 0 0 0	0 1,0,0,1 1,0,1 1 - 0 5,1
M-109A	unicorn IV seal	1	P011 P084 P122 P092 P050 P381 P324	0 0 0 0 20 0 0	0 0 0 0 40 0 0	0 4,3 0 5 - - 1,0,1,1,0
M-110A	unicorn IV seal	1	P385 P122 P000	0 0 0	0 0 0	0 0 50
M-111A	unicorn IV seal	1	P378 P378 P121 P058 P303 P160 P324	0 0 0 0 0 20 40	0 0 0 0 0 10 70	0 0 0 0 2,0,0 - 1,0,0,2,2
M-112A	unicorn IV seal	1	P254 P285 P325 P111 P126 P056 P332 P324	0 20 0 10 0 0 0 0	0 60 0 10 0 0 0 0	3,0 - 1,0,0,1,0 1 0,0 0 2,0,0,0 1,0,0,1,0
M-113A	unicorn IV seal	1	P156 P120 P325 P349 P145 P324	0 0 0 0 0 0	0 0 0 0 0 0	1 0,1 1,1,1,2,0 - - 1,0,2,1,0
M-114A	unicorn IV seal	1	P095 P205 P122 P283 P332 P324	0 0 0 0 0 0	0 0 0 0 0 0	5 3,4,1,1,0 0 - 2,0,0,0 1,0,0,1,0
M-115A	unicorn IV seal	1	P076 P205 P122 P364 P194 P011 P352 P086	0 0 0 0 0 0 0 0	0 0 0 0 0 0 0 0	1,0,8 2,4,1,4,0 0 3,1 4,1,0 1 0,0 2,2,1,0
M-116A	unicorn IV seal	1	P385 P122 P139 P349 P194 P009 P324	0 0 0 0 0 0 10	0 0 0 0 0 0 20	0 1 - - 4,1,0 1 1,1,1,1,0
M-117A	unicorn IV seal	1	P378 P122 P142 P364 P050 P316 P147 P217	0 0 0 0 0 0 0 30	0 0 0 0 0 0 0 50	0 0 - 3,1 - 0,1,1,0 - 0
M-118A	unicorn IV seal	1	P385 P122 P364 P058 P316 P147 P096 P324	0 0 0 0 0 0 0 20	0 0 0 0 0 0 0 20	1 0 2,1 1 0,1,1,0 - 5,3,0 1,0,1,1,0
M-119A	unicorn IV seal	1	P230 P154 P145 P270 P035 P086 P122 P195 P309 P001	0 0 0 0 0 0 0 0 0 10	0 0 0 0 0 0 0 0 0 40	1,0,1,1 0 - 3,0 2,0 3,1,0,0 0 - 1,1,1,1 0,0
M-120A	unicorn IV seal	1	P044 P349 P325 P288 P009 P324	0 0 0 0 0 0	0 0 0 0 0 0	- - 0,1,0,1,0 - 1 0,1,0,1,1
M-121A	unicorn IV seal	1	P075 P058 P355 P154 P324	0 0 0 0 0	0 0 0 0 0	1,0,1 0 1,0 0 1,0,0,1,0
M-122A	unicorn IV seal	1	P316 P147 P217	0 0 0	0 0 0	1,1,1,0 - 0
M-123A	unicorn IV seal	1	P114 P202 P014 P098	0 0 0 0	0 0 0 0	0 0,2 - 5,1,0
M-124A	unicorn IV seal	1	P145 P050 P175 P324	0 0 0 10	0 0 0 10	- - - 1,0,0,1,0
M-125A	unicorn IV seal	1	P108 P144 P000	10 0 0	10 0 0	1,1,2 - 30
M-126A	unicorn IV seal	1	P256 P120 P234 P230 P000	0 0 0 0 0	0 0 0 0 0	1 2,0 - 1,0,0,0 10
M-127A	unicorn IV seal	1	P194 P324 P060 P324 P238	30 10 0 20 10	20 10 0 10 10	4,0,0 1,0,0,1,0 - 1,0,0,1,0 -
M-128A	unicorn IV seal	1	P316 P208 P324 P364 P175 P324	0 0 0 0 0 10	0 0 0 0 0 10	0,1,1,0 0 1,0,0,1,2 3,0 - 1,0,0,1,2
M-129A	unicorn IV seal	1	P293 P325 P060 P062 P058 P217	0 0 0 0 0 0	0 0 0 0 0 0	1 1,1,0,1,0 - 2,0 0 0
M-130A	unicorn IV seal	1	P032 P122 P145 P050 P003 P324	0 0 0 0 0 10	0 0 0 0 0 10	- 1 - - 4,2,2,2 1,0,0,1,0
M-131A	unicorn IV seal	1	P355 P086 P325 P276 P086 P324	0 0 0 0 0 0	0 0 0 0 0 0	1,0 3,1,0,0 1,0,0,1,0 - 3,1,0,0 1,0,1,1,0
M-132A	unicorn IV seal	1	P226 P123 P004	0 0 0	0 0 0	- 2 0,1,1
M-133A	unicorn IV seal	1	P110 P174 P369 P073 P050 P062 P230 P301	0 0 0 0 0 0 0 0	0 0 0 0 0 30 0 0	- - 0 1,1 - 1,0 1,0,0,0 2,0
M-134A	unicorn IV seal	1	P256 P145 P390	0 0 0	0 0 0	0 - 2,0
M-135A	unicorn IV seal	1	P144 P316 P147 P217	0 0 0 0	0 0 0 0	- 0,1,0,0 - 0
M-136A	unicorn IV seal	1	P226 P177 P144 P126 P050 P324 P013	0 0 0 0 0 0 10	0 0 0 0 0 0 20	- 5,1 - 0,0 - 1,0,0,1,0 -
M-137A	unicorn IV seal	1	P379	0	0	-
M-138A	unicorn IV seal	1	P125 P154 P324	0 0 10	0 0 10	1,1 0 1,0,0,1,0
M-139A	unicorn IV seal	1	P294 P325 P061 P368 P147	0 0 0 0 0	0 0 0 0 0	1 0,0,1,1,0 - 0 -
M-140A	unicorn IV seal	1	P221 P283 P201 P050 P145 P309 P324	0 0 0 0 0 0 0	0 0 0 0 0 0 0	0 - 1 - - 1,4,0,1 1,0,0,1,0
M-141A	unicorn IV seal	1	P000 P122 P000	0 0 0	0 0 0	10 0 40
M-142A	unicorn IV seal	1	P385 P122 P011 P022	0 0 0 0	0 0 0 0	1 0 0 6
M-143A	unicorn IV seal	1	P349 P170 P145 P122 P082 P324	0 0 0 0 0 0	0 0 0 0 0 0	- - - 0 0,0,0 1,0,0,1,0
M-144A	unicorn IV seal	1	P385 P122 P062 P092 P009 P324	0 0 0 0 0 0	0 0 0 0 0 0	0 0 1,0 5 0 0,0,0,0,1
M-145A	unicorn IV seal	1	P384 P031 P098 P324	0 0 0 0	0 0 0 0	- - 8,1,1 1,0,1,0,1
M-146A	unicorn IV seal	1	P256 P120 P160 P073 P324	0 0 0 0 0	0 0 0 0 0	0 2,1 - 0,1 0,0,0,0,2
M-147A	unicorn IV seal	1	P217 P221 P050 P122 P364 P051	0 0 0 0 0 0	0 0 0 0 0 0	0 1 - 0 3,0 -
M-148A	unicorn IV seal	1	P231 P385 P324	0 0 0	0 0 0	1 0 1,0,0,1,1
M-149A	unicorn IV seal	1	P230 P120 P283 P332 P324	0 0 0 0 10	0 0 0 0 10	1,0,0,1 0,1 - 3,0,0,0 0,0,1,1,1
M-150A	unicorn IV seal	1	P368 P324	0 0	0 0	0 1,1,1,1,1
M-151A	unicorn IV seal	1	P393 P201 P050	0 0 0	0 0 0	3 1 -
M-152A	unicorn IV seal	1	P385 P122 P096 P324	0 0 0 0	0 0 0 0	1 0 5,3,0 0,0,0,1,1
M-153A	unicorn IV seal	1	P076 P026 P067	0 0 20	0 0 10	0,1,8 5 0,2,1,2
M-154A	unicorn IV seal	1	P182 P300 P122 P092 P050 P217	0 10 0 0 0 10	0 50 0 0 0 10	0,0 - 0 5 - 0
M-154A	unicorn IV seal	2	P265	0	0	0
M-155A	unicorn IV seal	1	P144 P194 P324	0 0 10	0 0 20	- 3,0,0 1,0,0,1,2
M-157A	unicorn IV seal	1	P378 P121 P075 P058 P355 P154 P324	0 0 0 0 0 0 0	0 0 0 0 0 0 0	0 0 1,0,0 0 1,0 0 0,0,0,1,1
M-158A	unicorn IV seal	1	P230 P120 P126 P086	0 0 0 0	0 0 0 0	1,0,0,1 2,1 0,0 3,1,0,0
M-159A	unicorn IV seal	1	P290 P166 P325 P136 P324	0 0 0 0 0	0 0 0 0 0	1,1 1 1,1,0,1,1 0,0 1,0,0,1,1
M-160A	unicorn IV seal	1	P325 P378 P122 P144 P048 P001	0 0 0 0 0 0	0 0 0 0 0 0	1,0,1,1,1 0 0 - 3 0,1
M-161A	unicorn IV seal	1	P123 P037 P268 P268	0 10 0 0	0 20 0 0	1 - 2,5 2,5
M-162A	unicorn IV seal	1	P123 P234 P230 P349 P332 P324	0 0 0 0 0 0	0 0 0 0 0 0	1 - 1,0,0,0 - 2,0,0,0 0,1,1,1,0
M-163A	unicorn IV seal	1	P378 P120 P092 P050 P217	0 0 0 0 0	0 0 0 20 0	0 2,1 6 - 0
M-164A	unicorn IV seal	1	P385 P122 P204 P031 P324	0 0 0 0 0	0 0 0 0 0	0 0 0,1 - 1,0,0,1,0
M-165A	unicorn IV seal	1	P122 P086 P325 P121 P332 P324	0 0 0 0 10 0	0 0 0 0 10 0	0 3,1,0,0 1,1,1,1,0 1 2,0,0,0 1,0,1,1,0
M-165A	unicorn IV seal	2	P076 P324 P385	0 0 0	0 0 0	0,1,2 1,0,0,1,0 0
M-166A	unicorn IV seal	1	P385 P122 P364 P062 P349 P086	0 0 10 0 0 0	0 0 50 0 0 0	1 0 3,0 1,0 - 3,1,0,0
M-167A	unicorn IV seal	1	P385 P000 P324	30 0 50	30 0 80	0 60 1,0,0,1,0
M-169A	unicorn IV seal	1	P145 P000 P127 P289 P324	0 0 10 0 0	0 0 20 0 0	- 20 0,0 1 0,0,0,1,1
M-170A	unicorn IV seal	1	P385 P325 P145 P114 P204 P086 P175 P324	30 10 0 0 0 0 30 0	20 20 0 20 0 0 10 0	1 0,1,1,1,1 - 1 0,1 2,3,1,0 - 1,0,0,1,0
M-171A	unicorn IV seal	1	P256 P120 P364 P058 P175 P324 P204 P086	0 0 0 20 0 0 0 0	0 0 0 20 0 0 0 0	0 1,0 2,0 1 - 1,0,1,1,0 0,1 2,3,2,1
M-172A	unicorn IV seal	1	P355 P117 P050 P121 P128 P086	0 0 0 0 0 0	0 0 0 0 0 0	1,0 2 - 0 0,0 2,3,2,1
M-173A	unicorn IV seal	1	P364 P303 P160 P110 P324	0 0 0 0 0	0 0 0 0 0	3,0 2,0,0 - - 1,0,1,1,0
M-174A	unicorn IV seal	1	P378 P122 P145 P050 P175 P324	0 0 0 0 0 20	0 0 0 0 0 20	0 0 - - - 1,0,0,2,0
M-175A	unicorn V seal	1	P385 P122 P000	0 50 0	0 80 0	1 0 70
M-176A	unicorn V seal	1	P255 P000	0 0	0 0	- 40
M-177A	unicorn V seal	1	P385 P122 P123 P086	0 0 0 0	0 0 0 0	0 0 2 3,1,0,0
M-178A	unicorn V seal	1	P126 P086	0 0	0 0	0,0 3,1,0,0
M-179A	unicorn V seal	1	P123 P086	0 0	0 0	2 3,1,0,0
M-180A	unicorn V seal	1	P265 P324	0 110	0 0	0 2,0,0,1,0
M-181A	unicorn V seal	1	P207 P205 P122 P193 P217	0 0 0 0 0	0 0 0 0 0	0,1 2,4,1,0,0 0 0,0 0
M-182A	unicorn V seal	1	P095 P324	0 0	0 0	5 1,0,0,1,0
M-183A	unicorn V seal	1	P205 P120 P058 P217	0 0 0 0	0 0 0 0	3,4,1,1,0 2,0 1 1
M-184A	unicorn V seal	1	P359 P010 P324 P013	0 0 0 0	0 0 0 0	- 0,0 1,0,0,1,0 -
