# WALS Online (Dryer & Haspelmath eds., 2013), CLDF release cldf-datasets/wals, CC-BY 4.0; features 26A 30A 31A 32A 51A 86A 87A 89A 81A
id	name	family	genus	macroarea	26A	30A	31A	32A	51A	86A	87A	89A	81A
aab	Arapesh (Abu)	Torricelli	Kombio-Arapesh	Papunesia							2	2	2
aar	Aari	Afro-Asiatic	South Omotic	Africa	2				1	1	2	2	
aba	Abau	Sepik	Abau	Papunesia						1		2	1
abi	Abipón	Guaicuruan	Abipon	South America	2				9	3	3		2
abk	Abkhaz	Northwest Caucasian	Northwest Caucasian	Eurasia	4	3	2	2	9	1	2	3	1
abn	Arabana	Pama-Nyungan	Central Pama-Nyungan	Australia	2	1	1	1	1	3	2		1
abo	Arbore	Afro-Asiatic	Lowland East Cushitic	Africa		2	2	3		2	2	2	1
abu	Abun	Abun	Abun	Papunesia	1				9	1	2	2	2
abv	Abui	Greater West Bomberai	Alor-Pantar	Papunesia	4				9	1	2	2	1
ace	Acehnese	Austronesian	Malayo-Sumbawan	Eurasia	1				9	2	2	1	7
acg	Achagua	Arawakan	Japura-Colombia	South America	4				9	1	2		2
acl	Acholi	Eastern Sudanic	Western Nilotic	Africa	4				9	2	2	2	2
acm	Achumawi	Hokan	Achumawi	North America					1				2
acn	Achang	Sino-Tibetan	Burmese-Lolo	Eurasia						1	3	2	
aco	Acoma	Keresan	Keresan	North America	4	1	1	1		1	3	3	7
acu	Achuar	Jivaroan	Jivaroan	South America	2				1	1			
adg	Adang	Greater West Bomberai	Alor-Pantar	Papunesia	1				9	1	2	2	1
adi	Adioukrou	Niger-Congo	Agneby	Africa	5				9	1	2	2	2
adk	Andoke	Andoke	Andoke	South America					1	1			
adn	Adynyamathanha	Pama-Nyungan	Central Pama-Nyungan	Australia	2				1	1	1		7
ady	Adyghe (Abzakh)	Northwest Caucasian	Northwest Caucasian	Eurasia					1		2		1
adz	Adzera	Austronesian	Oceanic	Papunesia						1	2	2	2
aeg	Arabic (Egyptian)	Afro-Asiatic	Semitic	Africa	3	2	2	3	9	2	2	3	2
aga	Agarabi	Trans-New Guinea	Gauwa	Papunesia	3				1	1	1	1	1
agb	Leggbó	Niger-Congo	Upper Cross	Africa						2	2	2	2
agc	Agta (Central)	Austronesian	Greater Central Philippine	Papunesia	2				9	2	1	1	3
agd	Agta (Dupaningan)	Austronesian	Greater Central Philippine	Papunesia						2	1	1	3
agh	Aghem	Niger-Congo	Wide Grassfields	Africa						2	2	2	2
agm	Angami	Sino-Tibetan	Angami-Pochuri	Eurasia	1					1	2	2	1
agt	Anguthimri	Pama-Nyungan	Northern Pama-Nyungan	Australia	2				1		2	2	1
agw	Alagwa	Afro-Asiatic	Southern Cushitic	Africa		2	2	3					
ain	Ainu	Ainu	Ainu	Eurasia	4	1	1	1	9	1	1	1	1
aja	Aja	Central Sudanic	Kresh	Africa						2	1	3	2
ajg	Ajagbe	Niger-Congo	Gbe	Africa					9	3	2	2	7
akh	Akha	Sino-Tibetan	Burmese-Lolo	Eurasia	1				9	1	2	2	1
akn	Akan	Niger-Congo	Tano	Africa	6				9	1	2	2	2
ala	Alamblak	Sepik	Sepik Hill	Papunesia	2	2	2	2	6	1	1	1	1
alb	Albanian	Indo-European	Albanian	Eurasia	2				1	2	2	1	2
ale	Aleut	Eskimo-Aleut	Aleut	North America	2	1	1	1	1				1
alk	Arop-Lokep	Austronesian	Oceanic	Papunesia						3	2	2	2
all	Ala'ala	Austronesian	Oceanic	Papunesia	4				1	1	2	2	1
aln	Alune	Austronesian	Central Malayo-Polynesian	Papunesia	4				9	1	2	2	2
als	Alsea	Oregon Coast	Alsea	North America						1	1	1	
alw	Alawa	Mangarrayi-Maran	Mara	Australia	2				1		3		7
aly	Alyawarra	Pama-Nyungan	Central Pama-Nyungan	Australia	2				1	2	2	2	1
ama	Amara	Austronesian	Oceanic	Papunesia							2	2	2
amb	Ambulas	Sepik	Ndu	Papunesia					6	1	1	2	1
amc	Amahuaca	Pano-Tacanan	Panoan	South America	2				9	1	2		7
ame	Amele	Trans-New Guinea	Mabuso	Papunesia	2	1	1	1	9	1	2	2	1
amh	Amharic	Afro-Asiatic	Semitic	Africa	3	2	2	3	1	1	1	1	1
ami	Amis	Austronesian	East Formosan	Papunesia						2	1	1	7
amk	Amarakaeri	Harakmbet	Harakmbet	South America							1	1	
aml	Ambae (Lolovoli Northeast)	Austronesian	Oceanic	Papunesia	1				9	2	2	2	2
amm	Ama	Left May	Left May	Papunesia						1	3		
amn	Amanab	Border	Border	Papunesia	2				1	1	2		1
amo	Amo	Niger-Congo	Central Kainji	Africa	5						2	2	
amp	Arrernte (Mparntwe)	Pama-Nyungan	Central Pama-Nyungan	Australia	2				6		2	2	1
amq	Ambai	Austronesian	South Halmahera - West New Guinea	Papunesia	5					1	2	2	2
amr	Arabic (Moroccan)	Afro-Asiatic	Semitic	Africa	3				9	2	2	1	
ams	Arabic (Modern Standard)	Afro-Asiatic	Semitic	Eurasia	2				1	2	2	1	3
amt	Amdo (Themchen)	Sino-Tibetan	Bodic	Eurasia						1	3	2	
amx	Anamuxra	Trans-New Guinea	Josephstaal	Papunesia	3					1	2	2	
ana	Araona	Pano-Tacanan	Tacanan	South America	2				1	1	2	3	
anc	Angas	Afro-Asiatic	West Chadic	Africa	1				9	2	2	2	2
ane	Anêm	Anêm	Anêm	Papunesia						3	2	2	2
ang	Anggor	Senagi	Senagi	Papunesia	2				9	1	2	2	1
ani	//Ani	Khoe-Kwadi	Khoe-Kwadi	Africa						1	1	1	7
anj	Anejom	Austronesian	Oceanic	Papunesia	4				9	2	2	2	4
ann	Anindilyakwa	Gunwinyguan	Anindilyakwa	Australia	4				8	3			7
ano	Anong	Sino-Tibetan	Nungish	Eurasia						1	2	2	1
anu	Anufo	Niger-Congo	Tano	Africa	1				9	1	2	2	2
any	Anywa	Eastern Sudanic	Western Nilotic	Africa	4				9	2	2	2	7
ao	Ao	Sino-Tibetan	Central Naga	Eurasia	3				6	1	2	2	1
aoj	Mufian	Torricelli	Kombio-Arapesh	Papunesia	5				9	2	2	2	2
api	Apinayé	Macro-Ge	Je Setentrional	South America					9	1	2		1
apl	Apalaí	Cariban	Cariban	South America	4				9	1	2	3	7
apt	Apatani	Sino-Tibetan	Tani	Eurasia	2				9	1	2	2	1
apu	Apurinã	Arawakan	Purus	South America	4	2	2	3	6	1	2	1	2
apw	Apache (Western)	Na-Dene	Athapaskan	North America	4				1			2	1
ara	Lokono	Arawakan	Antillean Arawakan	South America	4				9	1	1	1	2
arc	Archi	Nakh-Daghestanian	Lezgic	Eurasia	2	4	2	2	1	1	1	1	1
arg	Arabic (Gulf)	Afro-Asiatic	Semitic	Eurasia	3	2	2	3	9	2	2	1	2
ari	Aribwatsa	Austronesian	Oceanic	Papunesia						1			2
arj	Arabic (Kuwaiti)	Afro-Asiatic	Semitic	Eurasia						2	2	3	2
arm	Armenian (Eastern)	Indo-European	Armenian	Eurasia	2	1	1	1	1	1	1	1	7
aro	Arosi	Austronesian	Oceanic	Papunesia	1					2	2	1	2
arp	Arapesh (Mountain)	Torricelli	Kombio-Arapesh	Papunesia	5	5	2	3	9	3	1	1	2
arq	Arabic (Iraqi)	Afro-Asiatic	Semitic	Eurasia	4				7	2	2	1	2
arw	Armenian (Western)	Indo-European	Armenian	Eurasia	2				1	1	1	1	1
asm	Asmat	Asmat-Kamrau Bay	Asmat-Kamrau Bay	Papunesia	2	1	1	1	9	1	2	2	1
ass	Assamese	Indo-European	Indic	Eurasia	2				1	1	1	3	1
asu	Asuriní	Tupian	Maweti-Guarani	South America									5
asy	Arabic (Syrian)	Afro-Asiatic	Semitic	Eurasia	3	2	2	3	7	2	2	3	7
ata	Atayal	Austronesian	Atayalic	Papunesia	1				9	2	3	1	
ath	Athpare	Sino-Tibetan	Himalayish	Eurasia	2				1	1	1	1	1
atk	Atakapa	Atakapa	Atakapa	North America						1		2	
atm	Atacameño	Kunza	Kunza	South America							2		1
ats	Atsugewi	Hokan	Atsugewi	North America					1				7
au	Au	Torricelli	Central Wapei	Papunesia	5				9	3	2	2	2
ava	Avar	Nakh-Daghestanian	Avar-Andic-Tsezic	Eurasia	2				1	1	1	1	1
avk	Avikam	Niger-Congo	Avikam-Alladian	Africa									2
avo	Avokaya	Central Sudanic	Moru-Ma'di	Africa						3			7
awa	Awa	Trans-New Guinea	Gauwa	Papunesia	2				1	1	1	1	1
awe	Arrernte (Western)	Pama-Nyungan	Central Pama-Nyungan	Australia	2				1	2	2	2	
awi	Aekyom	Kamula-Elevala	Elevala	Papunesia						1	2	2	1
awp	Awa Pit	Barbacoan	Barbacoan	South America	2	1	1	1	6	1	1	1	1
awt	Awtuw	Sepik	Ram	Papunesia	3				6	1	2	2	1
awy	Awyi	Border	Border	Papunesia							2	2	1
ayi	Anyi	Niger-Congo	Tano	Africa						1	2		2
aym	Aymara (Central)	Aymaran	Aymaran	South America	2				6	1	1	1	1
ayo	Ayomán	Jirajaran	Jirajaran	South America					1	1	2	1	
ayr	Ayoreo	Zamucoan	Zamucoan	South America						1			2
ayw	Ayiwo	Austronesian	Oceanic	Papunesia						2	2		2
aze	Azerbaijani	Altaic	Turkic	Eurasia	2				1	1	1	1	1
azi	Azari (Iranian)	Altaic	Turkic	Eurasia	2				1				1
baa	Barai	Trans-New Guinea	Koiarian	Papunesia	2				1	1	2	2	1
bab	Babungo	Niger-Congo	Wide Grassfields	Africa		5	3	3	9		2	2	2
bac	Bachamal	Wandjiginy	Wandjiginy	Australia	4				6		3		7
bae	Baré	Arawakan	Japura-Colombia	South America	3				1	1	2	1	2
baf	Bafut	Niger-Congo	Wide Grassfields	Africa							2		2
bag	Bagirmi	Central Sudanic	Bongo-Bagirmi	Africa	3	1	1	1	9	2	2	2	2
bai	Bai	Sino-Tibetan	Macro-Bai	Eurasia	1				9	1	1	2	2
baj	Bajau (Sama)	Austronesian	Sama-Bajaw	Papunesia						2	2		7
bak	Baka (in Cameroon)	Niger-Congo	Ubangi	Africa						2	1	2	2
bam	Bambara	Mande	Western Mande	Africa	2					1	2	2	1
bao	Bao'an	Altaic	Mongolic	Eurasia					6				1
baq	Baure	Arawakan	Bolivia-Parana	South America	3				1	2	2	1	4
bar	Bari	Eastern Sudanic	Eastern Nilotic	Africa	5				9	2	2	2	2
bas	Basaá	Niger-Congo	Bantu	Africa						2	2	2	2
baw	Bawm	Sino-Tibetan	Kuki-Chin	Eurasia	1	1	1	1	9	1	2	2	1
bbf	Bobo Madaré (Northern)	Mande	Western Mande	Africa							2		
bbl	Babole	Niger-Congo	Bantu	Africa							2	2	2
bbu	Barambu	Niger-Congo	Ubangi	Africa	5					2	1	2	7
bbw	Bininj Gun-Wok	Gunwinyguan	Marne	Australia	5	4	2	2	1	1	3	3	7
bch	Berber (Chaouia)	Afro-Asiatic	Berber	Africa						2	2	1	7
bco	Bella Coola	Salishan	Bella Coola	North America	2				9	2	1		3
bdm	Badimaya	Pama-Nyungan	Western Pama-Nyungan	Australia						1	2	3	1
bdu	Budu	Niger-Congo	Bantu	Africa	6				9	2	2	2	2
bdw	Baham	Greater West Bomberai	West Bomberai	Papunesia							2		1
bej	Beja	Afro-Asiatic	Beja	Africa	3	2	2	3	1	1	3		1
bel	Belhare	Sino-Tibetan	Himalayish	Eurasia	3				1	1	1	1	
bem	Bemba	Niger-Congo	Bantu	Africa							2	2	
ben	Bengali	Indo-European	Indic	Eurasia					1				1
ber	Berta	Berta	Berta	Africa	3						2	2	2
bfg	Berber (Figuig)	Afro-Asiatic	Berber	Africa	5				2	2	2	1	3
bfi	Bafia	Niger-Congo	Bantu	Africa						2	2	2	
bga	Benga	Niger-Congo	Bantu	Africa						2			
bgm	Bangime	Bangime	Bangime	Africa							2	2	1
bgn	Bugun	Sino-Tibetan	Kho-Bwa	Eurasia							3		
bgo	Bongo	Central Sudanic	Bongo-Bagirmi	Africa	5				9	2	3		2
bgr	Bagiro	Central Sudanic	Bongo-Bagirmi	Africa	5					2		2	2
bgs	Baga Sitemu	Niger-Congo	Northern Mel	Africa									2
bgz	Banggi	Austronesian	North Borneo	Papunesia									2
bho	Bhojpuri	Indo-European	Indic	Eurasia	2				1	1	1	1	1
bhu	Bhumij	Austro-Asiatic	Munda	Eurasia						1	1		1
bid	Bidiya	Afro-Asiatic	East Chadic	Africa						2	2	2	2
bii	Biri	Pama-Nyungan	Northern Pama-Nyungan	Australia	2				1	1	1	1	2
bik	Biak	Austronesian	South Halmahera - West New Guinea	Papunesia	5				9	1	2	2	2
bil	Bilua	Solomons East Papuan	Bilua	Papunesia	3				9	1	1	1	7
bin	Binandere	Trans-New Guinea	Binanderean	Papunesia					6	1	2	2	1
bio	Nai	Kwomtari	Kwomtari	Papunesia	2				1	1	3	3	
bir	Birom	Niger-Congo	Benue-Congo Plateau	Africa	6				9	2	2	2	2
biu	Bisu	Sino-Tibetan	Burmese-Lolo	Eurasia					1		2		1
bka	Baka (in South Sudan)	Central Sudanic	Bongo-Bagirmi	Africa	1				9	2	1	2	2
bkb	Betta Kurumba	Dravidian	Dravidian	Eurasia	2				1				1
bkl	Bikol	Austronesian	Greater Central Philippine	Papunesia	1				9	3	3		
bkr	Batak (Karo)	Austronesian	Northwest Sumatra-Barrier Islands	Papunesia	2	1	1	1	9	2	2	1	7
bkt	Brokskat	Indo-European	Indic	Eurasia						1	1	1	1
bku	Bakueri	Niger-Congo	Bantu	Africa						2	2	2	2
bla	Blackfoot	Algic	Algonquian	North America	5					1	1	1	7
ble	Baoulé	Niger-Congo	Tano	Africa							2	2	2
bln	Bilin	Afro-Asiatic	Central Cushitic	Africa	2					1	2	1	7
blr	Belorussian	Indo-European	Slavic	Eurasia	2				1	2	1		7
blt	Balti	Sino-Tibetan	Bodic	Eurasia	2						1	2	1
blu	Bena-Lulua	Niger-Congo	Bantu	Africa							2		
blx	Biloxi	Siouan	Ohio Valley Siouan	North America	4				1	1	2	2	1
blz	Balanta	Niger-Congo	Balanta	Africa						2	2	2	2
bma	Berber (Middle Atlas)	Afro-Asiatic	Berber	Africa	4	2	2	3	2	2	2	1	3
bmb	Bimoba	Niger-Congo	Oti-Volta	Africa	2				9	1		2	2
bmr	Burum	Trans-New Guinea	Huon	Papunesia	2				1				
bnb	Bunuba	Bunuban	Bunuban	Australia					8	1	1		7
bni	Bini	Niger-Congo	Edoid	Africa						2	2	2	2
bnj	Bandjalang	Pama-Nyungan	Southeastern Pama-Nyungan	Australia	2				1		1		
bnk	Bankon	Niger-Congo	Bantu	Africa						2	2		2
bnn	Banoni	Austronesian	Oceanic	Papunesia	5				9	2	2	2	2
bnr	Bilinarra	Pama-Nyungan	Western Pama-Nyungan	Australia	2				1	3		3	
bnu	Bularnu	Pama-Nyungan	Western Pama-Nyungan	Australia	2				1				
boa	Boazi (Kuni)	Trans-New Guinea	Boazi	Papunesia								2	1
bob	Bobangi	Niger-Congo	Bantu	Africa						2			2
bod	Bodo	Sino-Tibetan	Brahmaputran	Eurasia	2				1	1	1	2	
boi	Boiken	Sepik	Ndu	Papunesia					1				
boj	Bori	Sino-Tibetan	Tani	Eurasia							3		
bok	Boko	Mande	Eastern Mande	Africa						1	2	2	1
bol	Bolia	Niger-Congo	Bantu	Africa						2			2
bon	Bongu	Trans-New Guinea	Rai Coast	Papunesia						1	2		1
boq	Bokar	Sino-Tibetan	Tani	Eurasia									1
bra	Brao	Austro-Asiatic	Bahnaric	Eurasia						2	2	2	2
bre	Breton	Indo-European	Celtic	Eurasia	3				7	2	2	1	2
brf	Berber (Rif)	Afro-Asiatic	Berber	Africa	5				2	2	2	1	2
brh	Brahui	Dravidian	Dravidian	Eurasia	2	1	1	1	1		1		
bri	Bribri	Chibchan	Western Isthmic Chibchan	North America	2				9	1	2	2	1
brl	Baragaunle	Sino-Tibetan	Bodic	Eurasia							2	2	1
brm	Burmese	Sino-Tibetan	Burmese-Lolo	Eurasia	2	1	1	1	1	1	2	2	1
brn	Burunge	Afro-Asiatic	Southern Cushitic	Africa	2					2	2	2	2
brp	Barupu	Skou	Warapu	Papunesia	5				9	2	2	2	1
brq	Bera	Niger-Congo	Bantu	Africa						2	2		2
brr	Bororo	Bororoan	Bororoan	South America	3				1				
brs	Barasano	Tucanoan	Tucanoan	South America	2	3	2	2	1	1	3	1	7
bry	Baruya	Trans-New Guinea	Nuclear Angan	Papunesia	3				1	1	2	2	
bsh	Bushoong	Niger-Congo	Bantu	Africa	6						2		2
bsi	Berber (Siwa)	Afro-Asiatic	Berber	Africa							2		
bsk	Bashkir	Altaic	Turkic	Eurasia	2				1	1	1	1	
bsq	Basque	Basque	Basque	Eurasia	4	1	1	1	6	1	2	1	1
bsr	Basari	Niger-Congo	Tenda	Africa						2	2		
bti	Betoi	Betoi	Betoi	South America	3				1				1
btk	Bontok	Austronesian	Northern Luzon	Papunesia	4					2	3	1	7
bto	Batak (Toba)	Austronesian	Northwest Sumatra-Barrier Islands	Papunesia	4				9	2	2	3	4
bua	Burarra	Mangrida	Burarran	Australia	5				2		3		1
bub	Bubi	Niger-Congo	Bantu	Africa							2		2
bud	Buduma	Afro-Asiatic	Biu-Mandara	Africa	4				9	2	2	2	2
bug	Bugis	Austronesian	South Sulawesi	Papunesia						2			2
buj	Bujeba	Niger-Congo	Bantu	Africa							2		
bul	Bulgarian	Indo-European	Slavic	Eurasia	2				9	3	1	1	2
bum	Buma	Austronesian	Oceanic	Papunesia						2	2	2	2
bun	Buin	South Bougainville	South Bougainville	Papunesia	2				1		2		
bur	Burushaski	Burushaski	Burushaski	Eurasia	3	4	2	2	1	1	1	1	1
bus	Busa	Mande	Eastern Mande	Africa						1	2	2	1
but	Buriat	Altaic	Mongolic	Eurasia	2				1	1	1	1	1
buu	Buru	Austronesian	Central Malayo-Polynesian	Papunesia						1	2	2	2
buw	Bulu	Niger-Congo	Bantu	Africa						2			
buy	Buli (in Ghana)	Niger-Congo	Oti-Volta	Africa									2
bvi	Bali-Vitu	Austronesian	Oceanic	Papunesia	1					2	2	2	2
bwc	Bajau (West Coast)	Austronesian	Sama-Bajaw	Papunesia	1				9	2	2	1	7
bya	Byansi	Sino-Tibetan	Bodic	Eurasia	2				1	1	1	1	
bys	Bayso	Afro-Asiatic	Lowland East Cushitic	Africa		2	2	3					
bzi	Bauzi	Geelvink Bay	Geelvink Bay	Papunesia					6				1
cah	Cahuilla	Uto-Aztecan	Northern Uto-Aztecan	North America	4	1	1	1	1	1	1		1
cai	Chai	Eastern Sudanic	South Surmic	Africa					1	2	2	2	7
cak	Cakchiquel	Mayan	Mayan	North America						2	1	1	4
cam	Camsá	Camsá	Camsá	South America	5				1		3	1	7
can	Candoshi	Candoshi	Candoshi	South America						1			1
car	Carib	Cariban	Cariban	South America	4	1	1	1	9	1	1	1	1
cas	Cashibo	Pano-Tacanan	Panoan	South America	2				1	1	2	2	1
cav	Cavineña	Pano-Tacanan	Tacanan	South America					6	1	2	1	7
cax	Campa (Axininca)	Arawakan	Pre-Andine Arawakan	South America	2	2	2	2	1	1	2		7
cay	Cayapa	Barbacoan	Barbacoan	South America	2				1	1	1	1	1
cba	Chumash (Barbareño)	Chumash	Chumash	North America	4				9	2			4
cbo	Chácobo	Pano-Tacanan	Panoan	South America	2				9	1	2		7
ccm	Chinantec (Comaltepec)	Oto-Manguean	Chinantecan	North America	6				9	2	2	1	3
ccp	Cocopa	Hokan	Yuman	North America		1	1	1					
cct	Choctaw	Muskogean	Muskogean	North America	4				6	1	4	2	1
cde	Carib (De'kwana)	Cariban	Cariban	South America	4				9	1	2	1	1
cea	Cree (Swampy)	Algic	Algonquian	North America					1				7
ceb	Cebuano	Austronesian	Greater Central Philippine	Papunesia						2			3
cem	Cèmuhî	Austronesian	Oceanic	Papunesia	1				9	2	2	2	4
cga	Chaga	Niger-Congo	Bantu	Africa							2		2
cha	Chamorro	Austronesian	Chamorro	Papunesia	1	1	1	1		2	1	1	3
chb	Chambri	Ramu-Lower Sepik	Lower Sepik	Papunesia							2		1
chc	Chechen	Nakh-Daghestanian	Nakh	Eurasia	2				1	1	1	1	1
chd	Chaudangsi	Sino-Tibetan	Bodic	Eurasia							1	1	1
che	Cherokee	Iroquoian	Southern Iroquoian	North America	5					1	1	1	7
chg	Chang	Sino-Tibetan	Brahmaputran	Eurasia	4				6	1	3	2	1
chh	Chaha	Afro-Asiatic	Semitic	Africa	4					1	1	1	1
chi	Chimariko	Hokan	Chimariko	North America	3	1	1	1	1	1	2	2	
chj	Chuj	Mayan	Mayan	North America						2		1	4
chk	Chukchi	Chukotko-Kamchatkan	Northern Chukotko-Kamchatkan	Eurasia	3	1	1	1	1	1	1	1	7
chn	Chantyal	Sino-Tibetan	Bodic	Eurasia					6	1	1	1	
chp	Chipewyan	Na-Dene	Athapaskan	North America	6							1	1
chq	Chinantec (Quiotepec)	Oto-Manguean	Chinantecan	North America	4				9	2	2	1	3
chr	Chrau	Austro-Asiatic	Bahnaric	Eurasia	1				9	2	2	1	2
chs	Chin (Siyin)	Sino-Tibetan	Kuki-Chin	Eurasia	1				9	1	3	2	
chv	Chuvash	Altaic	Turkic	Eurasia	2	1	1	1	1	1	1	1	1
chw	Cham (Western)	Austronesian	Malayo-Sumbawan	Eurasia							2	2	2
chx	Chontal (Huamelultec Oaxaca)	Hokan	Tequistlatecan	North America	3				2	2	1		
cic	Chichewa	Niger-Congo	Bantu	Africa		5	3	3		2	2	2	2
ckl	Chinook (Lower)	Penutian	Chinookan	North America	5					3	1	1	4
cld	Chaldean (Modern)	Afro-Asiatic	Semitic	Eurasia						2	2	1	
cle	Chinantec (Lealao)	Oto-Manguean	Chinantecan	North America	1	2	3	2	9	2	2	1	4
cln	Cholón	Hobitu-Cholon	Hobitu-Cholon	South America	3				1	1	1	1	1
cme	Cham (Eastern)	Austronesian	Malayo-Sumbawan	Eurasia						2	2		2
cmh	Chemehuevi	Uto-Aztecan	Northern Uto-Aztecan	North America	2				1	1	3	1	7
cml	Camling	Sino-Tibetan	Himalayish	Eurasia					1	1		1	1
cmn	Comanche	Uto-Aztecan	Northern Uto-Aztecan	North America	2	1	1	1	1	1	1	1	1
cmr	Chin (Mara)	Sino-Tibetan	Kuki-Chin	Eurasia					6	1	2	2	
cmx	Comox	Salishan	Central Salish	North America						2			
cmy	Chontal Maya	Mayan	Mayan	North America	2				9	2	1	1	2
cnl	Canela	Macro-Ge	Je Setentrional	South America	1	1	1	1	9	1	2		1
cnm	Canamarí	Katukinan	Katukinan	South America	4				9	1	2	3	
cnt	Cantonese	Sino-Tibetan	Chinese	Eurasia	1	1	1	1	9	1	1	1	2
coa	Coahuilteco	Coahuiltecan	Coahuiltecan	North America	4				1	1			1
coc	Cocama	Tupian	Maweti-Guarani	South America	2				1	1	2	1	2
coo	Coos (Hanis)	Oregon Coast	Coosan	North America	3	1	1	1	6	3	1	1	7
cop	Coptic	Afro-Asiatic	Egyptian-Coptic	Africa	5				7	2	2	1	2
cor	Cora	Uto-Aztecan	Corachol	North America						3	2	1	3
cos	Rumsien	Penutian	Costanoan	North America	2				1	3			
cpl	Chinantec (Palantla)	Oto-Manguean	Chinantecan	North America	4				7	2	2	1	3
cpn	Chepang	Sino-Tibetan	Himalayish	Eurasia						1	1	1	1
cpy	Chipaya	Uru-Chipaya	Uru-Chipaya	South America	2				1	1	1	1	1
cqt	Chiquitano	Chiquitano	Chiquitano	South America						2			
cre	Cree (Plains)	Algic	Algonquian	North America	4	2	3	2	1				7
crn	Cornish	Indo-European	Celtic	Eurasia	2				9	2	2	1	2
cro	Crow	Siouan	Missouri River Siouan	North America					9	1	2	2	1
crp	Carapana	Tucanoan	Tucanoan	South America	2				1		2	1	
cso	Chatino (Sierra Occidental)	Oto-Manguean	Zapotecan	North America						2	2	1	3
cti	Chin (Tiddim)	Sino-Tibetan	Kuki-Chin	Eurasia	6					1	2	2	
ctl	Catalan	Indo-European	Romance	Eurasia						2	2	1	2
ctm	Chitimacha	Chitimacha	Chitimacha	North America	2				1	1	2	2	1
ctw	Catawba	Siouan	Catawban	North America						1	2		1
cua	Cua	Austro-Asiatic	Bahnaric	Eurasia					2				2
cub	Cubeo	Tucanoan	Tucanoan	South America	2				1	1	1	1	5
cuc	Cuica	Timote-Cuica	Timote-Cuica	South America							3	1	2
cui	Cuiba	Guahiban	Guahiban	South America							2		1
cup	Cupeño	Uto-Aztecan	Northern Uto-Aztecan	North America	4				1	1	2	1	1
cya	Chatino (Yaitepec)	Oto-Manguean	Zapotecan	North America					9	2	2	1	3
cyv	Cayuvava	Cayuvava	Cayuvava	South America	5	1	1	1	7	2	1	1	4
cze	Czech	Indo-European	Slavic	Eurasia	3				1	3	1	1	2
dag	Daga	Trans-New Guinea	Dagan	Papunesia	2	1	1	1	1	1	2	2	1
dam	Damana	Chibchan	Arhuacic	South America								1	7
dan	Dan	Mande	Eastern Mande	Africa					9	1	2	2	1
daw	Dâw	Nadahup	Nadahup	South America					6	1	2	1	1
day	Day	Niger-Congo	Day	Africa					9	2	2	2	2
ddj	Dadjriwalé	Niger-Congo	Kru	Africa							2		7
dds	Donno So	Dogon	Dogon	Africa	2				6	1	2	2	1
def	Defaka	Ijoid	Ijoid	Africa		3	2	2					
deg	Degema	Niger-Congo	Edoid	Africa							3	2	2
der	Dla (Proper)	Senagi	Senagi	Papunesia						1	3	1	1
des	Desano	Tucanoan	Tucanoan	South America	2				6	1	1	3	1
deu	Deuri	Sino-Tibetan	Brahmaputran	Eurasia	2						1	3	1
dga	Dagaare	Niger-Congo	Oti-Volta	Africa						1	2	2	2
dgb	Dagbani	Niger-Congo	Oti-Volta	Africa	3					1	2	2	2
dgo	Dongo	Niger-Congo	Ubangi	Africa	3					2	2	2	7
dgr	Dagur	Altaic	Mongolic	Eurasia	2				1	1	1	1	1
dha	Dhaasanac	Afro-Asiatic	Lowland East Cushitic	Africa					5	1	2	2	1
dhb	Dharumbal	Pama-Nyungan	Northern Pama-Nyungan	Australia					1	1			1
dhi	Dhivehi	Indo-European	Indic	Eurasia						1	1	1	
dhm	Dhimal	Sino-Tibetan	Dhimalic	Eurasia						1	1	1	1
dhr	Dhargari	Pama-Nyungan	Western Pama-Nyungan	Australia	2				1				7
dhw	Dharawal	Pama-Nyungan	Southeastern Pama-Nyungan	Australia	2				1				
did	Didinga	Eastern Sudanic	South Surmic	Africa	2				1	2	2	2	3
die	Diegueño (Mesa Grande)	Hokan	Yuman	North America	5				6	1	4	2	1
dig	Digaro	Sino-Tibetan	Digaroan	Eurasia	2				6	1	2	2	1
dim	Dime	Afro-Asiatic	South Omotic	Africa	2				6		2	2	1
din	Dinka	Eastern Sudanic	Western Nilotic	Africa	1					2	2	2	7
dio	Diola-Fogny	Niger-Congo	Jola	Africa	4	5	3	3	9	2	2	2	2
diy	Diyari	Pama-Nyungan	Central Pama-Nyungan	Australia	2	2	2	2	1	1	2	2	1
diz	Dizi	Afro-Asiatic	Dizoid	Africa		2	2	2					
dja	Djabugay	Pama-Nyungan	Northern Pama-Nyungan	Australia	2				1				1
dji	Djingili	Mirndi	Djingili	Australia	2				1	2	2		1
djm	Djambarrpuyngu	Pama-Nyungan	Western Pama-Nyungan	Australia	2				1	3	3		7
djn	Djinang	Pama-Nyungan	Western Pama-Nyungan	Australia	2				1	1	2		7
djp	Djapu	Pama-Nyungan	Western Pama-Nyungan	Australia	2				1	3		3	1
djr	Djaru	Pama-Nyungan	Western Pama-Nyungan	Australia	2	1	1	1	1		3		7
dlm	Dla (Menggwa)	Senagi	Senagi	Papunesia	2				6	1	3	2	
dma	Duma	Niger-Congo	Bantu	Africa							2	2	2
dmi	Dumi	Sino-Tibetan	Himalayish	Eurasia					6	1	1	3	
dmk	Domaaki	Indo-European	Indic	Eurasia	2				1		1		
dms	Dimasa	Sino-Tibetan	Brahmaputran	Eurasia	2				6		2	2	
dni	Dani (Lower Grand Valley)	Trans-New Guinea	Dani	Papunesia	2	1	1	1	1	1			1
dok	Bwele	Niger-Congo	Bantu	Africa									2
dom	Domari	Indo-European	Indic	Eurasia	2				1	1	1	1	7
don	Dong (Southern)	Tai-Kadai	Kam-Tai	Eurasia		1	1	1			2	1	2
doy	Doyayo	Niger-Congo	Samba-Duru	Africa	2				9	1	2	2	2
dre	Drehu	Austronesian	Oceanic	Papunesia	1				9	2	2	1	7
drg	Dargwa	Nakh-Daghestanian	Dargwic	Eurasia					1	1	1	1	1
drm	Darma	Sino-Tibetan	Bodic	Eurasia	3				9	1	1	1	1
dsh	Danish	Indo-European	Germanic	Eurasia	2				1	1	1	1	2
dua	Duala	Niger-Congo	Bantu	Africa						2	2		2
duk	Duka	Niger-Congo	Central Kainji	Africa	1				9	2	2	2	2
dul	Dulong	Sino-Tibetan	Nungish	Eurasia						1	3	2	
dum	Dumo	Skou	Western Skou	Papunesia					9	1	2	2	1
dun	Duna	Duna-Bogaya	Duna	Papunesia	1				6	1	2	2	1
dut	Dutch	Indo-European	Germanic	Eurasia	2				9	2	1	1	7
dyi	Dyirbal	Pama-Nyungan	Northern Pama-Nyungan	Australia	2	4	2	2	1	1	2	2	7
ebi	Ebira	Niger-Congo	Nupoid	Africa									2
edo	Edolo	Trans-New Guinea	Bosavi	Papunesia						1	2	2	1
efi	Efik	Niger-Congo	Lower Cross	Africa								2	
ega	Ega	Niger-Congo	Ega	Africa						1	2	2	2
egn	Engenni	Niger-Congo	Edoid	Africa	1				9	2	2	2	2
eip	Eipo	Trans-New Guinea	Mek	Papunesia	2				6	1	1	2	1
eka	Ekari	Trans-New Guinea	Paniai Lakes	Papunesia								2	1
eko	Ekoti	Niger-Congo	Bantu	Africa									2
els	Elseng	Morwap	Morwap	Papunesia							2		
emb	Emberá (Northern)	Choco	Choco	South America	2				1	1	2	2	
eme	Émérillon	Tupian	Maweti-Guarani	South America	4				6	1	2	1	1
emm	Emmi	Western Daly	Wagaydy	Australia					6		2	2	7
ene	Enets	Uralic	Samoyedic	Eurasia	2				1		1		1
eng	English	Indo-European	Germanic	Eurasia	2	3	2	2	9	3	1	1	2
eno	Enggano	Austronesian	Enggano	Papunesia	5				2	2	2	3	2
epe	Epena Pedee	Choco	Choco	South America	2	1	1	1	6	1	2	2	1
erk	Efate (South)	Austronesian	Oceanic	Papunesia	5				2	2	2	2	2
err	Erromangan	Austronesian	Oceanic	Papunesia		1	1	1		2	2	2	2
ese	Ese Ejja	Pano-Tacanan	Tacanan	South America	1				9	1	2		1
esm	Esmeraldeño	Tacame	Tacame	South America					1	2	3		
ess	Esselen	Esselen	Esselen	North America					1		1		
est	Estonian	Uralic	Finnic	Eurasia	2				1	1	1	1	2
eud	Eudeve	Uto-Aztecan	Opata-Eudeve	North America	3				1	1			1
eve	Evenki	Altaic	Tungusic	Eurasia	2	1	1	1	1	1	1	1	1
evn	Even	Altaic	Tungusic	Eurasia	2				1		1		1
ewe	Ewe	Niger-Congo	Gbe	Africa	4	1	1	1	9	1	2	2	2
ewo	Ewondo	Niger-Congo	Bantu	Africa	6				9	2	2	2	2
fas	Fasu	Trans-New Guinea	Fasu	Papunesia	2				6	1	2	2	
fgu	Fula (Guinean)	Niger-Congo	Peul-Serer	Africa		5	3	3					
fij	Fijian	Austronesian	Oceanic	Papunesia	1	1	1	1	9	2	2	1	7
fin	Finnish	Uralic	Finnic	Eurasia	2	1	1	1	1	1	1	1	2
foe	Foe	Trans-New Guinea	Foe	Papunesia							2		1
fon	Fongbe	Niger-Congo	Gbe	Africa						2	2	2	2
for	Fore	Trans-New Guinea	Fore-Gimi	Papunesia	2				6	1	1	2	1
fqs	Momu	Baibai-Fas	Baibai-Fas	Papunesia	3				6	1			1
fre	French	Indo-European	Romance	Eurasia	2	2	2	3	7	2	2	1	2
fri	Frisian	Indo-European	Germanic	Eurasia					9	3	1		7
fua	Fulfulde (Adamawa)	Niger-Congo	Peul-Serer	Africa	3				7	2	2	2	2
ful	Fulniô	Fulniô	Fulniô	South America	4				6	1	2		
fur	Fur	Fur	Fur	Africa	3				1	1	2	2	1
fut	Futuna-Aniwa	Austronesian	Oceanic	Papunesia	1				9	2	2	3	2
fye	Fyem	Niger-Congo	Benue-Congo Plateau	Africa	3					2	2	2	2
ga	Gã	Niger-Congo	Ga-Dangme	Africa						1	2		2
gaa	Gaagudju	Gaagudju	Gaagudju	Australia	4				9		2	3	
gae	Gaelic (Scots)	Indo-European	Celtic	Eurasia	3	2	2	3	5	2	2	1	3
gah	Gahuku	Trans-New Guinea	Gahuku	Papunesia	2				1		3	2	1
gal	Galo	Sino-Tibetan	Tani	Eurasia	2				1		1	2	1
gam	Gamo	Afro-Asiatic	Ta-Ne-Omotic	Africa					1	1	1	1	1
gan	Great Andamanese	Great Andamanese	Great Andamanese	Eurasia					1	1	2		1
gap	Gapapaiwa	Austronesian	Oceanic	Papunesia					2	1		2	1
gar	Garo	Sino-Tibetan	Brahmaputran	Eurasia	2				6	1	2	2	1
gav	Gavião	Tupian	Monde	South America						1	2		
gbb	Gbeya Bossangoa	Niger-Congo	Gbaya-Manza-Ngbaka	Africa	2				9	2	1	2	2
gbs	Gbaya (Southwest)	Niger-Congo	Gbaya-Manza-Ngbaka	Africa	4				9	2	1	2	2
gdb	Gutob	Austro-Asiatic	Munda	Eurasia							1		
gdi	Godié	Niger-Congo	Kru	Africa		4	3	3					
gds	Gadsup	Trans-New Guinea	Gauwa	Papunesia	3				1	1	1	1	1
gel	Gela	Austronesian	Oceanic	Papunesia						2	2	1	4
geo	Georgian	Kartvelian	Kartvelian	Eurasia	3	1	1	1	1	1	1	1	1
ger	German	Indo-European	Germanic	Eurasia	2	3	2	3	1	2	1	1	7
ggu	Gureng Gureng	Pama-Nyungan	Southeastern Pama-Nyungan	Australia	2				1		2		7
ghb	Guahibo	Guahiban	Guahiban	South America									1
ghr	Bunan	Sino-Tibetan	Bodic	Eurasia							2		1
gid	Gidabal	Pama-Nyungan	Southeastern Pama-Nyungan	Australia					1		1		7
gil	Gilaki	Indo-European	Iranian	Eurasia					1		1		
gim	Gimira	Afro-Asiatic	Ta-Ne-Omotic	Africa	2				6		3	3	1
git	Gitksan	Tsimshianic	Tsimshianic	North America					9		1		7
giz	Giziga	Afro-Asiatic	Biu-Mandara	Africa								2	
gjj	Guajajara	Tupian	Maweti-Guarani	South America						1	2	1	3
gku	Gününa Küne	Chonan	Puelche	South America	3				1	3	2	1	7
gla	Gelao	Tai-Kadai	Kadai	Eurasia							2	1	2
gln	Golin	Trans-New Guinea	Chimbu-Wahgi	Papunesia	2				9	1	2	2	1
gmw	Gumawana	Austronesian	Oceanic	Papunesia	4				9	1	2	2	1
gmz	Gumuz	Gumuz	Gumuz	Africa	3				9	2	3		2
gnb	Gunbalang	Gunwinyguan	Marne	Australia							1	1	2
gnd	Ga'anda	Afro-Asiatic	Biu-Mandara	Africa						2	2		
gnn	Gunin	Worrorran	Worrorran	Australia	5				6	1	2		7
goa	Goajiro	Arawakan	Guajiro-Paraujano	South America	3				1	2	2	1	3
god	Godoberi	Nakh-Daghestanian	Avar-Andic-Tsezic	Eurasia		3	2	2	1	1	1	1	
goe	Goemai	Afro-Asiatic	West Chadic	Africa	1				9	2	2	2	2
gog	Gogodala	Trans-New Guinea	Gogodala	Papunesia					1				1
gok	Gokana	Niger-Congo	Ogonoid	Africa	1				9	2	1	1	2
gon	Gondi	Dravidian	Dravidian	Eurasia	2				1	1	1	1	1
goo	Gooniyandi	Bunuban	Bunuban	Australia	5	1	1	1	8	3	2	1	7
grb	Grebo	Niger-Congo	Kru	Africa	2	3	3	2	9	1	2	2	2
grf	Garífuna	Arawakan	Antillean Arawakan	North America						2	2	1	3
grg	Gurr-goni	Mangrida	Burarran	Australia					2		3		7
grj	Guarijío	Uto-Aztecan	Tarahumaran	North America						1	3	2	7
grk	Greek (Modern)	Indo-European	Greek	Eurasia	2	3	2	3	1	2	1	1	7
grr	Garrwa	Garrwan	Garrwan	Australia	2				1	1	2	3	7
grw	Greenlandic (West)	Eskimo-Aleut	Eskimo	Eurasia	2	1	1	1	1	1	2	2	1
gto	Guató	Guató	Guató	South America						2	2		3
gua	Guaraní	Tupian	Maweti-Guarani	South America	6	1	1	1	9	1	2	1	2
gud	Gude	Afro-Asiatic	Biu-Mandara	Africa	2				9	2	1	2	3
gug	Gugada	Pama-Nyungan	Western Pama-Nyungan	Australia	2				1		2		1
guh	Guhu-Samane	Trans-New Guinea	Guhu-Samane	Papunesia					1		2		1
guj	Gujarati	Indo-European	Indic	Eurasia							1	1	1
gul	Gula (in Central African Republic)	Central Sudanic	Bongo-Bagirmi	Africa	1				9	2	2	2	2
gum	Gumbaynggir	Pama-Nyungan	Southeastern Pama-Nyungan	Australia					1	3	3		7
gur	Gurung	Sino-Tibetan	Bodic	Eurasia	3					1	1	2	1
guu	Guugu Yimidhirr	Pama-Nyungan	Northern Pama-Nyungan	Australia	2	1	1	1	1	3	2	2	1
guw	Gungbe	Niger-Congo	Gbe	Africa						3	2		2
gwa	Gwari	Niger-Congo	Nupoid	Africa						1	2	2	7
gwo	Gworok	Niger-Congo	Benue-Congo Plateau	Africa						2		2	2
gyc	Gyarong (Cogtse)	Sino-Tibetan	Na-Qiangic	Eurasia	5					1	2	2	
hai	Haida	Haida	Haida	North America	2	1	1	1	6	1	2	2	1
hak	Hakka	Sino-Tibetan	Chinese	Eurasia								1	2
hal	Halia	Austronesian	Oceanic	Papunesia	2				9	2	2	1	2
ham	Hamtai	Trans-New Guinea	Nuclear Angan	Papunesia	4						2	2	1
han	Hani	Sino-Tibetan	Burmese-Lolo	Eurasia							3	2	
har	Haruai	Piawi	Piawi	Papunesia					9	1	2		
hat	Hatam	Hatim-Mansim	Hatim-Mansim	Papunesia	6	1	1	1	9	1	2	2	2
hau	Hausa	Afro-Asiatic	West Chadic	Africa	1	2	2	3	9	2	1	2	2
haw	Hawaiian	Austronesian	Oceanic	Papunesia	1	1	1	1	9	2	2	1	3
hay	Hayu	Sino-Tibetan	Himalayish	Eurasia	2	1	1	1	6	1	1	3	1
hdi	Hdi	Afro-Asiatic	Biu-Mandara	Africa						2	2	2	3
heb	Hebrew (Modern)	Afro-Asiatic	Semitic	Eurasia	3	2	2	3	7	2	2	1	2
heh	Hehe	Niger-Congo	Bantu	Africa							2	2	2
hei	Heiltsuk	Wakashan	Northern Wakashan	North America						2	1		3
hem	Hemba	Niger-Congo	Bantu	Africa							2	2	2
hhu	Hanga Hundi	Sepik	Ndu	Papunesia						1	1	3	1
hid	Hidatsa	Siouan	Missouri River Siouan	North America						1	2		1
hil	Hiligaynon	Austronesian	Greater Central Philippine	Papunesia						2	3	1	3
hin	Hindi	Indo-European	Indic	Eurasia	2	2	2	3	1	1	1	1	1
hix	Hixkaryana	Cariban	Cariban	South America	4	2	3	2	9	1	2	1	5
hlp	Hualapai	Hokan	Yuman	North America	3				1		2		1
hlu	Halkomelem (Upriver)	Salishan	Central Salish	North America							1	1	3
hma	Hmar	Sino-Tibetan	Kuki-Chin	Eurasia	1				6	1	2	2	
hmi	Huitoto (Minica)	Witotoan	Witoto	South America	2				1		1	1	1
hmo	Hmong Njua	Hmong-Mien	Hmongic	Eurasia	1	1	1	1	9	1	2	1	2
hna	Mina	Afro-Asiatic	Biu-Mandara	Africa					9	2	2	2	2
hnd	Hunde	Niger-Congo	Bantu	Africa	6				2	2	2	2	2
ho	Ho	Austro-Asiatic	Munda	Eurasia	2				1	1	1		
hoa	Hoava	Austronesian	Oceanic	Papunesia	1				9	2	2	1	3
hol	Holoholo	Niger-Congo	Bantu	Africa							2	2	2
hop	Hopi	Uto-Aztecan	Northern Uto-Aztecan	North America	2				1	1	1	1	1
hpd	Hup	Nadahup	Nadahup	South America	2				6	1	2	1	1
htc	Huastec	Mayan	Mayan	North America	1				9	2	1	1	2
hua	Hua	Trans-New Guinea	Siane-Yagaria	Papunesia	3				1	1	1	1	1
huc	=|Hoan	Kxa	=|Hoan	Africa						1	2	2	2
hui	Huichol	Uto-Aztecan	Corachol	North America	4				1	1			1
hum	Huitoto (Murui)	Witotoan	Witoto	South America	2				1	1	1		1
hun	Hungarian	Uralic	Ugric	Eurasia	2	1	1	1	1	1	1	1	7
hup	Hupa	Na-Dene	Athapaskan	North America	5				1	1	2	1	7
hve	Huave (San Mateo del Mar)	Huavean	Huavean	North America	4				9	2	1		2
hwr	Hawrami	Indo-European	Iranian	Eurasia							2	1	
hya	Haya	Niger-Congo	Bantu	Africa							2	2	2
hzb	Hunzib	Nakh-Daghestanian	Avar-Andic-Tsezic	Eurasia	2	5	2	2	1	1	1	1	1
iaa	Iaai	Austronesian	Oceanic	Papunesia	1	1	1	1	9	2	1	1	2
iat	Iatmul	Sepik	Ndu	Papunesia									1
iau	Iau	Lakes Plain	Central Tariku	Papunesia						1		2	
iba	Iban	Austronesian	Malayo-Sumbawan	Papunesia	1				9	2	2	1	2
ice	Icelandic	Indo-European	Germanic	Eurasia	2	3	2	3	1	2	1	1	2
idn	Iduna	Austronesian	Oceanic	Papunesia	5					1	2	2	1
ido	Idoma	Niger-Congo	Idomoid	Africa									7
idu	Idu	Sino-Tibetan	Digaroan	Eurasia							1	2	
ifm	Ifumu	Niger-Congo	Bantu	Africa						2	2	2	2
ifu	Ifugao (Batad)	Austronesian	Northern Luzon	Papunesia	4					2	1	1	
igb	Igbo	Niger-Congo	Igboid	Africa		1	1	1		2	2	2	2
ige	Igede	Niger-Congo	Idomoid	Africa							2	2	2
ign	Ignaciano	Arawakan	Bolivia-Parana	South America	4					2			
igs	Ingessana	Eastern Sudanic	Eastern Jebel	Africa	3					2	2		2
iha	Iha	Greater West Bomberai	West Bomberai	Papunesia									1
ijo	Ijo (Kolokuma)	Ijoid	Ijoid	Africa	3				1	1	1	1	1
ik	Ik	Eastern Sudanic	Kuliak	Africa	2				1	3	2	2	3
ika	Ika	Chibchan	Arhuacic	South America	3	1	1	1	6	1	2	3	1
ila	Ila	Niger-Congo	Bantu	Africa						2	2		2
ilo	Ilocano	Austronesian	Northern Luzon	Papunesia							1		3
imo	Imonda	Border	Border	Papunesia		1	1	1	6	1	2	2	
ina	Inanwatan	South Bird's Head	Inanwatan	Papunesia	4				6	1	2	2	7
ind	Indonesian	Austronesian	Malayo-Sumbawan	Papunesia	2	1	1	1	9	2	2	1	2
ing	Ingush	Nakh-Daghestanian	Nakh	Eurasia	2	5	2	3	1	1	1	1	
inn	Innamincka	Pama-Nyungan	Central Pama-Nyungan	Australia	2				6		2	2	1
iqu	Iquito	Zaparoan	Zaparoan	South America	4				1	1	2	1	2
iri	Irish	Indo-European	Celtic	Eurasia	4				5	2	2	1	3
irq	Iraqw	Afro-Asiatic	Southern Cushitic	Africa	2	2	2	3	9	2	2	2	1
irr	Irarutu	Austronesian	South Halmahera - West New Guinea	Papunesia	6				9	1	2	2	2
irx	Iranxe	Iranxe	Iranxe	South America	2				9	1	2	2	1
isa	I'saka	Skou	Krisa	Papunesia	1					2	2	2	1
isi	Isirawa	Tor-Kwerba	Isirawa	Papunesia									1
ita	Italian	Indo-European	Romance	Eurasia	2				9	2	2	1	2
ite	Itelmen	Chukotko-Kamchatkan	Southern Chukotko-Kamchatkan	Eurasia	2	1	1	1	1	3	3	1	1
ito	Itonama	Itonama	Itonama	South America						3	3		2
iwa	Iwaidja	Iwaidjan	Iwaidjan	Australia						1	1	1	2
iwm	Iwam	Sepik	Iwamic	Papunesia								2	1
ixi	Ixil	Mayan	Mayan	North America									3
izi	Izi	Niger-Congo	Igboid	Africa	4				9	2	3	3	2
jab	Jabêm	Austronesian	Oceanic	Papunesia	4				1	1	2	2	2
jad	Jad	Sino-Tibetan	Bodic	Eurasia							2	2	1
jak	Jakaltek	Mayan	Mayan	North America	6				9	2	1	1	3
jam	Jaminjung	Mirndi	Jaminjungan	Australia							3	3	7
jaq	Jaqaru	Aymaran	Aymaran	South America	2	1	1	1	1	1	1	1	
jar	Izere	Niger-Congo	Benue-Congo Plateau	Africa						2	2		2
jbt	Jabutí	Macro-Ge	Jabutí	South America							2		1
jeb	Jebero	Cahuapanan	Cahuapanan	South America	2				1	2	1		7
jel	Jeli	Mande	Western Mande	Africa						1	2	2	
jin	Jino	Sino-Tibetan	Burmese-Lolo	Eurasia					9		2		1
jiv	Jivaro	Jivaroan	Jivaroan	South America	2				1	1	1	1	1
jlu	Luwo	Eastern Sudanic	Western Nilotic	Africa						2	2		
jmo	Jur Mödö	Central Sudanic	Bongo-Bagirmi	Africa	1				9	2	2		2
jms	Jamsay	Dogon	Dogon	Africa	2				3	1	2	2	1
jng	Jingpho	Sino-Tibetan	Brahmaputran	Eurasia	1				9	1	2	2	1
joh	Johari	Sino-Tibetan	Bodic	Eurasia							1	1	1
jpn	Japanese	Japanese	Japanese	Eurasia	2				6	1	1	1	1
jrw	Jarawa (in Andamans)	South Andamanese	South Andamanese	Eurasia							2		1
jug	Jugli	Sino-Tibetan	Brahmaputran	Eurasia							3		
juh	Ju|'hoan	Kxa	Ju-Kung	Africa	1	5	3	3	9	1	2	2	2
juk	Jukun	Niger-Congo	Jukunoid	Africa	1				9	2	2	2	2
jva	Karajá	Macro-Ge	Karajá	South America						1	2	3	1
kaa	Karó (Arára)	Tupian	Ramarama	South America	1				9	1	2	4	1
kab	Kabardian	Northwest Caucasian	Northwest Caucasian	Eurasia	4				1	1			1
kac	Kachari	Sino-Tibetan	Brahmaputran	Eurasia	2				1		3	2	1
kad	Kadugli	Kadu	Kadugli	Africa						2			2
kae	Kaki Ae	Tate	Tate	Papunesia						1	2	2	1
kam	Kambera	Austronesian	Central Malayo-Polynesian	Papunesia		1	1	1			2		
kan	Kana	Niger-Congo	Ogonoid	Africa	5				2	2	3	1	2
kar	Kara (in Central African Republic)	Central Sudanic	Bongo-Bagirmi	Africa	2				9	2	2	2	2
kas	Kashmiri	Indo-European	Indic	Eurasia		2	2	3		1	1	1	2
kau	Kaulong	Austronesian	Oceanic	Papunesia						3	2	2	2
kay	Kayardild	Tangkic	Tangkic	Australia	2	1	1	1	1	1	1	1	7
kba	Kamba	Niger-Congo	Bantu	Africa	6					2	2		2
kbl	Kabyle	Afro-Asiatic	Berber	Africa						2	2		3
kbo	Kambot	Keram	Ap Ma	Papunesia							2		1
kbt	Kabatei	Indo-European	Iranian	Eurasia						1	1	1	
kbu	Kanembu	Saharan	Western Saharan	Africa	2				1	2			1
kbw	Karen (Bwe)	Sino-Tibetan	Karen	Eurasia	5				9	1	2	2	2
kby	Kabiyé	Niger-Congo	Grusi	Africa						1	2		2
kch	Koyra Chiini	Songhay	Songhay	Africa	1				9	1	2	2	2
kdw	Kadiwéu	Guaicuruan	Kadiwéu	South America						3			2
kdz	Kadazan	Austronesian	North Borneo	Papunesia					9	2	2	1	3
kel	Kele	Austronesian	Oceanic	Papunesia	6				9	2	2	2	2
kem	Kemant	Afro-Asiatic	Central Cushitic	Africa	2				1	1	1		1
ken	Kenga	Central Sudanic	Bongo-Bagirmi	Africa	2				1	2		2	2
ker	Kera	Afro-Asiatic	East Chadic	Africa	2				1	2	2	2	2
ket	Ket	Yeniseian	Yeniseian	Eurasia	5	3	2	2	1	1	1	1	1
kew	Kewa	Trans-New Guinea	Enga_Kewa-Huli	Papunesia	2	1	1	1	6	1	1	2	1
kfe	Koromfe	Niger-Congo	Koromfe	Africa	3	3	3	2	9	1	2	2	2
kga	Kinga	Niger-Congo	Bantu	Africa						2	2	2	2
kgr	Kagulu	Niger-Congo	Bantu	Africa							2	2	
kgu	Kalkatungu	Pama-Nyungan	Northern Pama-Nyungan	Australia					1	1	2	1	1
kgy	Kyirong	Sino-Tibetan	Bodic	Eurasia					6	1	2	2	
kgz	Kirghiz	Altaic	Turkic	Eurasia	2	1	1	1	1		1	1	
kha	Khalkha	Altaic	Mongolic	Eurasia	2	1	1	1	1	1	1	1	1
khd	Kham (Dege)	Sino-Tibetan	Bodic	Eurasia					6	1	2	2	1
khg	Khaling	Sino-Tibetan	Himalayish	Eurasia	2				1	1	1	1	1
khi	Khinalug	Nakh-Daghestanian	Khinalug	Eurasia	2				1	1	1		
khk	Khakas	Altaic	Turkic	Eurasia		1	1	1					
khl	Khalaj	Altaic	Turkic	Eurasia	2	1	1	1	1	1	1	1	1
khm	Khmer	Austro-Asiatic	Khmer	Eurasia	1	1	1	1	9	2	2	2	2
khn	Khün	Tai-Kadai	Kam-Tai	Eurasia									2
kho	Nama	Khoe-Kwadi	Khoe-Kwadi	Africa	2	3	2	3	9	1	1	1	1
khr	Kharia	Austro-Asiatic	Munda	Eurasia	1				6			1	7
khs	Khasi	Austro-Asiatic	Khasian	Eurasia	1	2	2	2	9	2	2	1	2
khw	Khowar	Indo-European	Indic	Eurasia						1	1		1
kie	Kire	Ramu-Lower Sepik	Ruboni	Papunesia							2	2	1
kik	Kikuyu	Niger-Congo	Bantu	Africa	6					2	2		2
kil	Kiluba	Niger-Congo	Bantu	Africa									2
kim	Kimaghama	Kolopom	Kolopom	Papunesia	1					1		2	1
kin	Kinyarwanda	Niger-Congo	Bantu	Africa					7		2	2	2
kio	Kiowa	Kiowa-Tanoan	Kiowa-Tanoan	North America	4				1	1		1	1
kir	Kirma	Niger-Congo	Kirma-Tyurama	Africa	1					1	2	2	2
kis	Kisi	Niger-Congo	Southern Mel	Africa		5	3	3	9	2	2	2	7
kiw	Kiwai (Southern)	Trans-New Guinea	Kiwaian	Papunesia	3				1	1	1	1	1
kje	Koreguaje	Tucanoan	Tucanoan	South America					1	1	2	2	3
kkp	Karakalpak	Altaic	Turkic	Eurasia	2				1	1	1	1	1
kkq	Kuikúro	Cariban	Cariban	South America						1			5
kkt	Kokota	Austronesian	Oceanic	Papunesia	1				9	2	2	1	3
kku	Korku	Austro-Asiatic	Munda	Eurasia	2				1	1	1	1	1
kkv	Lusi	Austronesian	Oceanic	Papunesia	5				9	1	2	2	2
kkw	Karankawa	Karankawa	Karankawa	North America					9				7
kla	Klao	Niger-Congo	Kru	Africa						1	3		2
klg	Kulung	Sino-Tibetan	Himalayish	Eurasia					1	1	1		
kll	Kaluli	Trans-New Guinea	Bosavi	Papunesia					6	1	2		1
klm	Klamath	Penutian	Klamath-Modoc	North America	2				1	1	1	1	7
klq	Kalam	Trans-New Guinea	Kalam-Kobon	Papunesia					9	1	2	2	
klr	Koluri	Indo-European	Iranian	Eurasia						1	1	1	
kls	Kalispel	Salishan	Interior Salish	North America	5				2	2			3
klv	Kilivila	Austronesian	Oceanic	Papunesia	5	1	1	1	9	1	2	1	7
klw	Kiliwa	Hokan	Yuman	North America	4				1		2		1
kma	Kamaiurá	Tupian	Maweti-Guarani	South America	4				1	1	2	1	1
kmb	Kombai	Trans-New Guinea	Ndeiram	Papunesia	2				9	1	2	2	1
kmh	Kham	Sino-Tibetan	Himalayish	Eurasia	3				1	1	1	1	1
kmi	Kami	Niger-Congo	Bantu	Africa							2	2	
kmj	Karimojong	Eastern Sudanic	Eastern Nilotic	Africa	5				9	2	2	2	3
kmk	Kalmyk	Altaic	Mongolic	Eurasia	2				1	1	1		
kmn	Kuman	Trans-New Guinea	Chimbu-Wahgi	Papunesia	2				9		2	2	1
kmo	Koiali (Mountain)	Trans-New Guinea	Koiarian	Papunesia	2				1	1	2	2	1
kmp	Kunimaipa	Trans-New Guinea	Core Goilalan	Papunesia	3				1	1	2	2	1
kmr	Kamoro	Asmat-Kamrau Bay	Asmat-Kamrau Bay	Papunesia	3				1	3		2	1
kms	Kamass	Uralic	Samoyedic	Eurasia	2				1	1	1		1
kmu	Khmu'	Austro-Asiatic	Khmuic	Eurasia	1	2	2	2	9	2	2	2	2
kmw	Kamu	Eastern Daly	Eastern Daly	Australia					6		2		7
kmz	Kamasau	Torricelli	Marienberg	Papunesia	5				9	1	2	2	1
knb	Kanum (Bädi)	Yam	Kanum	Papunesia						1		1	1
knc	Kugu Nganhcara	Pama-Nyungan	Northern Pama-Nyungan	Australia	2				6	2	2	2	
knd	Kannada	Dravidian	Dravidian	Eurasia	2	3	2	2	1	1	1	1	1
kng	Kaingang	Macro-Ge	Je Meridional	South America						1	2		1
kni	Konni	Niger-Congo	Oti-Volta	Africa	2				9	1		2	2
knk	Kanakuru	Afro-Asiatic	West Chadic	Africa	2				9	2	3	2	2
knm	Kunama	Kunama	Kunama	Africa	3				6	1	2	2	1
knn	Kinnauri	Sino-Tibetan	Bodic	Eurasia	2				1	1	1	1	1
kno	Kanoê	Kapixana	Kapixana	South America					1	1	2	1	1
knr	Kanuri	Saharan	Western Saharan	Africa	2	1	1	1	6	2	2	2	1
knw	Konkow	Penutian	Maiduan	North America	3				1	1			
knz	Kham (Tibetan) (Nangchen)	Sino-Tibetan	Bodic	Eurasia						1	2	2	1
koa	Koasati	Muskogean	Muskogean	North America	4	1	1	1	6	1	2	2	1
kob	Kobon	Trans-New Guinea	Kalam-Kobon	Papunesia	2	1	1	1	9	1	2	2	1
koe	Koegu	Eastern Sudanic	South Surmic	Africa	4				9	2	2	2	2
kok	Kokborok	Sino-Tibetan	Brahmaputran	Eurasia	2				1	1	2	2	1
kol	Kolami	Dravidian	Dravidian	Eurasia	2	2	2	2	1	1	1	1	1
kom	Komo	Koman	Koman	Africa	3				9	2	2		2
kon	Kongo	Niger-Congo	Bantu	Africa	6	5	3	3	9	2	2	2	2
kop	Komi-Permyak	Uralic	Permic	Eurasia	2				1	1	1	1	
kor	Korean	Korean	Korean	Eurasia	2				1	1	1	1	1
kos	Kosraean	Austronesian	Oceanic	Papunesia	1				9	2	2	2	2
koy	Koya	Dravidian	Dravidian	Eurasia	2				1	1	1	1	1
kpe	Kpelle	Mande	Western Mande	Africa						1	2	2	
kpm	Kapampangan	Austronesian	Central Luzon	Papunesia						2	3	1	
kpw	Karen (Pwo)	Sino-Tibetan	Karen	Eurasia						1	2	2	2
kqq	Krenak	Macro-Ge	Aimore	South America						1	2	2	1
krb	Kiribati	Austronesian	Oceanic	Papunesia	4				9	2	2	1	4
krc	Karachay-Balkar	Altaic	Turkic	Eurasia	2				1	1	1	1	1
krd	Kurdish (Central)	Indo-European	Iranian	Eurasia	3				9	2	2	1	1
kre	Kresh	Central Sudanic	Kresh	Africa	4				9	2	1	1	2
krh	Krahô	Macro-Ge	Je Setentrional	South America							2		1
kri	Kipea	Kariri	Kariri	South America	4				9	2	2	1	4
krj	Karadjeri	Pama-Nyungan	Western Pama-Nyungan	Australia	2				1	3	3		
krk	Karok	Hokan	Karok	North America	4	1	1	1	6	1	2	1	7
krn	Korana	Khoe-Kwadi	Khoe-Kwadi	Africa	2				1	1	1	1	7
kro	Krongo	Kadu	Kadugli	Africa	5				2	2	2	2	3
krr	Kairiru	Austronesian	Oceanic	Papunesia	4				9	2	2	2	1
krw	Korowai	Trans-New Guinea	Becking-Dawi	Papunesia	2				1	1	1		1
kry	Koryak	Chukotko-Kamchatkan	Northern Chukotko-Kamchatkan	Eurasia	3				1	1	1		1
krz	Kryz	Nakh-Daghestanian	Lezgic	Eurasia						1	1	1	1
ksa	Keresan (Santa Ana)	Keresan	Keresan	North America	5				6	1			7
kse	Koyraboro Senni	Songhay	Songhay	Africa	1	1	1	1	9	1	2	2	1
ksg	Karen (Sgaw)	Sino-Tibetan	Karen	Eurasia	1				9	1	2	2	2
ksm	Kasem	Niger-Congo	Grusi	Africa									2
ksn	Kasong	Austro-Asiatic	Pearic	Eurasia							2	2	2
kta	Koita	Trans-New Guinea	Koiarian	Papunesia	2				1	1	2	2	1
ktc	Katcha	Kadu	Kadugli	Africa	5				9	2	2	2	2
kte	Kete	Niger-Congo	Bantu	Africa							2	2	2
kti	Kati (in West Papua, Indonesia)	Trans-New Guinea	Ok	Papunesia						1		2	1
ktl	Katla	Kordofanian	Katla-Tima	Africa	4				9	2	2		2
ktu	Katu	Austro-Asiatic	Katuic	Eurasia						2	2	1	
kty	Khanty	Uralic	Ugric	Eurasia	2				1	1	1	1	1
kum	Kumauni	Indo-European	Indic	Eurasia					1	1	1	1	1
kun	Kuna	Chibchan	Kuna	South America						3			1
kuo	Kuot	Kuot	Kuot	Papunesia	4				9	2	2	1	3
kus	Kusunda	Kusunda	Kusunda	Eurasia									1
kut	Kutenai	Kutenai	Kutenai	North America	3	1	1	1	9	2	4	1	7
kuu	Kuuku Ya'u	Pama-Nyungan	Northern Pama-Nyungan	Australia							2	2	
kuv	Kuvi	Dravidian	Dravidian	Eurasia	2				1	1	1	1	1
kwa	Kwaio	Austronesian	Oceanic	Papunesia							2	1	2
kwb	Kwerba	Tor-Kwerba	Kwerba	Papunesia							2	2	
kwk	Kwakw'ala	Wakashan	Northern Wakashan	North America						2	1		7
kwm	Kwami	Afro-Asiatic	West Chadic	Africa						2	2		
kwn	Kwangali	Niger-Congo	Bantu	Africa	6					2	2	2	2
kwo	Kwoma	Sepik	Nukuma	Papunesia	2				6	1	1	1	1
kws	Kawaiisu	Uto-Aztecan	Northern Uto-Aztecan	North America	2				1	3	1		7
kwt	Kwomtari	Kwomtari	Kwomtari	Papunesia	2				6	1	3	2	1
kwy	Iwoyo	Niger-Congo	Bantu	Africa							2	3	2
kwz	Kwaza	Kwaza	Kwaza	South America	2				1	1	2		7
kxo	Kxoe	Khoe-Kwadi	Khoe-Kwadi	Africa						1	1	1	6
kya	Kuku-Yalanji	Pama-Nyungan	Northern Pama-Nyungan	Australia	2				1	3	2	1	1
kyk	Kyaka	Trans-New Guinea	Enga_Kewa-Huli	Papunesia	2				6		2	2	1
kyl	Kayah Li (Eastern)	Sino-Tibetan	Karen	Eurasia	1				9	1	2	2	2
kyn	Koyukon	Na-Dene	Athapaskan	North America						1	2	3	
kyo	Kanyok	Niger-Congo	Bantu	Africa						2	2	2	
kyp	Kayapó	Macro-Ge	Je Setentrional	South America					1				1
kyq	Kyuquot	Wakashan	Southern Wakashan	North America									3
kyr	Karkar-Yuri	Pauwasi	Eastern Pauwasi	Papunesia						1	3		1
kyz	Kayabí	Tupian	Maweti-Guarani	South America						1	2	1	1
kzy	Komi-Zyrian	Uralic	Permic	Eurasia					1	1	1	1	2
laa	Laal	Laal	Laal	Africa	2					2	2		2
lab	Labu	Austronesian	Oceanic	Papunesia						1	2	2	2
lac	Lacandón	Mayan	Mayan	North America	2					2	1	1	7
lad	Ladakhi	Sino-Tibetan	Bodic	Eurasia	2	1	1	1	1	1	2	2	1
laf	Lafofa	Kordofanian	Lafofa	Africa					9	3	3		
lag	Lagwan	Afro-Asiatic	Biu-Mandara	Africa	4					2	2	2	2
lah	Lahu	Sino-Tibetan	Burmese-Lolo	Eurasia	1	1	1	1	9	1	3	2	1
lai	Lai	Sino-Tibetan	Kuki-Chin	Eurasia	1				9	1	3	2	1
lak	Lak	Nakh-Daghestanian	Lak	Eurasia		4	2	2	1		1		
lal	Lalo	Sino-Tibetan	Burmese-Lolo	Eurasia	1				9	1	2	2	1
lan	Lango	Eastern Sudanic	Western Nilotic	Africa	4	1	1	1	9	2	2	2	2
lao	Lao	Tai-Kadai	Kam-Tai	Eurasia	1				9	2	2	2	2
lar	Laragia	Darwin Region	Laragiya	Australia	5				9	2	2	2	
lat	Latvian	Indo-European	Baltic	Eurasia	3	2	2	3	1	1	1	1	2
lav	Lavukaleve	Solomons East Papuan	Lavukaleve	Papunesia	3	3	2	3	1	1	2	2	1
lbu	Lunda	Niger-Congo	Bantu	Africa	5				2	2	2	2	2
lda	Luganda	Niger-Congo	Bantu	Africa	6				7	2	2	2	
ldo	Londo	Niger-Congo	Bantu	Africa						2	2	2	2
ldu	Lendu	Central Sudanic	Lendu	Africa	4				9	1	1	1	7
leb	Lebeo	Niger-Congo	Bantu	Africa							2	2	2
lec	Leko	Leko	Leko	South America	3				1			1	7
leg	Lega	Niger-Congo	Bantu	Africa									2
lel	Lele	Afro-Asiatic	East Chadic	Africa	2	2	2	3	9	3	2	2	2
len	Lenakel	Austronesian	Oceanic	Papunesia	5				9	2	2	2	2
lep	Lepcha	Sino-Tibetan	Himalayish	Eurasia	1	1	1	1	9	1	2	2	1
les	Lese	Central Sudanic	Mangbutu-Efe	Africa						3	2	2	7
let	Leti	Austronesian	Central Malayo-Polynesian	Papunesia						1	2	2	2
lew	Lewo	Austronesian	Oceanic	Papunesia	5				9	2	2	2	2
lez	Lezgian	Nakh-Daghestanian	Lezgic	Eurasia	2	1	1	1	1	1	1	1	1
lgi	Langi	Niger-Congo	Bantu	Africa						2	2	2	2
lgt	Logoti	Central Sudanic	Moru-Ma'di	Africa					9	1	2	2	7
lgu	Longgu	Austronesian	Oceanic	Papunesia	1				9	2	2	1	4
lho	Lhomi	Sino-Tibetan	Bodic	Eurasia	2				1				
lic	Hlai (Baoding)	Tai-Kadai	Hlai	Eurasia							2	1	2
lil	Lillooet	Salishan	Interior Salish	North America						2	1		3
lim	Limbu	Sino-Tibetan	Himalayish	Eurasia	2				1	1	1	1	
lin	Lingala	Niger-Congo	Bantu	Africa		5	3	3		2	2		2
lis	Lisu	Sino-Tibetan	Burmese-Lolo	Eurasia					9	1	2	2	1
lit	Lithuanian	Indo-European	Baltic	Eurasia	2				1	1	1	1	2
lkt	Lakhota	Siouan	Mississippi Valley Siouan	North America	5				9	3	2	2	1
llm	Lelemi	Niger-Congo	Na-Togo	Africa	6				9	1	2	2	2
lmb	Lamba	Niger-Congo	Bantu	Africa						2	2		7
lmg	Lamang	Afro-Asiatic	Biu-Mandara	Africa	2				9	2	2	2	3
lmh	Lamaholot	Austronesian	Central Malayo-Polynesian	Papunesia	5				9	3	2	2	2
lml	Limilngan	Darwin Region	Limilngan	Australia					1		2	2	7
lmn	Lamani	Indo-European	Indic	Eurasia	2				1	1	1	1	1
lmp	Lampung	Austronesian	Lampungic	Papunesia	1				9	2	2	1	2
lmu	Lamen	Austronesian	Oceanic	Papunesia						2	3	2	2
lnd	Linda	Niger-Congo	Ubangi	Africa	1				9	2	1	2	2
lng	Lengua	Mascoian	Mascoian	South America						1			
lon	Loniu	Austronesian	Oceanic	Papunesia	5				9	2	2	2	2
lot	Lotha	Sino-Tibetan	Central Naga	Eurasia	3				6	1	2	2	1
lou	Lou	Austronesian	Oceanic	Papunesia	1					2	2		2
luc	Lucazi	Niger-Congo	Bantu	Africa					2		2		2
lug	Lugbara	Central Sudanic	Moru-Ma'di	Africa	5				9	1	2	2	7
lui	Luiseño	Uto-Aztecan	Northern Uto-Aztecan	North America	2				1	1	2	1	7
lul	Lule	Lule	Lule	South America						1			
lun	Lungchang	Sino-Tibetan	Brahmaputran	Eurasia							3		
luo	Luo	Eastern Sudanic	Western Nilotic	Africa	4				9	2	2	2	2
luv	Luvale	Niger-Congo	Bantu	Africa	6	5	3	3		2	2	2	2
luy	Luyia	Niger-Congo	Bantu	Africa							2		
ma	Ma	Niger-Congo	Ubangi	Africa						2	1	2	2
maa	Maasai	Eastern Sudanic	Eastern Nilotic	Africa	5				3	2	2	2	3
mab	Maba	Maban	Maban	Africa	3				3	3	2	2	1
mac	Macushi	Cariban	Cariban	South America	2	2	3	2	1	1	2	1	7
mad	Ma'di	Central Sudanic	Moru-Ma'di	Africa	1				9	3	2	2	7
mae	Mae	Austronesian	Oceanic	Papunesia	1				9	2	2	2	2
mag	Magar	Sino-Tibetan	Himalayish	Eurasia					1	1		1	1
mai	Maithili	Indo-European	Indic	Eurasia	2				1		1	1	
maj	Majang	Eastern Sudanic	Majang	Africa	2				1	2	1	2	3
mak	Makah	Wakashan	Southern Wakashan	North America	1	1	1	1	9	3	3	3	3
mal	Malagasy	Austronesian	Barito	Africa	1	1	1	1	7	2	2	2	4
mam	Mam	Mayan	Mayan	North America	5				9	2	3	1	3
man	Mano	Mande	Eastern Mande	Africa	1				9	1	2	2	1
mao	Maori	Austronesian	Oceanic	Papunesia	1	1	1	1	9	2	2	2	3
map	Mapudungun	Araucanian	Araucanian	South America	2	1	1	1	1	1	1	1	2
mar	Maricopa	Hokan	Yuman	North America	4	1	1	1	6	1	2	2	1
mas	Masa	Afro-Asiatic	Masa	Africa						2	2	2	2
mau	Maung	Iwaidjan	Iwaidjan	Australia	5	5	2	2	9	1	1	1	2
maw	Maninka (Western)	Mande	Western Mande	Africa					1	1	2	2	1
max	Maxakalí	Macro-Ge	Maxakalian	South America									1
may	Maybrat	Maybrat	Maybrat	Papunesia	6	2	2	2	2	3	2	2	2
mba	Mba	Niger-Congo	Ubangi	Africa	5				1	1	2	2	2
mbe	Mbere	Niger-Congo	Bantu	Africa							2	2	2
mbi	Mbili	Niger-Congo	Wide Grassfields	Africa							2		2
mbl	Mbole	Niger-Congo	Bantu	Africa						2	2	2	
mbm	Mbum	Niger-Congo	Mbumic	Africa	1				9	2	2	2	2
mbo	Monumbo	Bogia	Bogia	Papunesia						1	2		
mbr	Mbara	Afro-Asiatic	Biu-Mandara	Africa	2					2	2	2	2
mbt	Mangbetu	Central Sudanic	Mangbetu	Africa	4				9	3	2	2	2
mby	Mbay	Central Sudanic	Bongo-Bagirmi	Africa	2				1	2	2	2	2
mcc	Mochica	Mochica	Mochica	South America	3				1	1	1		
mcd	Macedonian	Indo-European	Slavic	Eurasia						3	1		2
mch	Machiguenga	Arawakan	Pre-Andine Arawakan	South America					1	2	3		
mco	Mixe (Coatlán)	Mixe-Zoque	Mixe-Zoque	North America						1	1	1	
mcv	Mocoví	Guaicuruan	Qom	South America	4				9	3	3	1	2
mda	Mada (in Cameroon)	Afro-Asiatic	Biu-Mandara	Africa						2	2	2	2
mde	Mende	Mande	Western Mande	Africa	2				9	1	2	2	1
mdg	Mundang	Niger-Congo	Mbumic	Africa					9	2	2	2	2
mdl	Matngele	Eastern Daly	Eastern Daly	Australia							2	2	1
mdm	Madimadi	Pama-Nyungan	Southeastern Pama-Nyungan	Australia	2				1	1	1		7
mdn	Mandan	Siouan	Mandan	North America	3				1	1	2	2	1
mdo	Mbodomo	Niger-Congo	Gbaya-Manza-Ngbaka	Africa	3					2	1	2	2
mds	Manadonese	Austronesian	Malayo-Sumbawan	Papunesia					9		2	1	2
mdw	Mbosi	Niger-Congo	Bantu	Africa						2	2	2	2
mea	Meyah	East Bird's Head	East Bird's Head	Papunesia	5				9	1	2	2	2
mee	Me'en	Eastern Sudanic	South Surmic	Africa	2				1	2	2	2	2
meh	Mehri	Afro-Asiatic	Semitic	Eurasia	4				9	2	2	3	7
mei	Meithei	Sino-Tibetan	Manipuri	Eurasia	3	1	1	1	6	1	3	2	
mek	Mekens	Tupian	Tupari	South America	1				9	1	2		1
mem	Manem	Border	Border	Papunesia									1
men	Menomini	Algic	Algonquian	North America	4				1	1	3	1	7
mer	Meryam Mir	Eastern Trans-Fly	Eastern Trans-Fly	Papunesia	4				1	1	1	1	1
mey	Menya	Trans-New Guinea	Nuclear Angan	Papunesia					6	1	2	2	1
mga	Mondunga	Niger-Congo	Ubangi	Africa	4				9	2	2	2	2
mgg	Mangghuer	Altaic	Mongolic	Eurasia	2				6	1	1	1	1
mgh	Magahi	Indo-European	Indic	Eurasia					1				1
mgi	Magi	Trans-New Guinea	Mailuan	Papunesia								2	1
mgk	Mungaka	Niger-Congo	Wide Grassfields	Africa	6						2	3	2
mgo	Mongo	Niger-Congo	Bantu	Africa						2	2	2	2
mgq	Mango	Central Sudanic	Bongo-Bagirmi	Africa						2	2	2	
mgu	Musgu	Afro-Asiatic	Biu-Mandara	Africa	2				9	2	2	2	2
mhi	Marathi	Indo-European	Indic	Eurasia	2	3	2	3	1	1	1	1	1
mhk	Mehek	Sepik	Tama Sepik	Papunesia					1		2		
mhl	Miri (Hill):	Sino-Tibetan	Tani	Eurasia					1		2	2	
mhu	Mbalanhu	Niger-Congo	Bantu	Africa									2
mie	Mien	Hmong-Mien	Mienic	Eurasia	1				9	1	2	1	2
mii	Miisiirii	Eastern Sudanic	Taman	Africa					1	1	2		
mij	Miju	Sino-Tibetan	Kman-Meyor	Eurasia							2	2	1
mik	Mikir	Sino-Tibetan	Karbic	Eurasia	2				1	1	3	3	1
mil	Milang	Sino-Tibetan	Tani	Eurasia							1		
min	Minangkabau	Austronesian	Malayo-Sumbawan	Papunesia	1				9	2	2	1	7
mir	Miriwung	Jarrakan	Jarrakan	Australia					1		3		
mis	Miskito	Misumalpan	Misumalpan	North America	2					1	2	1	1
miy	Miya	Afro-Asiatic	West Chadic	Africa	2	2	2	3	9	2	2	2	7
miz	Mizo	Sino-Tibetan	Kuki-Chin	Eurasia	1				6	1	2	2	1
mka	Mauka	Mande	Western Mande	Africa	1				9	1	2	2	1
mkd	Makonde	Niger-Congo	Bantu	Africa							2	2	2
mke	Mekeo	Austronesian	Oceanic	Papunesia						1	2		
mkg	Mandinka (Gambian)	Mande	Western Mande	Africa						1	2	2	1
mkh	Mongol (Khamnigan)	Altaic	Mongolic	Eurasia	2				1				1
mki	Mikasuki	Muskogean	Muskogean	North America	3				1				1
mkj	Makasae	Greater West Bomberai	East Timor	Papunesia	1				9	3	2		1
mkl	Maklew	Bulaka River	Bulaka River	Papunesia						1		2	1
mkq	Mankon	Niger-Congo	Wide Grassfields	Africa									2
mku	Maranungku	Western Daly	Wagaydy	Australia	1				9	1	2	2	1
mkz	Makaa	Niger-Congo	Bantu	Africa							2		2
mla	Mambila	Niger-Congo	Mambiloid	Africa						2	2		2
mlg	Malgwa	Afro-Asiatic	Biu-Mandara	Africa	2				9	2	2	2	2
mlk	Malakmalak	Northern Daly	Northern Daly	Australia					1	3	2	2	
mlm	Mlabri (Minor)	Austro-Asiatic	Khmuic	Eurasia						1	2		2
mlt	Maltese	Afro-Asiatic	Semitic	Eurasia		2	2	3					
mlu	Maleu	Austronesian	Oceanic	Papunesia					9	3	2	2	2
mmb	Mangap-Mbula	Austronesian	Oceanic	Papunesia						3	2		2
mme	Mari (Meadow)	Uralic	Mari	Eurasia	2				1	1	1		
mmi	Mambai	Niger-Congo	Mbumic	Africa								2	
mmn	Mamanwa	Austronesian	Greater Central Philippine	Papunesia	1				9	2	3	1	3
mmv	Mamvu	Central Sudanic	Mangbutu-Efe	Africa	5					3	2	2	2
mmw	Mambwe	Niger-Congo	Bantu	Africa							2	2	
mna	Muna	Austronesian	Celebic	Papunesia	4				9	2	2	1	2
mnc	Manchu	Altaic	Tungusic	Eurasia	2				1		1		1
mnd	Mandarin	Sino-Tibetan	Chinese	Eurasia	2	1	1	1	9	1	1	1	2
mne	Maidu (Northeast)	Penutian	Maiduan	North America	2				1	1	1		1
mng	Manggarai	Austronesian	Central Malayo-Polynesian	Papunesia	1				9	2	2	1	2
mni	Moni	Trans-New Guinea	Paniai Lakes	Papunesia						1		2	1
mnm	Manam	Austronesian	Oceanic	Papunesia	3				6	2	2	2	1
mno	Mono (in United States)	Uto-Aztecan	Northern Uto-Aztecan	North America	2				1	1			1
mns	Mansi	Uralic	Ugric	Eurasia	2	1	1	1	1	1	1	1	1
mnt	Mentawai	Austronesian	Northwest Sumatra-Barrier Islands	Papunesia						2			
mnv	Minaveha	Austronesian	Oceanic	Papunesia						1	2	2	1
mny	Margany	Pama-Nyungan	Northern Pama-Nyungan	Australia	2	1	1	1	1	1			1
mnz	Munzombo	Niger-Congo	Ubangi	Africa						2	1	2	
moa	Mono-Alu	Austronesian	Oceanic	Papunesia						3	2	3	7
moe	Mordvin (Erzya)	Uralic	Mordvin	Eurasia	2				1		1		2
mof	Mofu-Gudur	Afro-Asiatic	Biu-Mandara	Africa						2	2	2	2
mog	Moghol	Altaic	Mongolic	Eurasia	2				1				1
moh	Mohawk	Iroquoian	Northern Iroquoian	North America	5				1	1		1	7
mok	Mokilese	Austronesian	Oceanic	Papunesia	3	1	1	1	9	3	2	2	2
mom	Mombum	Mombum	Mombum	Papunesia						1		2	1
mon	Mon	Austro-Asiatic	Monic	Eurasia	1				9	2	2	2	2
moo	Mooré	Niger-Congo	Oti-Volta	Africa	2				1	1	2	2	2
mor	Mor	Austronesian	South Halmahera - West New Guinea	Papunesia						1	2	2	2
mos	Mosetén	Mosetenan	Mosetenan	South America		2	2	3		1	3		2
mot	Motuna	South Bougainville	South Bougainville	Papunesia	2					1	2	2	
mou	Moru	Central Sudanic	Moru-Ma'di	Africa	3				9	2	2	2	7
mov	Movima	Movima	Movima	South America					7				7
mpa	Murrinh-Patha	Southern Daly	Murrinh-Patha	Australia						2	2		1
mpo	Mpongwe	Niger-Congo	Bantu	Africa							2	2	
mpr	Maipure	Arawakan	Alto-Orinoco	South America	4				9	1	2	1	2
mpt	Mian	Trans-New Guinea	Ok	Papunesia	2				6	1	2	2	1
mpu	Mpur	Mpur	Mpur	Papunesia							2	2	2
mqf	Momuna	Trans-New Guinea	Somahai	Papunesia					1				1
mra	Mara	Mangarrayi-Maran	Mara	Australia	5				2	3	2		7
mrc	Marchha	Sino-Tibetan	Bodic	Eurasia							1	1	1
mrd	Marind	Trans-New Guinea	Marind-Yaqay	Papunesia		4	2	2		1		3	1
mrg	Margi	Afro-Asiatic	Biu-Mandara	Africa	3				9	2	2	2	2
mrh	Marrithiyel	Western Daly	Bringen	Australia							2	2	1
mri	Moraori	Moraori	Moraori	Papunesia						1		2	1
mrl	Murle	Eastern Sudanic	South Surmic	Africa	3	1	1	1	1	2	2	2	3
mro	Moro	Kordofanian	Heiban	Africa	5				5	2	2	2	2
mrq	Marquesan	Austronesian	Oceanic	Papunesia						2	2	1	3
mrr	Maringarr	Western Daly	Bringen	Australia						1	2	2	1
mrs	Mairasi	Mairasic	Mairasic	Papunesia									1
mrt	Martuthunira	Pama-Nyungan	Western Pama-Nyungan	Australia	2	1	1	1	1	3	2	1	2
mru	Maru	Sino-Tibetan	Burmese-Lolo	Eurasia	1				9	1	2	2	1
mrw	Muruwari	Pama-Nyungan	Southeastern Pama-Nyungan	Australia	2				1	1	1		7
msc	Muisca	Chibchan	Chibcha-Duit	South America	3				1	1	2	2	1
msg	Mising	Sino-Tibetan	Tani	Eurasia	2				6	1	1	2	1
msk	Masakin	Kordofanian	Talodi	Africa	4				9	2	2	2	7
msl	Masalit	Maban	Maban	Africa	2				1	2	2	2	1
msm	Musom	Austronesian	Oceanic	Papunesia							2	2	2
msn	Maisin	Austronesian	Oceanic	Papunesia	5				6	1	2		1
msq	Musqueam	Salishan	Central Salish	North America						2	1	1	3
mss	Miwok (Southern Sierra)	Penutian	Miwok	North America	2	1	1	1		3	3	1	7
mtb	Matuumbi	Niger-Congo	Bantu	Africa	6					2	2	2	2
mto	Malto	Dravidian	Dravidian	Eurasia							1	1	1
mts	Matis	Pano-Tacanan	Panoan	South America	2				1	1	2	2	1
mtt	Massachusett	Algic	Algonquian	North America						2			7
mtu	Motu	Austronesian	Oceanic	Papunesia	2				9	1	2		1
mua	Makua	Niger-Congo	Bantu	Africa						2	2	2	2
mud	Mundani	Niger-Congo	Wide Grassfields	Africa						2	2	2	
mui	Muinane	Boran	Boran	South America	3				1				
mum	Mumuye	Niger-Congo	Mumuye-Yandang	Africa	1				9	3	2	2	2
mun	Mundari	Austro-Asiatic	Munda	Eurasia	2	2	3	2	9	1	1	1	1
mup	Mupun	Afro-Asiatic	West Chadic	Africa	1				9	2	2	2	2
mur	Mursi	Eastern Sudanic	South Surmic	Africa	3				1	2	2	2	2
mus	Mussau	Austronesian	Oceanic	Papunesia	1					2	1	1	2
mut	Mutsun	Penutian	Costanoan	North America	2				1	1			2
muu	Mundurukú	Tupian	Munduruku	South America									1
mwb	Manobo (Western Bukidnon)	Austronesian	Greater Central Philippine	Papunesia	6				9	2	1		3
mwe	Mwera	Niger-Congo	Bantu	Africa						2	2	2	2
mwo	Mwotlap	Austronesian	Oceanic	Papunesia					2		2	2	2
mxa	Mixtec (Atatlahuca)	Oto-Manguean	Mixtec	North America						2	2		
mxc	Mixtec (Chalcatongo)	Oto-Manguean	Mixtec	North America	6	5	2	2	9	2	2	1	3
mxe	Ifira-Mele	Austronesian	Oceanic	Papunesia						3	2	2	2
mxj	Mixtec (Jicaltepec)	Oto-Manguean	Mixtec	North America	4				9		2	1	3
mxo	Mixtec (Ocotepec)	Oto-Manguean	Mixtec	North America	1				9	2	2	1	3
mxp	Mixtec (Peñoles)	Oto-Manguean	Mixtec	North America	5				9	2	2	1	3
mxx	Mixe (Ayutla)	Mixe-Zoque	Mixe-Zoque	North America						1	1	1	7
mxy	Mixtec (Yosondúa)	Oto-Manguean	Mixtec	North America						2	2	1	3
myg	Mayogo	Niger-Congo	Ubangi	Africa						2	1	2	2
myi	Mangarrayi	Mangarrayi-Maran	Mangarrayi	Australia	4	3	2	2	5	3	2	3	5
mym	Malayalam	Dravidian	Dravidian	Eurasia						1	1	1	1
myn	Ma'anyan	Austronesian	Barito	Papunesia						2	2	2	2
myr	Matsés	Pano-Tacanan	Panoan	South America						1	2		1
mzc	Mazatec (Chiquihuitlán)	Oto-Manguean	Popolocan	North America							2		
mzh	Mazatec (Huautla)	Oto-Manguean	Popolocan	North America	3								7
mzn	Mazanderani	Indo-European	Iranian	Eurasia							1		
nab	Nabak	Trans-New Guinea	Huon	Papunesia	2				6	1	2	2	1
nad	Nadëb	Nadahup	Nadahup	South America						1			6
nag	Nagatman	Yale	Yale	Papunesia	2						3		1
nah	Nahali	Nahali	Nahali	Eurasia					1		1		
naj	Neo-Aramaic (Arbel Jewish)	Afro-Asiatic	Semitic	Eurasia	2				7	2	2	1	1
nak	Nakanai	Austronesian	Oceanic	Papunesia	3				9	2	2	3	2
nal	Nalik	Austronesian	Oceanic	Papunesia							2	2	2
nam	Namia	Sepik	Yellow River	Papunesia	4					1	2	2	1
nan	Nandi	Eastern Sudanic	Eastern Nilotic	Africa	4				3	2	2	2	3
nar	Nara (in Ethiopia)	Eastern Sudanic	Nara	Africa	2				6	1	2		1
nas	Nasioi	South Bougainville	South Bougainville	Papunesia	2				1	3	3	1	1
nat	Natchez	Natchez	Natchez	North America					6		2		1
nau	Nauruan	Austronesian	Oceanic	Papunesia							2		7
nav	Navajo	Na-Dene	Athapaskan	North America	6				9	1	2	1	1
nax	Naxi	Sino-Tibetan	Na-Qiangic	Eurasia							2	2	
nbd	Nubian (Dongolese)	Eastern Sudanic	Nubian	Africa	2	1	1	1	6	1	2	2	1
nbe	Ngombe	Niger-Congo	Bantu	Africa									2
nbm	Ngbaka (Ma'bo)	Niger-Congo	Ubangi	Africa									2
nbr	Ngäbere	Chibchan	Guaymiic	North America					1	1	2	2	1
nca	Nicobarese (Car)	Austro-Asiatic	Nicobarese	Eurasia	2	3	3	2	9	2	1	1	4
ncm	Ncàm	Niger-Congo	Oti-Volta	Africa						1	2	2	2
ndb	Ndebele	Niger-Congo	Bantu	Africa	6				2	2	2		2
nde	Nande	Niger-Congo	Bantu	Africa						2	2	2	
ndi	Ngbandi	Niger-Congo	Ubangi	Africa						2	2	2	2
ndj	Ndjébbana	Mangrida	Ndjébbana	Australia	4				1		2	2	7
ndo	Ndonga	Niger-Congo	Bantu	Africa	4				2	2	2	2	2
ndr	Nadroga	Austronesian	Oceanic	Papunesia						2	2		7
ndt	Ndut	Niger-Congo	Cangin	Africa	2					2	2	2	2
ndu	Ndumu	Niger-Congo	Bantu	Africa						2	2	2	2
ndy	Ndyuka	other	Creoles and Pidgins	South America	1	1	1	1	9	3	1	1	2
neh	Nehan	Austronesian	Oceanic	Papunesia						2	2	1	2
nep	Nepali	Indo-European	Indic	Eurasia	2				1	1	1	1	1
nev	Nevome	Uto-Aztecan	Tepiman	North America	4				9	1	1	1	1
new	Newari (Kathmandu)	Sino-Tibetan	Himalayish	Eurasia	2				1	1	1	2	1
ney	Neyo	Niger-Congo	Kru	Africa						1	2	2	7
nez	Nez Perce	Penutian	Sahaptian	North America	4	1	1	1	1	1	1	1	7
nga	Nganasan	Uralic	Samoyedic	Eurasia	2				1		1		1
ngb	Ngbaka (Minagende)	Niger-Congo	Gbaya-Manza-Ngbaka	Africa						2		2	2
ngd	Ngad'a	Austronesian	Central Malayo-Polynesian	Papunesia	1				9	2	2	3	2
ngg	Ngan'gityemerri	Southern Daly	Ngankikurungkurr	Australia		5	2	2	6		2	2	7
ngi	Ngiyambaa	Pama-Nyungan	Southeastern Pama-Nyungan	Australia	2	1	1	1	1	1	3		
ngj	Ngadjumaja	Pama-Nyungan	Western Pama-Nyungan	Australia	2				1		2		
ngk	Ngankikurungkurr	Southern Daly	Ngankikurungkurr	Australia					6		2	2	7
ngl	Ngalakan	Gunwinyguan	Eastern Gunwinyguan	Australia	3				1	3	2		7
ngm	Ngambay	Central Sudanic	Bongo-Bagirmi	Africa	3				1	2	2	2	2
ngn	Ngandi	Gunwinyguan	Eastern Gunwinyguan	Australia	4				1	3	2	2	
ngo	Ngoni	Niger-Congo	Bantu	Africa	6					2	2	2	2
ngt	Naga (Tangkhul)	Sino-Tibetan	Tangkhul-Maring	Eurasia	2				1	1	2	2	1
ngu	Nguna	Austronesian	Oceanic	Papunesia						2	2	2	2
ngw	Ngawun	Pama-Nyungan	Northern Pama-Nyungan	Australia	2				1		3	1	2
ngz	Ngizim	Afro-Asiatic	West Chadic	Africa	2				9	2	2	2	2
nha	Nhanda	Pama-Nyungan	Western Pama-Nyungan	Australia	2				1				7
nhh	Nahuatl (Huasteca)	Uto-Aztecan	Aztecan	North America	4					2	2	1	3
nhm	Nahuatl (Michoacán)	Uto-Aztecan	Aztecan	North America	5					3	2	1	2
nhn	Nahuatl (North Puebla)	Uto-Aztecan	Aztecan	North America							3	1	2
nht	Nahuatl (Tetelcingo)	Uto-Aztecan	Aztecan	North America	4	1	1	1	9	2	2	1	2
nia	Nias	Austronesian	Northwest Sumatra-Barrier Islands	Papunesia	6				2	2	2	3	4
nif	Niuafo'ou	Austronesian	Oceanic	Papunesia							2		3
nis	Nyishi	Sino-Tibetan	Tani	Eurasia	2				1	1	1	2	
niu	Niuean	Austronesian	Oceanic	Papunesia	1				9	2	2	1	3
niv	Nivkh	Nivkh	Nivkh	Eurasia	3	1	1	1	1	1	1	3	1
nkb	Ngalkbun	Gunwinyguan	Marne	Australia	3				1	2	2		1
nke	Nkem	Niger-Congo	Ekoid-Mbe	Africa							3		2
nkk	Nakkara	Mangrida	Nakkara	Australia							2		
nkn	Nkonya	Niger-Congo	Tano	Africa	6					1	2	2	2
nko	Nkore-Kiga	Niger-Congo	Bantu	Africa	6	5	3	3	9	2	2	2	2
nku	Nubian (Kunuz)	Eastern Sudanic	Nubian	Africa						1	2	2	1
nma	Naga (Mao)	Sino-Tibetan	Angami-Pochuri	Eurasia						1	2	2	1
nmb	Nambikuára (Southern)	Nambikuaran	Nambikuaran	South America	2				9				1
nmd	Samo	Trans-New Guinea	East Strickland	Papunesia									1
nmm	Manange	Sino-Tibetan	Bodic	Eurasia							3	3	
nnc	Nancowry	Austro-Asiatic	Nicobarese	Eurasia						2	2		7
nnd	Nend	Trans-New Guinea	Sogeram	Papunesia						3	2		1
nne	Nengone	Austronesian	Oceanic	Papunesia						2		1	2
nng	Nyanga	Niger-Congo	Bantu	Africa						2	2		2
nnk	Nankina	Trans-New Guinea	Finisterre	Papunesia						1	2	2	1
noc	Nocte	Sino-Tibetan	Brahmaputran	Eurasia	2				1	1	2	3	1
nog	Noghay	Altaic	Turkic	Eurasia	2				1		1		1
non	Noni	Niger-Congo	Beboid	Africa	4				2	2	2	2	2
noo	Noon	Niger-Congo	Cangin	Africa	2				9	2	2	2	2
nor	Norwegian	Indo-European	Germanic	Eurasia	2				1	3	1	1	2
nph	Nar-Phu	Sino-Tibetan	Bodic	Eurasia	3				6	1	2	2	
nrg	Nanerge	Niger-Congo	Senufo	Africa						1	2	2	
nse	Nsenga	Niger-Congo	Bantu	Africa							2		2
nsg	Nisgha	Tsimshianic	Tsimshianic	North America	1				9	2	1	1	3
nsn	Nisenan	Penutian	Maiduan	North America	2				1	1	1	3	
nti	Ngiti	Central Sudanic	Lendu	Africa	4				9	1	1	1	7
ntj	Ngaanyatjarra	Pama-Nyungan	Western Pama-Nyungan	Australia					1	1	2	2	1
nto	Ntomba	Niger-Congo	Bantu	Africa							2	2	2
ntu	Nenets	Uralic	Samoyedic	Eurasia	2	1	1	1	1	1	1	1	1
nua	Nuaulu	Austronesian	Central Malayo-Polynesian	Papunesia	5				9	1	2	2	2
nue	Nuer	Eastern Sudanic	Western Nilotic	Africa	2				4	2	2	2	7
nug	Nunggubuyu	Gunwinyguan	Nunggubuyu	Australia	4	5	2	3	1	3	3		7
nun	Nung (in Vietnam)	Tai-Kadai	Kam-Tai	Eurasia	1				9	2	2	1	2
nup	Nupe	Niger-Congo	Nupoid	Africa	1				9	2	2	2	2
nus	Nusu	Sino-Tibetan	Burmese-Lolo	Eurasia							2	2	1
nuu	Nuuchahnulth	Wakashan	Southern Wakashan	North America							3	3	7
nwd	Newar (Dolakha)	Sino-Tibetan	Himalayish	Eurasia	3				9	1	1	3	1
nya	Nyawaygi	Pama-Nyungan	Northern Pama-Nyungan	Australia					1				
nyh	Nyiha	Niger-Congo	Bantu	Africa		5	3	3			2	2	
nyi	Nyimang	Eastern Sudanic	Nyimang	Africa	2				1	1	2		1
nyk	Nyamkad	Sino-Tibetan	Bodic	Eurasia							2	2	1
nym	Nyamwezi	Niger-Congo	Bantu	Africa	6	5	3	3		2	2	2	7
nyn	Nyigina	Nyulnyulan	Nyulnyulan	Australia						3			7
nyr	Nyangumarda	Pama-Nyungan	Western Pama-Nyungan	Australia							3		
nyu	Nyulnyul	Nyulnyulan	Nyulnyulan	Australia	5				8		1	1	
nza	Nzakara	Niger-Congo	Ubangi	Africa	5				9	2	1	2	2
nze	Naga (Zeme)	Sino-Tibetan	Zemeic	Eurasia	1				9		2	2	
obg	Ogbronuagum	Niger-Congo	Central Delta	Africa	6				9		1	1	2
obo	Obolo	Niger-Congo	Lower Cross	Africa	6				9	2	3	2	2
ocu	Ocuilteco	Oto-Manguean	Matlatzincan	North America	6				2	3	1	1	2
oir	Oirat	Altaic	Mongolic	Eurasia					1				1
oji	Ojibwa (Eastern)	Algic	Algonquian	North America		2	3	2	1	1		1	7
oks	Oksapmin	Trans-New Guinea	Oksapmin	Papunesia					6	1	3	3	1
olo	Olo	Torricelli	Central Wapei	Papunesia	3				9	3	2	2	2
omh	Omaha	Siouan	Mississippi Valley Siouan	North America						1	2	2	1
omi	Ömie	Trans-New Guinea	Koiarian	Papunesia	2				1	1	2	2	
ond	Oneida	Iroquoian	Northern Iroquoian	North America	5	3	2	2	1	3			7
one	One	Torricelli	West Wapei	Papunesia					1	3			2
ong	Onge	South Andamanese	South Andamanese	Eurasia	3				1	1			1
ood	O'odham	Uto-Aztecan	Tepiman	North America	4				9	3	1	1	7
ora	Emai	Niger-Congo	Edoid	Africa								2	2
ord	Ordos	Altaic	Mongolic	Eurasia					1	1	1	1	1
orh	Oromo (Harar)	Afro-Asiatic	Lowland East Cushitic	Africa	2	2	2	3	1	2	2	2	1
ori	Orig	Kordofanian	Rashad	Africa						2	2	2	1
ork	Orok	Altaic	Tungusic	Eurasia	2	1	1	1	1	1	2	1	
oro	Orokaiva	Trans-New Guinea	Binanderean	Papunesia					9	1	2	2	1
orw	Oromo (Waata)	Afro-Asiatic	Lowland East Cushitic	Africa					1	2	2	2	1
ory	Orya	Tor-Kwerba	Tor-Orya	Papunesia					6	1	2		1
osa	Osage	Siouan	Mississippi Valley Siouan	North America	1				9	1	2		1
oss	Ossetic	Indo-European	Iranian	Eurasia	2				1	1	1	1	1
otm	Otomí (Mezquital)	Oto-Manguean	Otomian	North America	5	1	1	1		2	1	1	4
otr	Otoro	Kordofanian	Heiban	Africa	5				1	2	2	2	2
owi	Owininga	Left May	Left May	Papunesia						1		2	1
oya	Oriya	Indo-European	Indic	Eurasia	2				1			3	1
paa	Pa'a	Afro-Asiatic	West Chadic	Africa	2				9	2	1	2	2
pae	Páez	Páezan	Páezan	South America	2				6	1	2	1	1
pai	Paiwan	Austronesian	Paiwan	Papunesia	4	1	1	1	9	2	2	2	7
pal	Palauan	Austronesian	Palauan	Papunesia	5	1	1	1	9	2	1	1	2
pam	Pame	Oto-Manguean	Pamean	North America	5				9		2	1	2
pan	Panjabi	Indo-European	Indic	Eurasia	2	2	2	3	1	1	1	1	1
par	Päri	Eastern Sudanic	Western Nilotic	Africa	3				1	2	2	2	5
pat	Patep	Austronesian	Oceanic	Papunesia						1	2	2	2
pau	Paumarí	Arauan	Arauan	South America	4	4	2	2	6	1	2	2	2
paw	Pawaian	Teberan-Pawaian	Pawaian	Papunesia	2				9		1	2	1
pba	Pima Bajo	Uto-Aztecan	Tepiman	North America	3				1	1	1	1	1
pdp	Folopa	Teberan-Pawaian	Teberan	Papunesia	2				6	1	3	3	1
per	Pero	Afro-Asiatic	West Chadic	Africa	4				9	2	2	2	2
pga	Pilagá	Guaicuruan	Qom	South America	5				9	2	2		2
pia	Piaroa	Sáliban	Maco-Piaroa	South America	3				1	1	2	2	
pil	Pileni	Austronesian	Oceanic	Papunesia		1	1	1					
pip	Pipil	Uto-Aztecan	Aztecan	North America	4	1	1	1	9	2	1	1	7
pir	Piro	Arawakan	Purus	South America	3				1	1	2	1	1
pis	Pisa	Trans-New Guinea	Awju	Papunesia						1		2	1
pit	Pitjantjatjara	Pama-Nyungan	Western Pama-Nyungan	Australia		1	1	1	6	1	2	2	
pkn	Paakantyi	Pama-Nyungan	Central Pama-Nyungan	Australia	2				1		1	1	2
pkt	Pokot	Eastern Sudanic	Southern Nilotic	Africa	3				1	2	2	2	3
plg	Palaung	Austro-Asiatic	Palaungic	Eurasia						2	2	3	2
plh	Paulohi	Austronesian	Central Malayo-Polynesian	Papunesia	4				9	1	2	2	2
plk	Palikur	Arawakan	Palikur	South America	2				9	1	2	1	2
pmc	Pomo (Central)	Hokan	Pomoan	North America		1	1	1					
pme	Pomo (Eastern)	Hokan	Pomoan	North America	2				1	1			1
pmn	Pomo (Northern)	Hokan	Pomoan	North America						1		1	
pms	Paamese	Austronesian	Oceanic	Papunesia	5				9	2	2	2	2
png	Pangwa	Niger-Congo	Bantu	Africa							2		2
pnn	Pangasinan	Austronesian	Northern Luzon	Papunesia						2	3	1	3
pno	Paiute (Northern)	Uto-Aztecan	Northern Uto-Aztecan	North America	2					1	1	1	1
pnu	Bunu (Younuo)	Hmong-Mien	Hmongic	Eurasia	1				9	1	2	1	2
pnx	Panará	Macro-Ge	Je Setentrional	South America						1	2	2	7
pny	Panyjima	Pama-Nyungan	Western Pama-Nyungan	Australia					1	3	3	1	7
pod	Podoko	Afro-Asiatic	Biu-Mandara	Africa						2	3	2	3
pog	Pogoro	Niger-Congo	Bantu	Africa									2
poh	Pohnpeian	Austronesian	Oceanic	Papunesia	3				9	3	2	2	2
pok	Poko-Rawo	Skou	Serra Hills	Papunesia	1				9	1	2	2	7
pol	Polish	Indo-European	Slavic	Eurasia	2				1	2	1	1	2
por	Portuguese	Indo-European	Romance	Eurasia	2				9	2	2		2
ppc	Piapoco	Arawakan	Japura-Colombia	South America						1		1	
ppi	Pitta Pitta	Pama-Nyungan	Central Pama-Nyungan	Australia	2	2	2	2	1	1	2		7
pra	Prasuni	Indo-European	Nuristani	Eurasia					2	1	1	1	1
pre	Pare	Niger-Congo	Bantu	Africa	6					2	2	2	2
prh	Pirahã	Mura	Mura	South America	2	4	2	2	1	1	2	2	1
prk	Purki	Sino-Tibetan	Bodic	Eurasia	2				1		1	2	1
prs	Persian	Indo-European	Iranian	Eurasia	3	1	1	1	9	2	2	1	1
psh	Pashto	Indo-European	Iranian	Eurasia	2	2	2	3	1	1	1	1	1
psm	Passamaquoddy-Maliseet	Algic	Algonquian	North America		2	3	2	1				7
pso	Pomo (Southeastern)	Hokan	Pomoan	North America	2				1	1		1	1
psw	Port Sandwich	Austronesian	Oceanic	Papunesia					9	2	2	2	2
ptt	Pattani	Sino-Tibetan	Bodic	Eurasia					1	1	1	1	1
ptw	Patwin	Penutian	Wintuan	North America	2				1				7
pul	Puluwat	Austronesian	Oceanic	Papunesia	1					1	2	1	2
pum	Pumi	Sino-Tibetan	Na-Qiangic	Eurasia	2				9	1	2	2	1
pun	Pungupungu	Wandjiginy	Wandjiginy	Australia						1	2	2	1
puq	Puquina	Puquina	Puquina	South America					1				
pur	Purépecha	Tarascan	Tarascan	North America	2				1	3	2	1	2
pwn	Pawnee	Caddoan	Northern Caddoan	North America	4				1	1		1	
qaf	Qafar	Afro-Asiatic	Lowland East Cushitic	Africa		2	2	3		1	1	1	1
qaw	Qawasqar	Alacalufan	Alacalufan	South America	2					1		3	
qhu	Quechua (Huallaga)	Quechuan	Quechuan	South America	2				6	1	1	1	1
qia	Qiang	Sino-Tibetan	Na-Qiangic	Eurasia	3				6	1	2	2	
qim	Quechua (Imbabura)	Quechuan	Quechuan	South America	2	1	1	1	1	1	1	1	1
qui	Quileute	Chimakuan	Chimakuan	North America	3				1	2	1	1	3
qum	Sipakapense	Mayan	Mayan	North America	6				9	2	1	1	3
rag	Raga	Austronesian	Oceanic	Papunesia						2	2	2	2
ral	Ralte	Sino-Tibetan	Kuki-Chin	Eurasia						1	2	2	1
ram	Rama	Chibchan	Rama	North America	4	1	1	1	9	1	2	2	1
rao	Rao	Ramu-Lower Sepik	Rao	Papunesia						1	2		1
rap	Rapanui	Austronesian	Oceanic	Papunesia	1	1	1	1	9	2	2	1	3
ras	Rashad	Kordofanian	Rashad	Africa	5				9	2	2		1
raw	Rawang	Sino-Tibetan	Nungish	Eurasia	1				9	1	2	2	1
rem	Remo	Austro-Asiatic	Munda	Eurasia	2				1	1	1	1	
ren	Rendille	Afro-Asiatic	Lowland East Cushitic	Africa		2	2	3					
res	Resígaro	Arawakan	Japura-Colombia	South America	4				6	1	1	1	1
ret	Retuarã	Tucanoan	Tucanoan	South America		3	2	2	6	1	1	1	1
rga	Ronga	Niger-Congo	Bantu	Africa						2	2	3	2
rgc	rGyalrong (Caodeng)	Sino-Tibetan	Na-Qiangic	Eurasia						1	2	2	1
ria	Riantana	Kolopom	Kolopom	Papunesia									1
rik	Rikbaktsa	Macro-Ge	Rikbaktsa	South America									1
rim	Rimi	Niger-Congo	Bantu	Africa									2
rit	Ritharngu	Pama-Nyungan	Western Pama-Nyungan	Australia	2				1				7
rji	Raji	Sino-Tibetan	Raji-Raute	Eurasia							3		
rmb	Rembarnga	Gunwinyguan	Eastern Gunwinyguan	Australia					1				1
rny	Runyankore	Niger-Congo	Bantu	Africa	6					2	2	2	2
rom	Romanian	Indo-European	Romance	Eurasia	2				1	2	2	1	2
ron	Ron	Afro-Asiatic	West Chadic	Africa						2		2	2
rot	Rotuman	Austronesian	Oceanic	Papunesia	1				9	2	2	2	2
rov	Roviana	Austronesian	Oceanic	Papunesia						2	2	1	3
rpa	Rang Pas	Sino-Tibetan	Bodic	Eurasia							1	1	1
rru	Runyoro-Rutooro	Niger-Congo	Bantu	Africa							2		2
rsu	Romansch (Sursilvan)	Indo-European	Romance	Eurasia						2	2	1	2
ruk	Rukai (Tanan)	Austronesian	Rukai	Papunesia	4				9	2	3	1	7
rum	Rumu	Trans-New Guinea	Turama-Kikorian	Papunesia	2				9	1	2	2	1
run	Runga	Maban	Maban	Africa	4				9	1	2	3	1
rus	Russian	Indo-European	Slavic	Eurasia	2	3	2	3	1	2	1	1	2
rut	Rutul	Nakh-Daghestanian	Lezgic	Eurasia	3				1	1	1	1	1
rwa	Rawa	Trans-New Guinea	Finisterre	Papunesia							2	2	1
rwe	Romani (Welsh)	Indo-European	Indic	Eurasia	2				1	1	1	1	7
saa	Sa'a	Austronesian	Oceanic	Papunesia	1				9	2	2	1	
sah	Sahu	North Halmaheran	North Halmaheran	Papunesia	6				9	1	2	2	2
sak	Sakao	Austronesian	Oceanic	Papunesia	5					2	2	2	2
sal	Salinan	Hokan	Salinan	North America	4				7	2	3	1	2
sam	Samoan	Austronesian	Oceanic	Papunesia	1				9	2	2	3	7
san	Sango	Niger-Congo	Ubangi	Africa	6	1	1	1	9	2	1	2	2
sap	Sapuan	Austro-Asiatic	Bahnaric	Eurasia							2		2
sar	Sare	Sepik	Sepik Hill	Papunesia					6	1	1	1	1
sav	Savi	Indo-European	Indic	Eurasia	2				1	1	1		1
saw	Sawu	Austronesian	Central Malayo-Polynesian	Papunesia		1	1	1					
scr	Serbian-Croatian	Indo-European	Slavic	Eurasia	2				1	3	1	1	2
sdw	Sandawe	Sandawe	Sandawe	Africa	2				6	1	2	2	1
sea	Southeast Ambrym	Austronesian	Oceanic	Papunesia							2		2
seb	Sebei	Eastern Sudanic	Southern Nilotic	Africa						2	2	2	3
sec	Secoya	Tucanoan	Tucanoan	South America						1	1	1	
sed	Sedang	Austro-Asiatic	Bahnaric	Eurasia	1				9	2	2	1	2
see	Seediq	Austronesian	Atayalic	Papunesia						2	3	1	4
sel	Selknam	Chonan	Chonan Proper	South America							1		5
sem	Sema	Sino-Tibetan	Angami-Pochuri	Eurasia	3				6	1	2	2	
sen	Sena	Niger-Congo	Bantu	Africa							2		
ser	Seri	Hokan	Seri	North America	6				9	1	4	2	1
ses	Sesotho	Niger-Congo	Bantu	Africa						2	2		2
sgb	Sougb	East Bird's Head	East Bird's Head	Papunesia						1	2	2	2
sgl	Sengele	Niger-Congo	Bantu	Africa									2
sgu	Sangu	Niger-Congo	Bantu	Africa						2	2	2	2
sha	Shan	Tai-Kadai	Kam-Tai	Eurasia						2			2
shb	Shabo	Shabo	Shabo	Africa					1		1	1	1
she	Sherpa	Sino-Tibetan	Bodic	Eurasia						1	2	2	1
shh	Sharanahua	Pano-Tacanan	Panoan	South America					1				1
shi	Shiriana	Yanomam	Yanomam	South America	2				1	1	2	1	1
shk	Shipibo-Konibo	Pano-Tacanan	Panoan	South America	2	1	1	1	6	1	3	1	1
shl	Shilluk	Eastern Sudanic	Western Nilotic	Africa	4				3	2	2	2	2
shm	Shambala	Niger-Congo	Bantu	Africa	6						2		2
shn	Shona	Niger-Congo	Bantu	Africa	6	5	3	3		2	2	2	2
sho	Shoshone	Uto-Aztecan	Northern Uto-Aztecan	North America	2				1		1		1
shp	Klikitat	Penutian	Sahaptian	North America	3				1		1	1	3
shs	Shasta	Hokan	Shasta	North America									7
sht	Shatt	Eastern Sudanic	Daju	Africa	3				9	2	2	2	2
shu	Shuswap	Salishan	Interior Salish	North America	4				2	2			7
shy	Shira Yughur	Altaic	Mongolic	Eurasia					1				
sia	Siane	Trans-New Guinea	Siane-Yagaria	Papunesia	2				1	1	2		1
sid	Sidaama	Afro-Asiatic	Highland East Cushitic	Africa	2				5	1	1	1	1
sil	Sila	Eastern Sudanic	Daju	Africa					9	2	2		1
sim	Simeulue	Austronesian	Northwest Sumatra-Barrier Islands	Papunesia					9	2	2		
sin	Siona	Tucanoan	Tucanoan	South America	2				1	1	1	1	
sio	Sio	Austronesian	Oceanic	Papunesia	4				9	1	2	2	2
sir	Siar	Austronesian	Oceanic	Papunesia						2	1	1	2
sis	Sisiqa	Austronesian	Oceanic	Papunesia	1				9	2	2	1	2
siu	Siuslaw	Oregon Coast	Siuslawan	North America	2				5	3	1	1	7
skk	Sikkimese	Sino-Tibetan	Bodic	Eurasia	1				6	1	2	2	
skm	Sukuma	Niger-Congo	Bantu	Africa									2
sko	Skou	Skou	Western Skou	Papunesia					6	1	2	2	1
skp	Selkup	Uralic	Samoyedic	Eurasia	2				1	1	1	1	1
sku	Suku	Niger-Congo	Bantu	Africa							2	2	2
skw	Shekhawati	Indo-European	Indic	Eurasia									1
sla	Slave	Na-Dene	Athapaskan	North America	6				9	1	2	2	1
slb	Saliba (in Papua New Guinea)	Austronesian	Oceanic	Papunesia	3				9	1	2	2	1
sle	Samba Leko	Niger-Congo	Samba-Duru	Africa						1	2	2	2
slo	Slovene	Indo-European	Slavic	Eurasia	2				1	3	1	1	2
slp	Selepet	Trans-New Guinea	Huon	Papunesia	2				1	1	2	2	
sme	Seme	Siamou	Siamou	Africa						1	2		1
sml	Semelai	Austro-Asiatic	Aslian	Eurasia		1	1	1	9	2	2	1	7
smn	Seminole	Muskogean	Muskogean	North America	3					1	2	2	1
smp	Shompen	Shompen	Shompen	Eurasia							1	1	3
smt	Sahaptin (Umatilla)	Penutian	Sahaptian	North America		1	1	1					
sna	Shina	Indo-European	Indic	Eurasia	2				1	1	1	1	1
snc	Seneca	Iroquoian	Northern Iroquoian	North America		3	2	2					7
sng	Sinaugoro	Austronesian	Oceanic	Papunesia	5				6	1	2	2	1
snh	Sinhala	Indo-European	Indic	Eurasia					1		1	3	1
snm	Sanuma	Yanomam	Yanomam	South America	1				6	1	2		1
snn	Soninke	Mande	Western Mande	Africa							2		1
sno	Saami (Northern)	Uralic	Saami	Eurasia	2				1	1	1		2
snt	Sentani	Sentanic	Sentanic	Papunesia	2	1	1	1	9	1	2	2	1
so	So	Eastern Sudanic	Kuliak	Africa	3				1	2	2	2	3
sob	Sobei	Austronesian	Oceanic	Papunesia	4				9	1	2	2	2
sod	Soddo	Afro-Asiatic	Semitic	Africa						1	1		1
som	Somali	Afro-Asiatic	Lowland East Cushitic	Africa	2				9	3	2	1	1
son	Sonsorol-Tobi	Austronesian	Oceanic	Papunesia	1				9	2	3	1	2
sor	Sora	Austro-Asiatic	Munda	Eurasia					1				
spa	Spanish	Indo-European	Romance	Eurasia	2	2	2	3	9	2	2	1	2
spi	Spitian	Sino-Tibetan	Bodic	Eurasia							2	2	1
squ	Squamish	Salishan	Central Salish	North America	2				7	2	1	1	3
srb	Sorbian	Indo-European	Slavic	Eurasia							1		1
src	Sarcee	Na-Dene	Athapaskan	North America	5				9	1	2	1	1
srd	Sardinian	Indo-European	Romance	Eurasia	2						2	1	2
sre	Sre	Austro-Asiatic	Bahnaric	Eurasia						2	2	1	2
srn	Sirionó	Tupian	Maweti-Guarani	South America	5	1	1	1		1	2		1
sro	Siroi	Trans-New Guinea	Rai Coast	Papunesia	2				6	1	2	2	1
ssa	Sisaala	Niger-Congo	Grusi	Africa									2
sta	Santa	Altaic	Mongolic	Eurasia	2				1	1	1	1	1
sti	Stieng	Austro-Asiatic	Bahnaric	Eurasia	1				9	2	2	3	2
stl	Santali	Austro-Asiatic	Munda	Eurasia	2				1	1	1	1	1
stn	Sotho (Northern)	Niger-Congo	Bantu	Africa						2			2
sud	Sudest	Austronesian	Oceanic	Papunesia						1	2	2	2
sue	Suena	Trans-New Guinea	Binanderean	Papunesia	2	1	1	1	1	1	2	2	1
sug	Sungor	Eastern Sudanic	Taman	Africa						1	2		
suk	Suki	Trans-New Guinea	Suki	Papunesia	2				1	1	1	3	1
sul	Sulka	Sulka	Sulka	Papunesia	6				9	3	2	2	2
sun	Sundanese	Austronesian	Malayo-Sumbawan	Papunesia	1				9	2	2	1	2
sup	Supyire	Niger-Congo	Senufo	Africa	3	5	3	3	9	1	2	2	1
sus	Susu	Mande	Western Mande	Africa						1			1
svs	Savosavo	Solomons East Papuan	Savosavo	Papunesia	2				6	1	1	1	1
swa	Swahili	Niger-Congo	Bantu	Africa	5	5	3	3	5	2	2	2	2
swe	Swedish	Indo-European	Germanic	Eurasia	2				9	1	1	1	2
swt	Swati	Niger-Congo	Bantu	Africa						2	3	3	7
syu	Salt-Yui	Trans-New Guinea	Chimbu-Wahgi	Papunesia	2				9		2		1
tab	Taba	Austronesian	South Halmahera - West New Guinea	Papunesia	1	1	1	1	9	1	2	2	2
tac	Tacana	Pano-Tacanan	Tacanan	South America	2				9	1	3		7
taf	Taiof	Austronesian	Oceanic	Papunesia						2	2	1	2
tag	Tagalog	Austronesian	Greater Central Philippine	Papunesia	1	2	2	2		2	3	1	3
tah	Tahitian	Austronesian	Oceanic	Papunesia	1				9	3	2	3	3
tai	Tuareg (Air)	Afro-Asiatic	Berber	Africa						2			
taj	Tajik	Indo-European	Iranian	Eurasia	3				9	2	2	1	1
tak	Takia	Austronesian	Oceanic	Papunesia	4					1	2		1
tal	Talinga	Niger-Congo	Bantu	Africa					2				2
tam	Tamang (Eastern)	Sino-Tibetan	Bodic	Eurasia	2				6	1	1	2	1
tan	Tangale	Afro-Asiatic	West Chadic	Africa									2
tao	Tarao	Sino-Tibetan	Kuki-Chin	Eurasia	3				1		2	2	1
tap	Taiap	Taiap	Taiap	Papunesia		2	2	2					
tar	Tariana	Arawakan	Japura-Colombia	South America	4				6	1	3	1	1
tas	Tashlhiyt	Afro-Asiatic	Berber	Africa	5				2	2			7
tat	Tatana'	Austronesian	North Borneo	Papunesia						2	2	1	
tau	Tauya	Trans-New Guinea	Rai Coast	Papunesia	3				6	1	2	2	1
taw	Tawala	Austronesian	Oceanic	Papunesia	5				9	1	2	2	1
tba	Tabare	Trans-New Guinea	Chimbu-Wahgi	Papunesia						1	2	2	1
tbl	Tabla	Sentanic	Sentanic	Papunesia							2	2	1
tbo	Tboli	Austronesian	Bilic	Papunesia	5				9	2	2	1	3
tbt	Tobati	Austronesian	Oceanic	Papunesia					6	1	2	2	6
tbu	Tubu	Saharan	Western Saharan	Africa	2				9	2	2	2	1
tbw	Tabwa	Niger-Congo	Bantu	Africa						2	2	2	2
tbx	Tangbe	Sino-Tibetan	Bodic	Eurasia					6				
tce	Tarahumara (Central)	Uto-Aztecan	Tarahumaran	North America					1		1		1
tdi	Tibetan (Dingri)	Sino-Tibetan	Bodic	Eurasia						1	2	2	1
tdr	Tibetan (Drokpa)	Sino-Tibetan	Bodic	Eurasia							2	2	1
tee	Tepehua (Huehuetla)	Totonacan	Totonacan	North America	5				2	2	1	1	7
tel	Telugu	Dravidian	Dravidian	Eurasia	2				1	1	1	1	1
ten	Tennet	Eastern Sudanic	South Surmic	Africa	3				1	2	2	2	3
teo	Teop	Austronesian	Oceanic	Papunesia	1				9	2	2	1	2
tep	Tepehua (Tlachichilco)	Totonacan	Totonacan	North America	4				2	2	1	1	2
ter	Tera	Afro-Asiatic	Biu-Mandara	Africa	2				9	2	2	2	2
tes	Teso	Eastern Sudanic	Eastern Nilotic	Africa	6				2	2	2	2	3
tet	Tetela	Niger-Congo	Bantu	Africa						2		2	2
tgh	Tuareg (Ghat)	Afro-Asiatic	Berber	Africa	5				9	2		1	
tgk	Tigak	Austronesian	Oceanic	Papunesia	1				9	2	2	1	2
tgl	Tshangla	Sino-Tibetan	Bodic	Eurasia	2				6	1	1	2	1
tgn	Tugun	Austronesian	Central Malayo-Polynesian	Papunesia						1	2	2	2
tgo	Tsogo	Niger-Congo	Bantu	Africa							2	2	
tgr	Tigré	Afro-Asiatic	Semitic	Africa	3	2	2	3	9	2	1	1	1
tha	Thai	Tai-Kadai	Kam-Tai	Eurasia	1	1	1	1	9	2	2	2	2
thd	Thadou	Sino-Tibetan	Kuki-Chin	Eurasia							2	2	
thk	Thakali	Sino-Tibetan	Bodic	Eurasia						1	1	2	1
thn	Thangmi	Sino-Tibetan	Himalayish	Eurasia	2				1	1	1	1	1
tho	Thompson	Salishan	Interior Salish	North America		1	1	1		1	1	1	7
thu	Thulung	Sino-Tibetan	Himalayish	Eurasia					1	1	1	1	1
thy	Kuuk Thaayorre	Pama-Nyungan	Northern Pama-Nyungan	Australia	1				8	2	2	2	1
tia	Tima	Kordofanian	Katla-Tima	Africa					9	2	2		2
tib	Tibetan (Standard Spoken)	Sino-Tibetan	Bodic	Eurasia		1	1	1		1	2	2	1
tic	Ticuna	Ticuna	Ticuna	South America	4				1	3		1	7
tid	Tidore	North Halmaheran	North Halmaheran	Papunesia	6	3	2	2	9	1	2	2	2
tig	Tigrinya	Afro-Asiatic	Semitic	Africa					7	3	1		1
tik	Tikar	Niger-Congo	Tikar	Africa						2	2	2	7
tim	Timugon	Austronesian	North Borneo	Papunesia	1				9	2	2	1	3
tin	Tinrin	Austronesian	Oceanic	Papunesia	1				9	2	1	1	7
tir	Tiriyo	Cariban	Cariban	South America	4				9	1			5
tis	Tibetan (Shigatse)	Sino-Tibetan	Bodic	Eurasia						1	3	2	
tiv	Tiv	Niger-Congo	Tivoid	Africa						2	3		2
tiw	Tiwi	Tiwian	Tiwian	Australia	6	2	2	2	9	1	1	1	2
tja	Tiipay (Jamul)	Hokan	Yuman	North America	5				6	1	4		1
tki	Tuki	Niger-Congo	Bantu	Africa									2
tkl	Takelma	Takelma	Takelma	North America	3				2	1	2	2	1
tkm	Turkmen	Altaic	Turkic	Eurasia						1	1	1	1
tla	Tolai	Austronesian	Oceanic	Papunesia	1				9	2	3	1	2
tlf	Telefol	Trans-New Guinea	Ok	Papunesia						1	2	2	1
tli	Tlingit	Na-Dene	Tlingit	North America	4				1	1	3	1	1
tlo	Tobelo	North Halmaheran	North Halmaheran	Papunesia	4				1	1		2	1
tlp	Tlapanec	Oto-Manguean	Subtiaba-Tlapanec	North America	4				1	2	2	1	3
tls	Talysh (Southern)	Indo-European	Iranian	Eurasia						1	1	1	
tma	Tama	Eastern Sudanic	Taman	Africa	3				1	1	2		1
tmc	Timucua	Timucua	Timucua	North America									1
tmg	Tamagario	Kayagar	Kayagar	Papunesia					9				1
tml	Tamil	Dravidian	Dravidian	Eurasia	2	3	2	2	1	1	1	1	1
tmm	Tamabo	Austronesian	Oceanic	Papunesia						2	2	2	2
tmn	Temein	Eastern Sudanic	Temein	Africa	5				1	2	2	2	2
tmo	Tibetan (Modern Literary)	Sino-Tibetan	Bodic	Eurasia	2				6	1	2	2	1
tmr	Temiar	Austro-Asiatic	Aslian	Eurasia	6				2		2		2
tna	Turkana	Eastern Sudanic	Eastern Nilotic	Africa	6				5	2	2	2	3
tnb	Tunebo	Chibchan	Tunebo	South America						1			
tnc	Tanacross	Na-Dene	Athapaskan	North America	6				9	1	2		
tne	Temne	Niger-Congo	Northern Mel	Africa	4					2	2	2	2
tng	Tongan	Austronesian	Oceanic	Papunesia	1				9	2	2	2	7
tni	Tinani	Sino-Tibetan	Bodic	Eurasia							1	1	1
tnk	Tungak	Austronesian	Oceanic	Papunesia						2	2	1	2
tnn	Tunen	Niger-Congo	Bantu	Africa	3				9	2	2	2	1
tno	Tondano	Austronesian	Minahasan	Papunesia	5					2	2	3	7
tny	Tenyer	Niger-Congo	Senufo	Africa	2						2		
tob	Toba	Guaicuruan	Qom	South America	4				9	2	1	1	7
tod	Tod	Sino-Tibetan	Bodic	Eurasia									1
tol	Tol	Tol	Tol	North America		1	1	1					
ton	Tonkawa	Tonkawa	Tonkawa	North America	3				6	1	2		7
tot	Totonac (Misantla)	Totonacan	Totonacan	North America	4	1	1	1	9		3		
tou	Southern Toussian	Niger-Congo	Tusia	Africa	5					1		2	
toz	Tonga (in Zambia)	Niger-Congo	Bantu	Africa	6				2	2	2	2	2
tpn	Tepehuan (Northern)	Uto-Aztecan	Tepiman	North America	4				1	1	3	1	3
tpr	Tupuri	Niger-Congo	Mbumic	Africa							2	2	2
tps	Tepehuan (Southeastern)	Uto-Aztecan	Tepiman	North America							2		
tpt	Tapieté	Tupian	Maweti-Guarani	South America	4				1	1		1	1
trb	Teribe	Chibchan	Western Isthmic Chibchan	North America	2				9	1	2	2	1
tri	Trique (Copala)	Oto-Manguean	Trique	North America	4				9	2	2	1	3
trm	Tirmaga	Eastern Sudanic	South Surmic	Africa	2				1				2
trr	Tairora	Trans-New Guinea	Tairora	Papunesia	2				1	1	3	2	1
trt	Ternate	North Halmaheran	North Halmaheran	Papunesia						1			
tru	Trumai	Trumai	Trumai	South America	2				1	1	3	1	7
trw	Torwali	Indo-European	Indic	Eurasia						1	1	1	1
tsf	Tsafiki	Barbacoan	Barbacoan	South America					6	1	1	1	1
tsg	Tausug	Austronesian	Greater Central Philippine	Papunesia						2	2		
tsh	Tümpisa Shoshone	Uto-Aztecan	Northern Uto-Aztecan	North America	2	1	1	1	1	1	1	1	1
tsi	Tsimshian (Coast)	Tsimshianic	Tsimshianic	North America	3	1	1	1		2	1	1	3
tsk	Tamashek	Afro-Asiatic	Berber	Africa	4				2	2	2	1	3
tsm	Tasmanian	Tasmanian	Tasmanian	Australia						1	2		
tsr	Taushiro	Taushiro	Taushiro	South America									3
tsz	Tsez	Nakh-Daghestanian	Avar-Andic-Tsezic	Eurasia	3	4	2	3	1	1	1	1	1
ttd	Tetun Dili	Austronesian	Central Malayo-Polynesian	Papunesia						1	2	2	2
tte	Tutelo	Siouan	Ohio Valley Siouan	North America	4				9	1		2	1
ttn	Tetun	Austronesian	Central Malayo-Polynesian	Papunesia	1				9	1	2	2	2
tts	Tati (Southern)	Indo-European	Iranian	Eurasia						1	1		
ttu	Tsova-Tush	Nakh-Daghestanian	Nakh	Eurasia	2				1	1	1	1	1
tuc	Tucano	Tucanoan	Tucanoan	South America	2				6		3	1	
tuk	Tukang Besi	Austronesian	Celebic	Papunesia	5	1	1	1	9	2	2	2	4
tul	Tulu	Dravidian	Dravidian	Eurasia					1	1	1	1	1
tum	Tumleo	Austronesian	Oceanic	Papunesia							2	2	2
tun	Tunica	Tunica	Tunica	North America	2	2	2	2	1	1	2		1
tur	Turkish	Altaic	Turkic	Eurasia	2	1	1	1	1	1	1	1	1
tus	Tuscarora	Iroquoian	Northern Iroquoian	North America	5				1				7
tuv	Tuvan	Altaic	Turkic	Eurasia	2				1	1	1		1
tuy	Tuyuca	Tucanoan	Tucanoan	South America					6			1	1
tvl	Tuvaluan	Austronesian	Oceanic	Papunesia		1	1	1	9	2	2	1	5
tvo	Tatar	Altaic	Turkic	Eurasia	2				1	1	1	1	1
tvt	Tutsa	Sino-Tibetan	Brahmaputran	Eurasia							3	2	
twe	Tarahumara (Western)	Uto-Aztecan	Tarahumaran	North America	2				1	1	1	1	1
twn	Tiwa (Northern)	Kiowa-Tanoan	Kiowa-Tanoan	North America	4				1				7
txj	Totonac (Xicotepec de Juárez)	Totonacan	Totonacan	North America	4					2	1		2
tye	Tyeraity	Northern Daly	Northern Daly	Australia						1			1
tzo	Tzotzil	Mayan	Mayan	North America	4					2			4
tzu	Tzutujil	Mayan	Mayan	North America	6				9	2	3	1	7
uby	Ubykh	Northwest Caucasian	Northwest Caucasian	Eurasia	4				6	1	1	1	1
udh	Udihe	Altaic	Tungusic	Eurasia						1	1		1
udi	Udi	Nakh-Daghestanian	Lezgic	Eurasia	2				1		1	1	1
udm	Udmurt	Uralic	Permic	Eurasia	2				1	1	1	1	1
uhi	Uradhi	Pama-Nyungan	Northern Pama-Nyungan	Australia	2	1	1	1	1	1	2		1
ukr	Ukrainian	Indo-European	Slavic	Eurasia	2	3	2	3	1		1	1	2
uld	Uldeme	Afro-Asiatic	Biu-Mandara	Africa	6				9	2	2	2	2
uli	Ulithian	Austronesian	Oceanic	Papunesia	1				9	1	2	1	2
una	Una	Trans-New Guinea	Mek	Papunesia	2	1	1	1	9	1	2	2	1
ung	Ungarinjin	Worrorran	Worrorran	Australia	1				6	3	2	2	5
ura	Ura	Austronesian	Oceanic	Papunesia						2	2	2	2
urd	Urdu	Indo-European	Indic	Eurasia	2				9	1	1	1	1
urk	Urubú-Kaapor	Tupian	Maweti-Guarani	South America	5	1	1	1		1	2	1	1
url	Urak Lawoi'	Austronesian	Malayo-Sumbawan	Eurasia	1				9	2	2	3	2
urn	Urarina	Urarina	Urarina	South America	2				9	1	2	1	5
urt	Urat	Torricelli	Urat	Papunesia	1				9	2	2	2	2
uru	Uru	Uru-Chipaya	Uru-Chipaya	South America					1		3		
usa	Usan	Trans-New Guinea	North Adelbert	Papunesia		1	1	1		1	2	2	1
usr	Usarufa	Trans-New Guinea	Gauwa	Papunesia	3				1	1	1	1	1
ute	Ute	Uto-Aztecan	Northern Uto-Aztecan	North America	2				1	1	2	1	7
uyg	Uyghur	Altaic	Turkic	Eurasia	2				1		1		1
uzb	Uzbek	Altaic	Turkic	Eurasia	2	1	1	1	1	1	1	1	1
vaf	Vafsi	Indo-European	Iranian	Eurasia						2	2	1	
vai	Vai	Mande	Western Mande	Africa	1				9	1	2	2	1
ven	Venda	Niger-Congo	Bantu	Africa							2	2	2
vie	Vietnamese	Austro-Asiatic	Vietic	Eurasia	1	1	1	1	9	2	2	1	2
vif	Vili	Niger-Congo	Bantu	Africa						2	2	2	
vnm	Vinmavis	Austronesian	Oceanic	Papunesia						2	2	2	2
wag	Wagiman	Wagiman	Wagiman	Australia	4				1		2	2	1
wah	Wahgi	Trans-New Guinea	Chimbu-Wahgi	Papunesia	2				1	1	2	2	1
wai	Wai Wai	Cariban	Cariban	South America						1			7
wak	Wakhi	Indo-European	Iranian	Eurasia	2				1	1	1	1	1
wal	Walman	Torricelli	West Palei	Papunesia	5				9	3	2	2	2
wam	Wambaya	Mirndi	Wambayan	Australia	2	4	2	2	1				7
wan	Wangkumara	Pama-Nyungan	Central Pama-Nyungan	Australia					1		3		7
wao	Waorani	Waorani	Waorani	South America	2					1	3		1
wap	Wappo	Wappo-Yukian	Wappo	North America	2				1	1	2	2	1
war	Wari'	Chapacura-Wanham	Chapacura-Wanham	South America	1	3	2	2	9	2		4	4
was	Washo	Washo	Washo	North America	3				1	1	1	1	1
wat	Watjarri	Pama-Nyungan	Western Pama-Nyungan	Australia	2	1	1	1	6	1	2	3	
wau	Waunana	Choco	Choco	South America	2				1				
way	Wayampi	Tupian	Maweti-Guarani	South America						1			1
wbn	Wambon	Trans-New Guinea	Dumut	Papunesia	2				6	1	2	3	1
wch	Wichí	Matacoan	Matacoan	South America	4				9	1	2	1	2
wec	Welsh (Colloquial)	Indo-European	Celtic	Eurasia									3
wed	Wedau	Austronesian	Oceanic	Papunesia	3				1	1	2		1
wel	Welsh	Indo-European	Celtic	Eurasia	2				9	2	2	1	3
wem	Wembawemba	Pama-Nyungan	Southeastern Pama-Nyungan	Australia	2				1	1	1		4
wic	Wichita	Caddoan	Northern Caddoan	North America	5	1	1	1	1		2	1	7
wik	Wikchamni	Penutian	Yokuts	North America	2				1	1	1		7
win	Wintu	Penutian	Wintuan	North America	2				1	1			7
wir	Wirangu	Pama-Nyungan	Central Pama-Nyungan	Australia					6				
wiy	Wiyot	Algic	Wiyot	North America	2				1	1	2		7
wlf	Wolof	Niger-Congo	Wolof	Africa	1				9	2	2	1	2
wlo	Wolio	Austronesian	Celebic	Papunesia	4				9	2	2	1	3
wlw	Warluwara	Pama-Nyungan	Western Pama-Nyungan	Australia									1
wly	Wolaytta	Afro-Asiatic	Ta-Ne-Omotic	Africa	2				1	1	1	1	1
wma	West Makian	North Halmaheran	North Halmaheran	Papunesia	6				9	1	2	2	2
wme	Wambule	Sino-Tibetan	Himalayish	Eurasia					6	1	1	1	1
wmu	Wik Munkan	Pama-Nyungan	Northern Pama-Nyungan	Australia	2				1	1	2	2	1
wn	Wik Ngathana	Pama-Nyungan	Northern Pama-Nyungan	Australia					1		2		6
wna	Wan	Mande	Eastern Mande	Africa						1	2	2	1
wog	Wogamusin	Sepik	Wogamusin-Chenapian	Papunesia					9	1	2		
woi	Woisika	Greater West Bomberai	Alor-Pantar	Papunesia						1	2	2	
wol	Woleaian	Austronesian	Oceanic	Papunesia	1				9	3	2	1	2
wom	Womo	Skou	Serra Hills	Papunesia					1	1	2		1
wra	Warao	Warao	Warao	South America	3	1	1	1		1	2	2	
wrb	Warrnambool	Pama-Nyungan	Southeastern Pama-Nyungan	Australia	2				1				
wrd	Wardaman	Yangmanic	Yangmanic	Australia	4	3	3	2	1	3	2	1	7
wrg	Warrgamay	Pama-Nyungan	Northern Pama-Nyungan	Australia	2				1				7
wrk	Warekena	Arawakan	Alto-Orinoco	South America	3				1	2	2	1	2
wrl	Warlpiri	Pama-Nyungan	Western Pama-Nyungan	Australia	2				1		2		7
wrm	Warembori	Austronesian	South Halmahera - West New Guinea	Papunesia						1	2		2
wrn	Warndarang	Mangarrayi-Maran	Mara	Australia	4				1	2			2
wrw	Warrwa	Nyulnyulan	Nyulnyulan	Australia	5				8	1	1	1	7
wry	Waray (in Australia)	Gunwinyguan	Western Gunwinyguan	Australia					6				2
wsk	Waskia	Trans-New Guinea	Kowan	Papunesia	2				9	1	2	2	1
wth	Wathawurrung	Pama-Nyungan	Southeastern Pama-Nyungan	Australia					1		2		4
wwa	Waama	Niger-Congo	Oti-Volta	Africa						1		2	2
wya	Wyandot	Iroquoian	Northern Iroquoian	North America									7
xam	/Xam	Tu	Tu	Africa						1	2	2	2
xar	Xârâcùù	Austronesian	Oceanic	Papunesia	1				9	3	1	1	2
xas	Xasonga	Mande	Western Mande	Africa	1				9	1	2	2	1
xav	Xavánte	Macro-Ge	Je Central	South America	5				9	1			
xbi	Kombio	Torricelli	Kombio-Arapesh	Papunesia	1				1	2	2	2	2
xer	Xerénte	Macro-Ge	Je Central	South America						1	2		1
xho	Xhosa	Niger-Congo	Bantu	Africa	6				2	2	2	2	2
xns	Kanashi	Sino-Tibetan	Bodic	Eurasia									1
xoo	!Xóõ	Tu	Tu	Africa						1	2		2
yag	Yagua	Peba-Yaguan	Peba-Yaguan	South America	2				1	1	2	1	7
yah	Yahgan	Yámana	Yámana	South America					1		1		1
yal	Yale (Kosarek)	Trans-New Guinea	Mek	Papunesia	2				6	1	2	2	1
yam	Yaminahua	Pano-Tacanan	Panoan	South America					1		2		1
yao	Yao (in Malawi)	Niger-Congo	Bantu	Africa							2		2
yap	Yapese	Austronesian	Yapese	Papunesia	1				9	2	2	1	3
yaq	Yaqui	Uto-Aztecan	Cahita	North America	2	1	1	1	1	1	1	1	1
yar	Yareba	Trans-New Guinea	Yareban	Papunesia	2				1	1	1	2	1
yay	Yay	Tai-Kadai	Kam-Tai	Eurasia						2	2	1	2
yaz	Yazgulyam	Indo-European	Iranian	Eurasia		2	2	2					
ybi	Yamphu	Sino-Tibetan	Himalayish	Eurasia						1	1		
ycn	Yucuna	Arawakan	Japura-Colombia	South America						1	1		2
yei	Yei	Yam	Yei	Papunesia						1		1	1
yel	Yelî Dnye	Yele	Yele	Papunesia		1	1	1		1	2	2	1
ygr	Yagaria	Trans-New Guinea	Siane-Yagaria	Papunesia	4				6	1	1	2	1
yi	Nuosu	Sino-Tibetan	Burmese-Lolo	Eurasia							2	2	
yid	Yidiny	Pama-Nyungan	Northern Pama-Nyungan	Australia	2	1	1	1	1	1	2	2	1
yim	Yimas	Ramu-Lower Sepik	Lower Sepik	Papunesia	4	5	2	3	1	1	3		
yin	Yindjibarndi	Pama-Nyungan	Western Pama-Nyungan	Australia	2				1	1	3	1	2
yiw	Yi (Wuding-Luquan)	Sino-Tibetan	Burmese-Lolo	Eurasia						1	2	2	1
yko	Yukaghir (Kolyma)	Yukaghir	Yukaghir	Eurasia	2	1	1	1	1	1	1	1	1
ykt	Yakut	Altaic	Turkic	Eurasia	2	1	1	1	1	1	1		1
ylb	Yulparija	Pama-Nyungan	Western Pama-Nyungan	Australia		1	1	1					
ylm	Yelmek	Bulaka River	Bulaka River	Papunesia						3		2	1
yng	Yingkarta	Pama-Nyungan	Western Pama-Nyungan	Australia	2				1		1	1	2
yns	Yansi	Niger-Congo	Bantu	Africa						2			
yny	Yanyuwa	Pama-Nyungan	Western Pama-Nyungan	Australia							1	1	
yok	Yokuts (Yaudanchi)	Penutian	Yokuts	North America	2				1	3	1	1	7
yor	Yoruba	Niger-Congo	Defoid	Africa	1	1	1	1	9	2	2	2	2
ypk	Yup'ik (Central)	Eskimo-Aleut	Eskimo	North America	2	1	1	1	1		3		7
yqy	Yaqay	Trans-New Guinea	Marind-Yaqay	Papunesia						1		2	1
yrm	Yurimangí	Yurimangí	Yurimangí	South America						1	2		
ytu	Yukaghir (Tundra)	Yukaghir	Yukaghir	Eurasia	2				1	1	1	1	1
yuc	Yuchi	Yuchi	Yuchi	North America	4				1	1	2	2	1
yuk	Yukulta	Tangkic	Tangkic	Australia	2				1	1	1		2
yul	Yulu	Central Sudanic	Bongo-Bagirmi	Africa	4				9	2	2	2	2
yur	Yurok	Algic	Yurok	North America	3	1	1	1	1	1	1	1	7
yus	Yupik (Siberian)	Eskimo-Aleut	Eskimo	Eurasia						1			7
yuw	Yuwaalaraay	Pama-Nyungan	Southeastern Pama-Nyungan	Australia	2				1	3	1		1
ywl	Yawelmani	Penutian	Yokuts	North America	2				1				7
ywr	Yawuru	Nyulnyulan	Nyulnyulan	Australia					8	2	1		7
yyg	Yaygir	Pama-Nyungan	Southeastern Pama-Nyungan	Australia					1	1			
zag	Beria	Saharan	Eastern Saharan	Africa	3				6	3	2	2	1
zai	Zapotec (Isthmus)	Oto-Manguean	Zapotecan	North America	4				9	2	2	1	3
zan	Zande	Niger-Congo	Ubangi	Africa	4	4	2	2	1	3	1	2	2
zap	Zapotec (Mitla)	Oto-Manguean	Zapotecan	North America	4				2	2	2	1	3
zar	Zarma	Songhay	Songhay	Africa						1	2	2	7
zay	Zayse	Afro-Asiatic	Ta-Ne-Omotic	Africa	2				1	1	1	1	1
zaz	Zazaki	Indo-European	Iranian	Eurasia							2	1	1
zch	Zoque (Chimalapa)	Mixe-Zoque	Mixe-Zoque	North America						1	1	1	2
zen	Zenaga	Afro-Asiatic	Berber	Africa						2		1	
zhn	Zhuang (Northern)	Tai-Kadai	Kam-Tai	Eurasia	1				9			1	2
zim	Zimakani	Trans-New Guinea	Boazi	Papunesia									1
zpr	Zaparo	Zaparoan	Zaparoan	South America	3				1	1			2
zqc	Zoque (Copainalá)	Mixe-Zoque	Mixe-Zoque	North America	4	1	1	1	1	1	1		4
zqo	Zoque (Ostuacan)	Mixe-Zoque	Mixe-Zoque	North America	4				1				7
zqs	Popoluca (Sierra)	Mixe-Zoque	Mixe-Zoque	North America	4				1	1			2
zul	Zulu	Niger-Congo	Bantu	Africa	6	5	3	3	2	2	2		2
zun	Zuni	Zuni	Zuni	North America		1	1	1	1	1	2	1	1
zya	Zapotec (Yatzachi)	Oto-Manguean	Zapotecan	North America						2	2	1	
zzo	Zapotec (Zoogocho)	Oto-Manguean	Zapotecan	North America	4				9		2	1	3
